sha256,filename,file_size_mb,domain,confidence,priority_score,title,authors,year,publisher,is_book,r2_isbns,r2_ol_title,r2_ol_found,r2_classification_domain,r2_classification_confidence,r2_classification_method,r2_chars_extracted,r2_extractable,r2_has_toc,r2_content_fingerprint,reclassified_as_book,duplicate_group,r2_dedup_is_best_copy
dff785a77afa960c05fb8a77b54bc7bcc0054ce587bb87bc83de5a8445fb66e3,"compressed_(Adaptive Computation and Machine Learning series) Daphne Koller, Nir Friedman - Probabilistic Graphical Models_ Principles and Techniques-The MIT Press (2009).pdf",13.45,machine_learning,high,80,Probabilistic Graphical Models: Principles and Techniques,Daphne Koller; Nir Friedman,2009,,False,,,,machine_learning,high,keyword_text,2531,True,False,09811fbab0eb4889,False,fuzzy_dup_391,True
758035d9be7da8066a2f9e5862ae3db7e561165a3d6c30def0a0ff17c2ff8422,070696453.pdf,0.55,dynamical_systems,medium,50,"Periodic Solutions in Hamiltonian Systems, Averaging, and the Lunar Problem | SIAM Journal on Applied Dynamical Systems | Vol. 7, No. 2 | Society for Industrial and Applied Mathematics",Patricia Yanguas; Jesús F. Palacián; Kenneth R. Meyer; H. Scott Dumas,,,False,,,,dynamical_systems,low,keyword_text,16788,True,False,b0348a778d0323aa,False,,True
adc01e5334b09ca13857bca0a929ef9d28ffa7557f5582b6e2be8b03e2eb4b99,100807673.pdf,1.13,dynamical_systems,medium,50,"Geometric Averaging of Hamiltonian Systems: Periodic Solutions, Stability, and KAM Tori | SIAM Journal on Applied Dynamical Systems | Vol. 10, No. 3 | Society for Industrial and Applied Mathematics",Kenneth R. Meyer; Jesús F. Palacián; Patricia Yanguas,,,False,,,,physics,medium,keyword_text,16594,True,False,99abe5e2e25d2043,False,,True
de7456e3fd3f1e0ea24870ae6a8e73615baaf2199ae62a0a15e35fadadbd70fb,Ben Piper David Clinton - AWS Certified Solutions Architect Study Guide_ Associate SAA-C03 Exam-Wiley 2022.pdf,14.22,unclassified,unclassified,50,AWS Certified Solutions Architect Study Guide,Clinton; David; Piper; Ben,2022,,False,,,,,,,204,True,False,1c636285fdb765be,False,fuzzy_dup_411,True
b1c297dc48edaa2bfee34896c3869be830ee640e39b753c8631fdf63c96c7b3d,Chaos Solitons Fractals Volume 57 issue 2013 doi 1010162Fjchaos201309003 Guirao Juan LG Llibre Jaume Vera Juan A -- Periodic orbits of Hamiltonian systems- Applications to perturbed.pdf,0.32,dynamical_systems,high,50,Periodic orbits of Hamiltonian systems: Applications to perturbed Kepler problems,Juan L.G. Guirao,2013,,False,,,,physics,medium,keyword_text,22927,True,False,e9c61834210e2189,False,,True
fed8847c974ca4b46d8eb3a6f03447f377d4803de394620ce514c9fed0b7cd2e,"Ecological Complexity Volume issue 2018 [doi 10.1016%2Fj.ecocom.2018.07.008] Lee, Ju-Sung; Filatova, Tatiana -- Dimension reduction of multivariate outputs of socio-environmental agent-based models.pdf",0.83,mathematics,high,50,Dimension reduction of multivariate outputs of socio-environmental agent-based models,Ju-Sung Lee,2018,,False,,,,,,,34727,True,False,1a64ae0712845f34,False,,True
49629b1d1b661e909fc86ce7a4161ca0846a507f0eb8145656ca5540ad331f9d,Journal of Applied Mechanics Volume 51 issue 2 1984 doi 1011152F13167631 Hyams M R Month L A -- The Origin of Stability Indeterminacy in a Symmetric Hamiltonian.pdf,0.5,dynamical_systems,high,50,The Origin of Stability Indeterminacy in a Symmetric Hamiltonian,,1984,,False,,,,dynamical_systems,high,keyword_text,16615,True,False,dc0375e759194a34,False,,True
73b60678ce74b5ccb12d06c45d197b4d97d0a2f1b4579d2e95d34ced626bc14b,Matheus Arrais Rene Martinez Bravet Leonardo Ciccone Angie Nobre Cocharero Ãrika Kurauchi Hugo Rozestraten - AWS Certified Database Study Guide Specialty DBS- C01 Exam-Sybex 2023 3.pdf,12.53,unclassified,unclassified,50,AWS Certified Database Study Guide,Arrais; Matheus; Bravet; Rene Martinez; Ciccone; Leonardo; Cocharero; Angie Nobre; Kurauchi; Erika; Rozestraten; Hugo,2023,,False,,,,,,,4160,True,False,f432a2b6813f869a,False,,True
95a81e7a6f1474bbbfcfad166298138c14b632852e16231df61a2928dfec758a,compressed_(Texts in Applied Mathematics) Stephen Wiggins - Introduction to Applied Nonlinear Dynamical Systems and Chaos-Springer (2003).pdf,25.47,dynamical_systems,medium,50,compressed_(Texts in Applied Mathematics) Stephen Wiggins - Introduction to Applied Nonlinear Dynamical Systems and Chaos-Springer,,2003,,False,,,,dynamical_systems,low,keyword_text,2344,True,False,6d9bd3f9d48ece02,False,,True
561ad1f1d5d0d52d67ba2a9569c8eb7d265b81a4e460ec54ad008c1e61a9b3a1,Griffiths_CEM_Lancet_2015.pdf,0.39,mathematics,low,45,Griffiths_CEM_Lancet_2015,Prof Christopher E M Griffiths MD,,,False,,,,,,,25916,True,False,0bbce5b7d5418e30,False,,True
5d9cda0b5615a3aa53b63c074bcc2de4eac931d2d2c87fbf917a907f9a5fb2e9,Journal of Mathematical Analysis and Applications Volume 367 issue 1 2010 doi 1010162Fjjmaa201001027 Xiaoping Wang -- Stability criteria for linear periodic Hamiltonian systems.pdf,0.15,dynamical_systems,low,45,Stability criteria for linear periodic Hamiltonian systems,Xiaoping Wang,2010,,False,,,,dynamical_systems,low,keyword_text,9398,True,False,962310d7d0a58fd1,False,,True
d4b54728a6b3a280704659257dd88efba454573b19e4c95898c218ab9f9cbf8f,Vladimir Zatsiorsky William Kraemer-Science and Practice of Strength Training Second Edition 2006.pdf.pdf,37.85,fitness,low,45,"Science and Practice of Strength Training, Second Edition",Vladimir M. Zatsiorsky; William J. Kraemer,2006,,False,,,,,,,1455,True,False,be1bf52c8c496d45,False,,True
c16e1133bacd9f77118528d032fce2d81e2c2d1eca68132ede4cdfd326bfff25,SIAM Journal on Applied Dynamical Systems Volume 17 issue 1 2018 doi 1011372F17M1113990 Galán Jorge Nún͂ez Daniel Rivera Andrés -- Quantitative Stability of Certain Families of Periodic Solut.pdf,0.53,dynamical_systems,low,40,SIAM Journal on Applied Dynamical Systems Volume 17 issue 1 2018 doi 1011372F17M1113990 Galán Jorge Nún͂ez Daniel Rivera Andrés -- Quantitative Stability of Certain Families of Periodic Solut,Jorge Galán; Daniel Nún͂ez; Andrés Rivera,2018,,False,,,,,,,13478,True,False,2d492799fb849a47,False,,True
79eebd6ed766bf90439b7e17b55a2f89d8340af1921296e44c1f60f7d2825dbc,SIAM Journal on Applied Dynamical Systems Volume 7 issue 2 2008 doi 1011372F070695253 Llibre Jaume Ortega Rafael -- On the Families of Periodic Orbits of the Sitnikov Problem.pdf,0.24,dynamical_systems,medium,40,On the Families of Periodic Orbits of the Sitnikov Problem,Jaume Llibre; Rafael Ortega,2008,,False,,,,,,,13280,True,False,fc59fb29a9906458,False,,True
a110f957daddaf78bfa7c51dbc15adedb8c75fbd691425e10f4c7b14f2a79b0f,"SIAM Journal on Applied Mathematics Volume 62 issue 2 2001 [doi 10.1137%2Fs0036139900373836] Haberman, Richard -- Slow Passage Through the Nonhyperbolic Homoclinic Orbit Associated with a Subcritical .pdf",0.27,dynamical_systems,high,40,"SIAM Journal on Applied Mathematics Volume 62 issue 2 2001 [doi 10.1137%2Fs0036139900373836] Haberman, Richard -- Slow Passage Through the Nonhyperbolic Homoclinic Orbit Associated with a Subcritical",Richard Haberman,2001,,False,,,,dynamical_systems,medium,keyword_text,17080,True,False,ba44d2495ea2835e,False,,True
92073b358c6aaac21441f53fe1f2c35d9a30614ac96ab195a6649213d2e18115,gabern-koon-marsden-ross-2005.pdf,0.66,unclassified,unclassified,40,gabern-koon-marsden-ross-2005,,2005,,False,,,,,,,14931,True,False,294e6bd8387068e7,False,,True
340e1721f016cb947e350188e1d1c340acaf96ca8adfb374c39319c2355b02d7,1010072Fs10569-018-9825-9.pdf,0.76,dynamical_systems,low,35,1010072Fs10569-018-9825-9,Mauricio Misquero,,,False,,,,,,,14663,True,False,0f2e9ab8ee2b49a5,False,,True
b1362768f9ca16d191ae5d7f1d7aa92035ec354836ad66d9851b71f5132fa9d8,1010072Fs10884-016-9533-7.pdf,0.67,mathematics,medium,35,1010072Fs10884-016-9533-7,Lúcia Brandão Dias,,,False,,,,dynamical_systems,low,keyword_text,10093,True,False,91a594d1217e3ef1,False,,True
db267a50bc17a561600cd0db91aa4d5b4d288a94ef9cb3a2acb1b84b0fcac55b,About_CBT_Practice_Exams_S2025.pdf,0.07,unclassified,unclassified,35,About_CBT_Practice_Exams_S2025,Eddie Smith,,,False,,,,,,,1725,True,False,ed4f9ac59347c7dc,False,,True
370a38c7fb08aa8bfa85f0238f8acf53273933d10fa7bb27850998467200ec04,"Behavioural Brain Research Volume issue 2019 [doi 10.1016_j.bbr.2019.112062] Budylin, Tatyana; Guariglia, Sara R.; Duran, Leah I.; Behring, B -- Ultrasonic Vocalization Sex Differences in 5-HT-R Def.pdf",0.9,unclassified,unclassified,35,"Behavioural Brain Research Volume issue 2019 [doi 10.1016_j.bbr.2019.112062] Budylin, Tatyana; Guariglia, Sara R.; Duran, Leah I.; Behring, B -- Ultrasonic Vocalization Sex Differences in 5-HT-R Def",Tatyana Budylin,2019,,False,,,,,,,9958,True,False,d6b2b690508f2437,False,,True
7f1e6f9bdc246142878c6c977c8319555bff7e946e9fd6b0aa1e48770ce7664a,European Journal of Mechanics - A_Solids Volume 28 issue 4 2009 doi 1010162Fjeuromechsol200812007 Yong-Chen Pei -- Stability boundaries of a spinning rotor with parametrically excited gyroscop.pdf,0.26,unclassified,unclassified,35,Stability boundaries of a spinning rotor with parametrically excited gyroscopic system,Yong-Chen Pei,2009,,False,,,,,,,26199,True,False,d98df85d4811d7e0,False,,True
8ec571bdbaef298f356beccdc00bc752b1f8b7557902fc6984044be39071ba29,International Journal of Bifurcation and Chaos Volume 9 issue 5 1999 doi 1011422FS0218127499000602 VOYATZIS GEORGE ICHTIAROGLOU SIMOS -- DEGENERATE BIFURCATIONS OF RESONANT TORI IN HAMILTONIAN .pdf,0.64,dynamical_systems,high,35,DEGENERATE BIFURCATIONS OF RESONANT TORI IN HAMILTONIAN SYSTEMS,GEORGE VOYATZIS; SIMOS ICHTIAROGLOU,1999,,False,,,,dynamical_systems,low,keyword_text,19774,True,False,cbc6fdcdb125ac22,False,,True
29fb81217b9d1b73ddcdbc64c7e787b6ff3529b657a9105ee33e6c8f46ce31e5,International Journal of Non-Linear Mechanics Volume 90 issue 2017 doi 1010162Fjijnonlinmec201612017 Baenas Tomás Escapa Alberto Ferrándiz José M Getino J -- Application of first-order.pdf,0.59,dynamical_systems,medium,35,Application of first-order canonical perturbation method with dissipative Hori-like kernel,Tomás Baenas,2017,,False,,,,dynamical_systems,medium,keyword_text,33860,True,False,1034354887d1dbc0,False,,True
9e2f7f5ac6dde2c9b95bf5d579b009780016e28abf19941e3e6c80f3048b8d46,Journal of Differential Equations Volume 252 issue 10 2012 doi 1010162Fjjde201201044 C García-Azpeitia J Ize -- Bifurcation of periodic solutions from a ring configuration in the vortex and.pdf,0.23,dynamical_systems,high,35,Bifurcation of periodic solutions from a ring configuration in the vortex and filament problems,C. García-Azpeitia,2012,,False,,,,dynamical_systems,medium,keyword_text,14518,True,False,bff5593cbf7ef3db,False,,True
0c5e201127f59bba9b7f1562e990b99bfd7ef8e09331cb69082799d94253ef06,L. Ya. Adrianova-Introduction to Linear Systems of Differential Equations (Translations of Mathematical Monographs)-American Mathematical Society (1995).pdf.pdf,2.0,mathematics,high,35,Introduction to Linear Systems of Differential Equations (Translations of Mathematical Monographs),L. Ya. Adrianova,1995,American Mathematical Society,False,,,,mathematics,low,keyword_text,6230,True,False,d819f7b4ac2dc47e,False,fuzzy_dup_432,True
533b7f2145fe1661c17aa5a51b36c013fb612eac41f1066476450bc1777034f9,Nadini2020_Article_DetectingNetworkBackbonesAgain.pdf,0.91,dynamical_systems,high,35,Nadini2020_Article_DetectingNetworkBackbonesAgain,Matthieu Nadini,,,False,,,,,,,19247,True,False,413058e1a9443efa,False,,True
75defb24aca386a60aba0b4db0f9d8e558f50fe75ff6018cffac3274625e1a0c,Physical Review A Volume 45 issue 3 1992 doi 1011032FPhysRevA451746 Mao J-M Delos J B -- Hamiltonian bifurcation theory of closed orbits in the diamagnetic Kepler problem.pdf,0.67,dynamical_systems,high,35,Hamiltonian bifurcation theory of closed orbits in the diamagnetic Kepler problem,J.-M. Mao; J. B. Delos,1992,,False,,,,dynamical_systems,low,keyword_text,22906,True,False,79f9910ee5629dbf,False,,True
f8473383ad90dd3266157711bffb75d070022751266c52e2a4c361ecd1cd35e5,Physics Letters A Volume issue 2018 doi 1010162Fjphysleta201811008 Sadovskií Dmitrií A Zhilinskií Boris I -- Monodromy in non-integrable systems on certain compact classical phase spaces.pdf,0.55,mathematics,low,35,Monodromy in non-integrable systems on certain compact classical phase spaces,Dmitrií A. Sadovskií,2018,,False,,,,,,,34548,True,False,7f72cb5ded40d6d3,False,,True
60d3c03fa5a82503dbbfb2c85fbf54ad69e0149f1b624b51e4786446d165dcbc,Porter2020_Chapter_NonlinearityNetworksA2020Visio.pdf,0.51,unclassified,unclassified,35,Porter2020_Chapter_NonlinearityNetworksA2020Visio,Mason A. Porter,,,False,,,,,,,13402,True,False,da159e7bc4c0f06e,False,,True
0075b46664c4154993fbc6ce88d26113aa60c4c40ad268347716e145e0bb4ddc,Roberts2018_Article_MorseTheoryANdRelativeEquilibr.pdf,0.59,dynamical_systems,low,35,Roberts2018_Article_MorseTheoryANdRelativeEquilibr,Gareth E. Roberts,,,False,,,,,,,13547,True,False,a2e42f7accfea57e,False,,True
f7c7ed3e7db6b2e4ff83ff423c61c166d730791fc4f13a1107372480cf1678e0,Springer Ebooks.pdf,0.68,unclassified,unclassified,35,Springer Ebooks,Apache POI,,,False,,,,,,,14214,True,False,e6f02318a53552f7,False,,True
d1e293855ebfe09e2833225474903fd5c0142c64eaa3167cbd3abdc65cd6e602,Springer Texts in Statistics Robert H Shumway David S Stoffer - Time Series Analysis and Its Applications Instructors Solution Manual Solutions-Springer 2017.pdf,0.84,deep_learning,low,35,Springer Texts in Statistics Robert H Shumway David S Stoffer - Time Series Analysis and Its Applications Instructors Solution Manual Solutions-Springer 2017,,2017,,False,,,,time_series,low,keyword_text,6210,True,False,b35a3ed27e80092d,False,,True
044930b55bc33fc1766e9c1c3e6bba17fdb2ebbb14f86582803db69237b4ae15,Venkatraman2017_Article_PeriodicOrbitsOfGrossPitaevski.pdf,0.89,dynamical_systems,high,35,Venkatraman2017_Article_PeriodicOrbitsOfGrossPitaevski,Raghavendra Venkatraman,,,False,,,,,,,13749,True,False,94fd4b13ddf6a5c7,False,,True
a0b3e9cf94efe10519a92ff784759475119ee95753d4990d5dcca6a85c890b7e,compressed_(Cambridge Monographs on Applied and Computational Mathematics) Bengt Fornberg - A Practical Guide to Pseudospectral Methods-Cambridge University Press (1996).pdf,8.26,numerical_methods,low,35,compressed_(Cambridge Monographs on Applied and Computational Mathematics) Bengt Fornberg - A Practical Guide to Pseudospectral Methods-Cambridge University Press,,1996,,False,,,,,,,1860,True,False,69eb83be4f4f9043,False,,True
19fb7bec48d2ddc5994141f113203411856221681c2e0262c904e6570a55386a,s44192-023-00035-4.pdf,0.83,unclassified,unclassified,35,s44192-023-00035-4,R. Bhagar,,Springer,False,,,,,,,14969,True,False,a625a70e53cc5f7e,False,,True
71eec3709518580bba116c558743df69ae5b92e8b76dbc8e4afa54b154692fd6,"Introduction to Hilbert Spaces with Applications,Third Edition.pdf.pdf",2.83,analysis,medium,30,"Introduction to Hilbert Spaces with Applications,Third Edition.pdf",,,,False,,,,analysis,medium,claude_code,1658,True,False,180d29624d0999bc,False,hash_dup_258,True
b72f8ade62d9e4f7af307636240462afbe9d34a8bf514f7fae6f03432f57e5e6,03-kolmogorov_equations.pdf,0.07,unclassified,unclassified,30,03-kolmogorov_equations,Ashutosh Bharambe,,,False,,,,,,,7485,True,False,a174c762e7ef5cd8,False,,True
f8cf83f0fe0422cafa887719329a1a6181245fdd20c13d1ad5181bcb86d0e121,070696453 1.pdf,0.55,dynamical_systems,medium,30,070696453 1,Patricia Yanguas; Jesús F. Palacián; Kenneth R. Meyer; H. Scott Dumas,,,False,,,,dynamical_systems,low,keyword_text,16788,True,False,53585f25eb93c161,False,,True
12318b53611cf7d035bd3d2b650656eed78d703c0e3f2706f5f0acbba7d0a7c0,1-s2-0-s0096300319308367-main.pdf,0.79,dynamical_systems,low,30,1-s2-0-s0096300319308367-main,M. Hajiketabi,,,False,,,,,,,17275,True,False,15a6d0d81aee0816,False,,True
d011e2b67b61e96e2734f4f314dc96ff4e37ed585fdb17e4dfea9791518271d3,1-s2.0-S0370269313007983-main.pdf,0.4,unclassified,unclassified,30,1-s2.0-S0370269313007983-main,Marcelo Gleiser,,,False,,,,,,,18226,True,False,80281ff5bcbeaa38,False,,True
b9ca3f8ae0d3f3e9231b12c6df358f4a489a7aa019dc574d6ad73dbc52f2c7ec,1-s2.0-S0375960119308631-main.pdf,0.62,mathematics,low,30,1-s2.0-S0375960119308631-main,Yongwang Gong,,,False,,,,,,,23663,True,False,25c92b4f25b5c2d0,False,,True
6105cad4f0d7397b224fddb63add486cd45993e3c9f65f1486d054562cd9da90,1-s2.0-S0378437115003246-main.pdf,0.85,unclassified,unclassified,30,1-s2.0-S0378437115003246-main,Dun Han,,,False,,,,,,,20233,True,False,e19042da4629642a,False,,True
d995fd3a418f771c8db8f64c2d362d8b7943c7309bb5256ce6c42d97f7a82e05,1-s2.0-S1473309914710746-main.pdf,0.44,mathematics,low,30,1-s2.0-S1473309914710746-main,Stefano Merler MS,,,False,,,,,,,26367,True,False,30d351c832e1d7de,False,,True
cadb07c361c7108fcdc9b67a722667cb5689bd5c74a8adaf82b962fc14fca2b5,1-s20-S0001870809002345-main.pdf,0.23,physics,medium,30,1-s20-S0001870809002345-main,Xijun Hu; Shanzhong Sun,,,False,,,,physics,medium,keyword_text,14237,True,False,79fedd79ee210f3b,False,,True
3deebdf39a23268f611fe16bf43acab56d4e41c260b915f734d07fecbec88ad2,1-s20-S0022039608004907-main.pdf,0.18,mathematics,low,30,1-s20-S0022039608004907-main,Jifeng Chu; Jinzhi Lei; Meirong Zhang,,,False,,,,mathematics,low,keyword_text,11222,True,False,cba9f9d0d517edee,False,,True
4277923c9463a81e9a1ce884c03788caa6f071f7b1256c2806b1b3d319c40064,1-s20-S0022039611001094-main.pdf,0.22,dynamical_systems,high,30,1-s20-S0022039611001094-main,Zhifu Xie,,,False,,,,dynamical_systems,low,keyword_text,13700,True,False,8fb3c708cecb25eb,False,,True
8ffb39be4251cbf3325ae816eda214dcb0f6b0c060707fe3ca376b953be188e9,1-s20-S0022039611003032-main.pdf,0.23,dynamical_systems,high,30,1-s20-S0022039611003032-main,Xian-Hua Tang,,,False,,,,physics,low,keyword_text,9750,True,False,678a22f1be2c08cf,False,,True
d6da04a186c8389cd9f27033850561c0b4e2868b8d9b180718fe4717cd2701ed,1-s20-S0022039611004682-main.pdf,0.45,mathematics,medium,30,1-s20-S0022039611004682-main,Cheng-Hsiung Hsu,,,False,,,,mathematics,low,keyword_text,14095,True,False,135a0cf3c74b176e,False,,True
78b9742afba31c1687c96053dece5ba1e10ae371edbff534eba9b9d1cdb206ba,1-s20-S0022123611002874-main.pdf,0.25,dynamical_systems,medium,30,1-s20-S0022123611002874-main,Xijun Hu,,,False,,,,linear_algebra,medium,keyword_text,13108,True,False,e19d7ed42517bcc3,False,,True
624f30f26802e97a980ffce2b4c626cdf116b1dbe97980b50bda36571e640c75,1-s20-S016727891400178X-main.pdf,0.59,dynamical_systems,medium,30,1-s20-S016727891400178X-main,Pietro-Luciano Buono,,,False,,,,dynamical_systems,low,keyword_text,26133,True,False,c482dd947cba5011,False,,True
0bd6781d7925348c48c70e69ec682b3a79a4235ebe715c0e242240924e7a9796,1-s20-S0307904X11000588-main.pdf,0.19,mathematics,medium,30,1-s20-S0307904X11000588-main,N. Taghizadeh,,,False,,,,mathematics,medium,keyword_text,12908,True,False,0076061f136e339f,False,,True
a3ef0ba9b56ee86566c2f893045135bfdd105b2bb2577ebf26d92c19271ea678,1-s20-S1474667017388705-main.pdf,0.71,dynamical_systems,high,30,1-s20-S1474667017388705-main,F.J. Muñoz-Almaraz,,,False,,,,dynamical_systems,low,keyword_text,20105,True,False,d66703e62ed45ad1,False,,True
b15b734c0eaa0ed8253dd27144861d4dbd8a6b321490b47572579be32353b380,1010162Fjcrma200901011.pdf,0.12,dynamical_systems,low,30,1010162Fjcrma200901011,Hugo Jiménez Pérez; Ernesto A. Lacomba,,,False,,,,,,,11492,True,False,6512e2afc43bf912,False,,True
3ac217f8817236a625ecacfb2d1ee2dc3d5eaee24e21779b849815c5859019fd,2023-exam-astam-21-23.pdf,10.95,unclassified,unclassified,30,2023-exam-astam-21-23,Society of Actuaries,2023,,False,,,,,,,2759,True,False,164ceda21e5ca3ff,False,,True
7309361f684613588faf532b9347e4ca877874caa0725e0a972d0375ec83ba40,240201785v1.pdf,0.49,causal_inference,medium,30,240201785v1,Sven Klaassen; Jan Teichert-Kluge; Philipp Bach; Victor Chernozhukov; Martin Spindler; Suhas Vijaykumar,,,False,,,,causal_inference,medium,keyword_text,23800,True,False,aa7048df9720f166,False,,True
f7bd54a5334aec1ad7de2f861b3a8aac87e02c8d8fb13b1dbafa962341604362,349.pdf,0.37,machine_learning,low,30,Unachievable Region in Precision-Recall Spaceand Its Effect on Empirical Evaluation,Kendrick Boyd; Vítor Santos Costa; Jesse Davis; C. David Page,,,False,,,,machine_learning,low,keyword_text,20133,True,False,d8c3cf86dc20e16c,False,,True
6c2ec98b5f0ff96a905ec67a56be719b082ace9da4e030b7bd372700eb66403e,ALOT.pdf,0.83,dynamical_systems,medium,30,A harmonic-based method for computing the stability of periodic solutions of dynamical systems,Arnaud Lazarus; Olivier Thomas,,,False,,,,dynamical_systems,medium,keyword_text,15950,True,False,1042a0fcbf06896b,False,fuzzy_dup_404,True
6d0a7a5d10c5f87cb0e061103ac13b36e05f0560112de683caca5cb0e52cfc0f,ASME2010OTALCT.pdf,0.7,unclassified,unclassified,30,ASME2010OTALCT,Olivier Thomas; Arnaud Lazarus; Cyril Touzé,,,False,,,,,,,17881,True,False,2fe28ea57e6ffbeb,False,,True
a4ea996594ac090a8dcd4ea5f791d7f1cee4d94f131797bb78882c46f4569162,About_CBT_Practice_Exams_F2024_v2.pdf,0.07,unclassified,unclassified,30,About_CBT_Practice_Exams_F2024_v2,Eddie Smith,,,False,,,,,,,1712,True,False,39155dd7e0d6b150,False,,True
10931dd26e0516acccb73fc47e2037352d5aa2e457047d076b3329e14ec6c40c,Archive for Rational Mechanics and Analysis Volume issue 2018 doi 1010072Fs00205-018-1300-y Wang Qun -- Relative Periodic Solutions of the N-Vortex Problem Via the Variational Method.pdf,0.99,dynamical_systems,low,30,Archive for Rational Mechanics and Analysis Volume issue 2018 doi 1010072Fs00205-018-1300-y Wang Qun -- Relative Periodic Solutions of the N-Vortex Problem Via the Variational Method,,2018,,False,,,,physics,low,keyword_text,8532,True,False,917f43d14ddc36c0,False,,True
b427093dc9cf9a0c50f0d9d52a0b8d23aae901242e2714cffd68af099c58498d,Comptes Rendus Mécanique Volume 338 issue 9 2010 doi 1010162Fjcrme201007020 Arnaud Lazarus Olivier Thomas -- A harmonic-based method for computing the stability of periodic solutions of dynam.pdf,0.62,dynamical_systems,low,30,A harmonic-based method for computing the stability of periodic solutions of dynamical systems,Arnaud Lazarus,2010,,False,,,,dynamical_systems,low,keyword_text,19449,True,False,792d28826aae3167,False,fuzzy_dup_404,True
e77276a6f978c0a0f9d995f4b3759f973cba5793510221b4e5de94b630dadf42,Floquet_instability_of_a_gravity_modulated_Rayleig.pdf,0.49,unclassified,unclassified,30,Floquet_instability_of_a_gravity_modulated_Rayleig,S. Saravanan; A. Purusothaman,,,False,,,,,,,20637,True,False,cfb28094969bdebf,False,,True
27165c0b50247b8499d1652c91d9f96cec0c9685e05469e82a98270cff4bd607,PIIS0889540621006971.pdf,0.18,unclassified,unclassified,30,PIIS0889540621006971,Christos Christogiannis,,,False,,,,,,,15383,True,False,8390793c81387654,False,,True
637eea133a9b2f86ca4e0bd19eaf4cf127605fc2a3766f508ca72af791b5503f,Periodic_Solutions_in_Hamiltonian_Systems_Averagin.pdf,0.64,dynamical_systems,low,30,Periodic_Solutions_in_Hamiltonian_Systems_Averagin,owner,,,False,,,,dynamical_systems,low,keyword_text,16494,True,False,753a91d13bf7618e,False,,True
edc56354fab17558a2be7d4e33f318ecdf8c9869400fb142116881b4762b2d08,Perturbations-Theory-and-Methods-Classics-in-Applied-Mathematics-.pdf.pdf,54.42,dynamical_systems,low,30,Perturbations-Theory-and-Methods-Classics-in-Applied-Mathematics-.pdf,,,,False,,,,rag_llm,low,keyword_text,2984,True,False,f8b13895abcd9710,False,,True
66884b0774a6058b11eba1977e74e0be5a340c0770dba6acd7c678e225338ecc,Physica D- Nonlinear Phenomena Volume 8 issue 1-2 1983 doi 1010162F0167-278928832990314-7 G Contopoulos -- Infinite bifurcations gaps and bubbles in Hamiltonian systems.pdf,1.0,dynamical_systems,high,30,PII: 0167-2789(83)90314-7,,1983,,False,,,,dynamical_systems,high,keyword_text,16812,True,False,e13c20f831f5c9a9,False,,True
742540405385e8eeb56fcdf11d095dbced8b62abc518742ca5ff46a0af7ea288,SSRN-id3714750.pdf,0.36,unclassified,unclassified,30,SSRN-id3714750,Cass Sunstein,,,False,,,,,,,15981,True,False,712e41d3deb30908,False,,True
8ab1a2c0b9d0cd0280e663e464147abed8e0b1e19ea4bfae36657cce3c245a02,Sidhartha Chauhan - Aws Certified Advanced Networking Official Study Guide_ Specialty Exam-Sybex 2018.pdf,8.64,unclassified,unclassified,30,AWS Certified Advanced Networking Official Study Guide,Sidhartha Chauhan; James Devine; Alan Halachmi; Matt Lehwess; Nick Matthews; Steve Morad; Steve Seymour,2018,,False,,,,,,,242,True,False,457a4520c5554434,False,,True
ca0efff92a4c55d03f2d3b71a2f48739632a6e014dd7e77aa671739e7199e9a5,Stability_of_equilibrium_solutions_of_autonomous_a.pdf,0.33,dynamical_systems,high,30,Stability_of_equilibrium_solutions_of_autonomous_a,F. dos Santos,,,False,,,,dynamical_systems,low,keyword_text,13042,True,False,ba5e32b48d5ac855,False,,True
d56cf950f0b80f438d9c7f90e6ed7e4bbd7adfeebaa1c2b8b0b62d15145e0127,Takeshita_J_JAAD_2014.pdf,0.13,unclassified,unclassified,30,Takeshita_J_JAAD_2014,Junko Takeshita MD PhD,,,False,,,,,,,21749,True,False,87b7dbbaab31eff0,False,,True
0bc2fee735b55903b24fc4ab2be2ff3ef7ac7795335b2d1f13bb41f4d08ef03c,Upper-Lower-Hypertrophy-1.pdf,0.98,unclassified,unclassified,30,Upper-Lower-Hypertrophy-1,Lee Baker,,,False,,,,,,,15645,True,False,2a64f8d9982809e5,False,,True
5ace60143154b93d10c0d329d31402ee831ac70205c9d87ad1b5b28e2b50d4e7,arb_intro.pdf,0.12,finance,medium,30,Financial Engineering and Risk Management - Introduction to no-arbitrage,Martin Haugh  Garud Iyengar,,,False,,,,,,,2348,True,False,c2a7e9aea69d4027,False,,True
8840bfd257ea3b0ae66d75180fc6ff816708afac15eca79d39e28b3af60e38dd,chu-wang-jde2016.pdf,0.33,mathematics,medium,30,chu-wang-jde2016,Jifeng Chu,,,False,,,,,,,9600,True,False,1544db51fe322bf9,False,,True
0f05cd68024d6bf878a70c17df62c6a9ce47672d3941ca434988a82480bcb370,compressed__9af9566e96afdd7f6f48ece140c245f4_Jackson-NetworksOnline-Week1-Slides.pdf,1.16,unclassified,unclassified,30,compressed__9af9566e96afdd7f6f48ece140c245f4_Jackson-NetworksOnline-Week1-Slides,Matt,,,False,,,,,,,1358,True,False,27006be9621451e7,False,,True
69387293849de3ee2efbafea7c793a8c4afddc881618cd876e83cbddd06d544e,interest_rate_and_fixed_income.pdf,0.23,finance,high,30,interest_rate_and_fixed_income,Martin Haugh  Garud Iyengar,,,False,,,,,,,2750,True,False,a70a10b31188a610,False,,True
723f3c5b3571ed422403b83813df5f09f351a6a681199aadb3237edac22f68d8,linalg.pdf,0.41,finance,medium,30,Financial Engineering and Risk Management - Review of vectors,Martin Haugh  Garud Iyengar,,,False,,,,,,,1539,True,False,a16a7f9668f4da4d,False,,True
739ed78a623d2cd991a9820f824c52aa0ea6cd1ce8e42a1f2815807d7c86fbe6,main 15.pdf,0.69,mathematics,low,30,Bidirectional impact of imperfect mask use on reproduction number of COVID-19: A next generation matrix approach,David N. Fisman,,,False,,,,,,,12786,True,False,8af5b1aa75dfbd65,False,,True
58fbdc7c6345593d7430bf1ae726de51289c252a40cd6e77ed4bfd299f4e7b84,mwaffo2015.pdf,0.56,mathematics,low,30,mwaffo2015,Violet Mwaffo,,,False,,,,,,,27097,True,False,ff01b17ec7d2f970,False,,True
fd5a5dedd8f732af2d442a137771a261fe5fec128ff383e3ef877abc2f99a937,zino2020.pdf,0.9,unclassified,unclassified,30,Analysis and control of epidemics in temporal networks with self-excitement and behavioral changes,Lorenzo Zino,,,False,,,,,,,31789,True,False,cf7a080e5b090f1e,False,fuzzy_dup_451,True
c8ecfc9d142aee5293c922154c9145d3d7329f172a296f57e3c5b684babe3be7,-Four Hamiltonian Systems 2005.pdf,0.66,dynamical_systems,low,25,Four Hamiltonian Systems 2005,,2005,,False,,,,physics,low,keyword_text,12356,True,False,330bef43baa909be,False,,True
d28624ca0caf43d5a3aa9e983d6d6a3728050e1430a891260adee27b4311f1db,1010072Fs00013-016-0931-1.pdf,0.43,unclassified,unclassified,25,1010072Fs00013-016-0931-1,,,,False,,,,,,,11641,True,False,dc69085fc33f7c71,False,,True
0dba09b2889379c70bc88f4b8f1b887575df3fd04e6101223308a94b62abcb89,231JhDiYS5u9SYQ4mDubSQ_c35be3e7ea59404eb5479fb423f7c255_How-Google-Does-ML---Course-Slides.pdf,40.89,machine_learning,high,25,231JhDiYS5u9SYQ4mDubSQ_c35be3e7ea59404eb5479fb423f7c255_How-Google-Does-ML---Course-Slides,,,,False,,,,machine_learning,high,keyword_text,787,True,False,04a8577fc5ad8cdd,False,,True
0ba08adfe6d461d029b8aad9a3d9ae567e5cf5f9a8511d8674a43994858ff6a3,AMSI-Report-Abraham-Ng.pdf,0.29,unclassified,unclassified,25,AMSI-Report-Abraham-Ng,,,,False,,,,,,,8972,True,False,d40d565fa67be1e6,False,,True
1deb4b97410e888d3e7b79e046cc893a616ca0d89d90d58643b841abf9760301,Applied Mathematics and Computation Volume 167 issue 1 2005 doi 1010162Fjamc200406072 Dariush Shadman Bahman Mehri -- A non-homogeneous Hills equation.pdf,0.21,mathematics,low,25,doi:10.1016/j.amc.2004.06.072,,2005,,False,,,,,,,6689,True,False,a5c61b8a10a1de15,False,,True
3fb4779d29e2469b80c73409f5e55f4d1a1d0d500fab433091c6c7a1fd5dcca7,Arioli G-The Henon-Heiles Hamiltonian near the critical energy level-some rigorous results 2002.pdf,0.3,dynamical_systems,low,25,Arioli G-The Henon-Heiles Hamiltonian near the critical energy level-some rigorous results 2002,,2002,,False,,,,,,,19765,True,False,42fdb311be9cd923,False,,True
bc659e785ed51f71a47e1c4e2f76396a63a8ad3168a674b50cbfda0acf1d8eab,Behring_Resume_SIAM.pdf,0.06,unclassified,unclassified,25,Behring_Resume_SIAM,,,,False,,,,,,,3676,True,False,f989be5273614be8,False,,True
dfd1fb6c11c14fa35c06747353fcb651c2e8fd07671e94a3325ba2e3ebfe841f,Biasco L Chierchia L Treschev D-Stability of nearly-integrable degenerate hamiltonian systems with two degrees of freedom 2003.pdf,0.34,dynamical_systems,low,25,Biasco L Chierchia L Treschev D-Stability of nearly-integrable degenerate hamiltonian systems with two degrees of freedom 2003,,2003,,False,,,,,,,16169,True,False,543dfdc6f3ac0443,False,,True
e5aab81b5e04638bebff9cd05ac577db37daa471e521cb747fb4e0d1a2b663c7,Communications in Mathematical Physics Volume 290 issue 2 2009 [doi 10.1007%2Fs00220-009-0860-y] Xijun Hu; Shanzhong Sun -- Index and Stability of Symmetric Periodic Orbits in Hamiltonian Systems with.pdf,0.5,dynamical_systems,medium,25,Communications in Mathematical Physics Volume 290 issue 2 2009 [doi 10.1007%2Fs00220-009-0860-y] Xijun Hu; Shanzhong Sun -- Index and Stability of Symmetric Periodic Orbits in Hamiltonian Systems with,,2009,,False,,,,dynamical_systems,low,keyword_text,13204,True,False,318c1ef42dcb273d,False,,True
59fdcbf39eff3e3ee203fe23622ef079636eb4b363c087d776c197521f85f0b5,Duke Mathematical Journal Volume 45 issue 4 1978 doi 1012152FS0012-7094-78-04532-5 Cushman Richard -- The relationship between the index of a strongly stable periodic linear Hamiltonian vectorfie.pdf,0.57,physics,medium,25,Duke Mathematical Journal Volume 45 issue 4 1978 doi 1012152FS0012-7094-78-04532-5 Cushman Richard -- The relationship between the index of a strongly stable periodic linear Hamiltonian vectorfie,,1978,,False,,,,physics,medium,keyword_text,8087,True,False,310cbe4a097cbe4b,False,,True
3a513c2eab65a5e7c5cef35e2ffd1b82f147d81d64a29f2f2608e2c8afc41acc,FAMS_FS.pdf,0.91,unclassified,unclassified,25,FAMS_FS,,,,False,,,,,,,6745,True,False,54f0c61cad0b43be,False,,True
311c61742dd4f99c8dc0bdc67209c3bd052335e104f82b76bde211b99d1ad77b,"International Journal of Bifurcation and Chaos Volume 27 issue 14 2017 [doi 10.1142_S021812741750225X] Demian, Atanasiu Stefan; Wiggins, Stephen -- Detection of Periodic Orbits in Hamiltonian System.pdf",0.48,dynamical_systems,high,25,Detection of Periodic Orbits in Hamiltonian Systems Using Lagrangian Descriptors,,2017,,False,,,,physics,low,keyword_text,13581,True,False,839538eae006145f,False,,True
7d840e2a944563bef27bc7db21e1d3f5cfe3b37b3d77bc91742e86b4b09ebbd7,International Journal of Radiation Oncology_Biology_Physics Volume 57 issue 2-supp-S 2003 [doi 10.1016%2Fs0360-3016%2803%2901137-4] S Tchekmedyian; M Fesen; L.M Price; F.D Ottery -- Ongoing placebo-co.pdf,0.12,biology_neuroscience,low,25,doi:10.1016/S0360-3016(03)01137-4,,2003,,False,,,,,,,11497,True,False,0fcde415524740f1,False,,True
525d2eb1508d95dda68a9fa1026e0f1c34bf796715a88e1df63aba090dbfc593,Journal of Applied Mathematics and Mechanics Volume 66 issue 6 2002 doi 1010162Fs0021-892828022900131-4 AP Markeyev -- An algorithm for normalizing Hamiltonian systems in the problem of the or.pdf,0.55,physics,medium,25,PII: S0021-8928(02)00131-4,,2002,,False,,,,physics,medium,keyword_text,15029,True,False,23ccb32bc5a6f70c,False,,True
a20747da0321323e09b02fa26ee83dba8cade9799a0a5aca7ebfb457068bb62a,Journal of Critical Care Volume 15 issue 1 2000 [doi 10.1053%2Fjcrc.2000.0150012] Robert H. Demling; Dennis P. Orgill -- The anticatabolic and wound healing effects of the testosterone analog oxandrol.pdf,0.06,deep_learning,low,25,doi:10.1053/jcrc.2000.0150012,,2000,,False,,,,,,,22788,True,False,bfa4ba2a3cc39f5b,False,,True
a85a85b5418ee2bbf3c1d613dc8377d7a0a0caaa94e1a818a3097c54ea46f3f4,Journal of Differential Equations Volume 37 issue 1 1980 doi 1010162F0022-039628802990084-4 Matthew Bottkol -- Bifurcation of periodic orbits on manifolds and Hamiltonian systems.pdf,0.6,dynamical_systems,high,25,PII: 0022-0396(80)90084-4,,1980,,False,,,,topology_geometry,medium,keyword_text,10350,True,False,93904cf9871576d7,False,,True
cc21d08c7dec8670f02e86f442dae4ca48fe9846fa8d5ae1ca44a34250b17427,Journal of Statistical Physics Volume 74 issue 5-6 1994 doi 1010072Fbf02188219 Giancarlo Benettin Antonio Giorgilli -- On the Hamiltonian interpolation of near-to-the identity symplectic mappings.pdf,0.93,physics,medium,25,On the Hamiltonian interpolation of near-to-the identity symplectic mappings with application to symplectic integration algorithms,,1994,,False,,,,physics,medium,keyword_text,11203,True,False,e141a0a1fc6bf84d,False,,True
f13c7ba8f8da1649d10115eaf19c7431f2b8fe80fbfcc214fe08f975bfc4b0d8,Journal of the London Mathematical Society Volume s2-34 issue 3 1986 doi 1011122Fjlms2Fs2-343435 van Groesen E -- Duality Between Period and Energy of Certain Periodic Hamiltonian Motions.pdf,0.27,dynamical_systems,low,25,Journal of the London Mathematical Society Volume s2-34 issue 3 1986 doi 1011122Fjlms2Fs2-343435 van Groesen E -- Duality Between Period and Energy of Certain Periodic Hamiltonian Motions,,1986,,False,,,,physics,low,keyword_text,12549,True,False,4bd774033f80c9ae,False,,True
30a22e07948d4578787d78afee53e1dd84279d7eea0c464b0ce10fdcaaad10b2,LlibreOrtegaSIAM.pdf,0.28,dynamical_systems,low,25,LlibreOrtegaSIAM,,,,False,,,,dynamical_systems,low,keyword_text,11601,True,False,ddd491fd1a0eb844,False,,True
d20fbe43dc844e6414538f5e7dcf84d5c9b7a6147973ff821066589c05090866,Meccanica Volume 35 issue 4 2000 doi 1010232Fa3A1010327717603 Martin Krupa Alois Steindl Hans Troger -- Stability of Relative Equilibria Part II- Dumbell Satellites.pdf,0.13,unclassified,unclassified,25,Stability of Relative Equilibria. Part II: Dumbell Satellites,,2000,,False,,,,,,,9461,True,False,0c2ac0c70a977d1f,False,,True
1af1b2547d94f8f488bbc7e555724dfa92d1895f807b41febf8802a4e268cc30,Meccanica Volume 35 issue 4 2000 doi 1010232Fa3A1010374421678 Martin Krupa Martin Schagerl Alois Steindl Hans Troger -- Stability of Relative Equilibria Part I- Comparison of Four Methods.pdf,0.18,physics,low,25,Stability of Relative Equilibria. Part I: Comparison of Four Methods,,2000,,False,,,,physics,low,keyword_text,15832,True,False,18c48b6efe9fd888,False,,True
47a11316b80c3d87629ab041f3283589db9a72e1c201af22819da9fc37325542,Mechanics Research Communications Volume 3 issue 4 1976 doi 1010162F0093-641328762990062-8 U Kirchgraber -- Stable periodic orbits of Hamiltonian systems.pdf,0.19,dynamical_systems,medium,25,PII: 0093-6413(76)90062-8,,1976,,False,,,,mathematics,low,keyword_text,6694,True,False,2ace9764e8fd85c3,False,,True
dbf5a366ce1312a5fca657038c7d2e83e882dc26f78e57e19b42b77a2a5f0f63,NJ Institute of Technology Mail - SIAM-DS19-Poster Acceptance Notice.pdf,0.2,unclassified,unclassified,25,NJ Institute of Technology Mail - SIAM-DS19-Poster Acceptance Notice,,,,False,,,,,,,6168,True,False,e015935e8c3a841f,False,,True
ef3962084694ef9e9a0a59d22cc8ef2e3a818e96856935b85f1480197a46e128,Nonlinear Analysis- Theory Methods Applications Volume 65 issue 4 2006 doi 1010162Fjna200510004 Pedro J Torres -- Non-trivial periodic solutions of a non-linear Hills equation with positi.pdf,0.11,mathematics,low,25,doi:10.1016/j.na.2005.10.004,,2006,,False,,,,mathematics,low,keyword_text,9696,True,False,d2ac92d64fc2d560,False,,True
a79f3fbab9e7952c84e7771c79b35fcfaabb4b4d8240507d682897167834198a,Nonlinear Differential Equations and Applications NoDEA Volume 5 issue 4 1998 doi 1010072Fs000300050057 Yiming Long Tianqing An -- Indexing domains of instability for Hamiltonian systems.pdf,0.37,dynamical_systems,high,25,Nonlinear Differential Equations and Applications NoDEA Volume 5 issue 4 1998 doi 1010072Fs000300050057 Yiming Long Tianqing An -- Indexing domains of instability for Hamiltonian systems,,1998,,False,,,,dynamical_systems,low,keyword_text,10755,True,False,fb5083233bfd93d6,False,,True
67ac39f102a66fa57c6f213abfea936466c61972d057a23c234752838472a9d5,Nonlinear Dynamics Volume 12 issue 4 1997 doi 1010232Fa3A1008291500849 A A Zevin -- Analysis of Stability and Instability Regions in Parametrically Excited Hamiltonian Systems.pdf,0.19,dynamical_systems,medium,25,Analysis of Stability and Instability Regions in Parametrically Excited Hamiltonian Systems,,1997,,False,,,,physics,low,keyword_text,14730,True,False,5103b3a99ef0ee7f,False,,True
fdffc4382fb33afc92c3618c8e692ef7e016d15958e10fcae778abcc3aa22f25,PeriodicSolutionstoaHamiltonianSystem-Bruno-2006-S0010952506030099.pdf,0.31,dynamical_systems,low,25,Periodic solutions to a Hamiltonian system,,2006,,False,,,,,,,17139,True,False,51850fe5d2eba4b8,False,,True
1ae08d47e6141c39fbc7a449c1702ae990637272b1aa1ea8cc0ec372897e7678,Regular and Chaotic Dynamics Volume 22 issue 7 2017 doi 1011342FS1560354717070012 Markeev Anatoly P -- On the Stability of Periodic Motions of an Autonomous Hamiltonian System in a Critical Case.pdf,0.37,physics,medium,25,C:\work\RCD\N7\FINAL\RCD_07_17.dvi,,2017,,False,,,,physics,medium,keyword_text,12540,True,False,7fba55e418e02dfd,False,,True
1ae7922ce600d2da7173c255ee89c689cdaed403a459ef22528a5bea81103b09,docsiamart.pdf,0.53,unclassified,unclassified,25,docsiamart,,,,False,,,,,,,11014,True,False,5a049ce606ab1dd6,False,,True
09a9f40b0798ca86f354fecb154bb92b5913bf1de4709f5ce7bb789ed96506d6,solitary-waves-in-mass-in-mass-lattices.pdf,0.86,unclassified,unclassified,25,solitary-waves-in-mass-in-mass-lattices,,,Springer,False,,,,,,,13838,True,False,98415675e3de2fea,False,,True
d5c91495f836bf7cba97bd5bc77cfdb769f009dcfc74124bfafea91dec2bec4b,study.cfainstitute.org-Full Length Mock Exams  CFA Institute-fpscreenshot.pdf,0.26,unclassified,unclassified,25,study.cfainstitute.org-Full Length Mock Exams CFA Institute-fpscreenshot,,,,False,,,,,,,673,True,False,1e7252441167157b,False,,True
42f03ac0c2217663c733262c739dd49d27b8ab58e61c0b7e7ee4111c8fd77d72,1-s2.0-S0022247X07007366-main.pdf,0.15,physics,low,20,1-s2.0-S0022247X07007366-main,,,,False,,,,physics,low,keyword_text,11406,True,False,0ccc7242f16ac9e7,False,,True
18afc95cf633133b2c6e5428687be7069d2d1b15cd9ce9fb9df04d895eebfff5,1-s2.0-S0167278920304097-main.pdf,0.63,physics,medium,20,1-s2.0-S0167278920304097-main,,,,False,,,,physics,medium,keyword_text,17305,True,False,87baed14fb8e6577,False,,True
be3c9c2fcb1dffe11f3bb1a950007319afb8c3d54d2159ba64868a223af1f34b,1-s20-S0022039603002523-main.pdf,0.52,dynamical_systems,low,20,1-s20-S0022039603002523-main,,,,False,,,,dynamical_systems,low,keyword_text,11099,True,False,1a7b281dbfe60325,False,,True
81dd7e945b83c01398497c963cc588a73f5007cc3941077fcfd422e880525689,1-s20-S0022039606000271-main.pdf,0.44,unclassified,unclassified,20,1-s20-S0022039606000271-main,,,,False,,,,,,,12011,True,False,8bdef5cc2b78da40,False,,True
e032cfde7e96b28b69fce1e86e79596a1b5c6daf3c2df8212f05efcefc1b5b96,1-s20-S0022247X99966052-main.pdf,0.93,dynamical_systems,low,20,1-s20-S0022247X99966052-main,,,,False,,,,dynamical_systems,low,keyword_text,8073,True,False,36b49f2272168fb1,False,,True
9644008b7779824f2e97cea444380f92d59e8a79f61395069764e70293a2411a,10.1080@19488300.2014.880093.pdf,0.29,unclassified,unclassified,20,UHSE_A_880093_O,Taylor Francis,2014,,False,,,,,,,24208,True,False,9a431f030830e648,False,,True
69178162c4d9f7abf2a7ab7e88a1b34d51bcf30752e1f262cd0e61b2ce9064d1,10.1109%2Fcdc.2000.912109.pdf,0.74,dynamical_systems,low,20,10.1109%2Fcdc.2000.912109,IEEE,2000,,False,,,,,,,20270,True,False,bd698fd431d11cce,False,,True
caa0767d50c588ec6f53dae1affd08913feeac2c41675f6e273fc276255a5d10,1010162Fjjappmathmech200611008.pdf,0.52,unclassified,unclassified,20,1010162Fjjappmathmech200611008,,,,False,,,,,,,16475,True,False,84eea8cf8b05d5a4,False,,True
bf07daae95438012a479fafc27f2268f6a2a3964f11fb4da0dfd33b46a5158a7,1010162Fjphysd200510009.pdf,0.91,unclassified,unclassified,20,1010162Fjphysd200510009,,,,False,,,,,,,24520,True,False,aae1aec4a18c9fe4,False,,True
6598d2f525c41398fbbe787c0bdef5a76ccec5205e2f5a55e09799b787c60aef,1s20S0960982207017794main.pdf,0.97,biology_neuroscience,medium,20,1s20S0960982207017794main,,,,False,,,,biology_neuroscience,medium,keyword_text,25181,True,False,ad3701db5ca77969,False,,True
3fac1eebf7c5cac9a21f549fa814a476b16de2ea75b5d093b33cf27c382a9b38,2012 Fall ERM Exam ILA.pdf,0.19,unclassified,unclassified,20,2012 Fall ERM Exam ILA,Society of Actuaries,2012,,False,,,,,,,4480,True,False,b9f03f95b8f125bd,False,,True
6c48c59b160b552f125d067218b5b94df20daf0c7dbc83658e20a88a7f627785,2012 Fall ERM ILA Solutions.pdf,0.47,finance,medium,20,2012 Fall ERM ILA Solutions,SOA USER,2012,,False,,,,finance,medium,keyword_text,8812,True,False,525c86dcc813c7de,False,,True
c679bf7e49e1491f3c64636a8fc67c4ea2290557698c760fca5b73917043b59c,2017-03-predictive-models-conversion-studies.pdf,0.55,forecasting,low,20,2017-03-predictive-models-conversion-studies,Richard Xu,2017,,False,,,,,,,11480,True,False,2158eb42bf2d6eaf,False,,True
eac8524cc410dd2b549e9739c5e46a42151b8ec6e507ea04e3258e4d06c17684,2020-03-16-COVID19-Report-9.pdf,0.75,unclassified,unclassified,20,2020-03-16-COVID19-Report-9,Ghani; Azra C H,2020,,False,,,,,,,15641,True,False,c3742100237ffa8a,False,,True
dd125d437ecc69df2e97265d52ec1319e93a50d56cb9cbe8e113df6cd2f945e8,2023-exam-astam-22-23.pdf,0.51,finance,low,20,2023-exam-astam-22-23,Society of Actuaries,2023,,False,,,,,,,8075,True,False,2329ddd11c4a7af7,False,,True
c2b05cc02ccbd21521f20e653e2ff1bb809d1f0d60247a097a91caf9eec14a06,2024 Fall LPM exam.pdf,0.18,unclassified,unclassified,20,2024 Fall LPM exam,Society of Actuaries,2024,,False,,,,,,,4905,True,False,11a8225e40082a9b,False,,True
80a5da8549a4740f5a12107b9b641d042eef6973f54cff5db3da386e902a29ba,2024 Fall LPM solutions.pdf,0.2,unclassified,unclassified,20,2024 Fall LPM solutions,Society of Actuaries,2024,,False,,,,,,,9006,True,False,da774542bd525ed1,False,,True
c7e45ae70452fc50709e1721f3b9242de1e2af1ac0afc1cc29cf0449fb683f94,2024-fall-astam-exam.pdf,0.21,actuarial_insurance,low,20,2024-fall-astam-exam,Society of Actuaries,2024,,False,,,,,,,7761,True,False,2d9bc3f00d96aef9,False,,True
c53b38b14d6ebbadb5a36e0aac2a36ac2c2c91135f76d92ea40dd7e109939c00,2025-03-exam-fam-syllabus.pdf,0.17,actuarial_insurance,low,20,2025-03-exam-fam-syllabus,SOA,2025,,False,,,,,,,8367,True,False,dab65c0e6710e470,False,,True
52914e43eb32dd4047d5773c8712b6bd8275715740a44233100af8ee41ce5361,2025-11-cp-311-strat-guide.pdf,0.21,unclassified,unclassified,20,2025-11-cp-311-strat-guide,Society of Actuaries,2025,,False,,,,,,,11487,True,False,6275cf841be7a51c,False,,True
d2920637e194d0a7580b6da0aa13194e97428c96b6c2271430d0509cfc680893,2025-11-cp-311-syllabus.pdf,0.22,unclassified,unclassified,20,2025-11-cp-311-syllabus,Society of Actuaries,2025,,False,,,,,,,7283,True,False,84c53d6de30aeb86,False,,True
29f1865d1c48525354e7bbb677e3393863ae821cd7c952d832c93da45a15906d,2025-11-inv-101-strat-guide.pdf,0.22,portfolio_management,low,20,2025-11-inv-101-strat-guide,SOA,2025,,False,,,,,,,12318,True,False,dfc3bbc674aa8556,False,,True
3f0d3d545ff35691200828de597fad474db19ea300f9fde77a15289d8ea34ce0,2025-11-inv-101-syllabus.pdf,0.25,portfolio_management,low,20,2025-11-inv-101-syllabus,SOA,2025,,False,,,,,,,7524,True,False,4e7db28d7ee276a1,False,,True
34a37d800e9794625f475671b7d87077ff808d7aba03704d93d6a08a22a83803,2025-spring-exam-astam-syllabus.pdf,0.15,actuarial_insurance,low,20,2025-spring-exam-astam-syllabus,SOA,2025,,False,,,,,,,6390,True,False,a93a3b331eb3bce5,False,,True
b8ae53616d0c285f731eacae9a6089d47c6e3bf814c946e04c280e182b2aa23a,AIAA Journal Volume 28 issue 5 1990 doi 1025142F325132 TYC G CLEGHORN W L RIMROTT F P J -- Infinite eigenvalue method for stability analyses of canonical linear systems with periodic c.pdf,0.97,linear_algebra,medium,20,Infinite eigenvalue method for stability analyses of canonical linear systems with periodic coefficients,G. TYC; W. L. CLEGHORN; F. P. J. RIMROTT,1990,,False,,,,linear_algebra,medium,keyword_text,27844,True,False,6bb677bce1075fbf,False,,True
37a08e56dcf4135f7c9635a1c7cfa48d700c05f1bec5f1a5b88a609064dd1e62,Bardin2007_Article_OnNonlinearMotionsOfHamiltonia.pdf,0.85,dynamical_systems,low,20,Bardin2007_Article_OnNonlinearMotionsOfHamiltonia,,,,False,,,,dynamical_systems,low,keyword_text,12987,True,False,87dee37e62d85cff,False,,True
7cdd74b3f05eb57b1a5734ff2cc6b4c6a1fcef2c4d5d4e1cff42913e79d657b1,"Behring,Brandon_Rev_Postdoctoral Assoc Offer_Sep1,2020-Aug31,2021.pdf",0.19,unclassified,unclassified,20,"Behring,Brandon_Rev_Postdoctoral Assoc Offer_Sep1,2020-Aug31,2021",Mark Courtney,2020,,False,,,,,,,5467,True,False,f8d11e8dfa36197a,False,,True
813e4b05fe6575495d19c6ab7ac83e6822154594700130a9d73ead54a9468042,BernsteinPolynomials.pdf,0.53,unclassified,unclassified,20,BernsteinPolynomials,,,,False,,,,,,,159,True,False,958e852e401f640c,False,,True
c1e632aa97fe9439b3ca064dcdd1a73f99e66db8ebf8b0d1a3687e38d68a827d,Billingham J King AC Wave Motion.pdf.pdf,11.59,unclassified,unclassified,20,Billingham J King AC Wave Motion.pdf,,,,False,,,,,,,2828,True,False,0e2edcede4e75ab0,False,,True
2e3f41baf9d492e03edde6ab3dbe8049747ced2eb6ae829ebec5e508ffb08840,BuSi_JAM_CanonicalPerturbationFastTimePeriodicHamiltonianLFT.pdf,0.69,dynamical_systems,medium,20,BuSi_JAM_CanonicalPerturbationFastTimePeriodicHamiltonianLFT,,,,False,,,,dynamical_systems,medium,keyword_text,23493,True,False,acaf4489655d723a,False,,True
3c49d07c8c11fe4b8a6d2da547d5ac6f47cb86fad67caf5bfd1322080f45fd62,Causal Inference in Statistics_ Solution M - Judea Pearl.pdf,0.9,causal_inference,low,20,Causal Inference in Statistics: Solution M - Judea Pearl,,,,False,,,,,,,8161,True,False,2be2bcfab9a9ddf1,False,,True
6ceee7e326beeb5821766a9f52245fd8ba7f17afd35ecd4600035bf25ad1d162,Chaos 1993 Ott.pdf.pdf,0.77,dynamical_systems,low,20,veuf183.PDF,B. Filaski,1993,,False,,,,,,,694,True,False,ee49b86ee7243e12,False,,True
11fc0fde86336b5b9b611774cc063e97c139289b6490dbd93a25313d09211fc1,Communications on Pure and Applied Mathematics Volume 39 issue 1 1986 [doi 10.1002%2Fcpa.3160390103] Michael I. Weinstein -- Lyapunov stability of ground states of nonlinear dispersive evolution equat.pdf.pdf,0.64,dynamical_systems,low,20,Lyapunov stability of ground states of nonlinear dispersive evolution equations,,1986,,False,,,,,,,9782,True,False,0cc24f3666d81433,False,,True
8c798a93a97e22890441285b67b374d5d765127f5a8f5a755a1eb3e6f7dbba6e,Complex_Hamiltonians 2.pdf,0.13,physics,medium,20,Complex_Hamiltonians 2,,,,False,,,,physics,medium,keyword_text,3307,True,False,c4cf247bf7c86efb,False,,True
05629ef585554c7a2d77688a4b96b63f143084ed299e4854aa5339ea7a497b57,Convergence_improvement_for_the_infinite_determinants_of_Hill_systems.pdf,0.2,linear_algebra,high,20,Convergence_improvement_for_the_infinite_determinants_of_Hill_systems,Robert Denk,,,False,,,,linear_algebra,high,keyword_text,9812,True,False,78be6a3eb0a9c505,False,,True
5efd48e49dc7ff7a75e6b1a791f5297af0123771b46a4062e8f2b39930c61901,Determination of the stability boundaries for the hamiltonian systems with periodic coefficients.pdf,0.28,dynamical_systems,low,20,Determination of the stability boundaries for the hamiltonian systems with periodic coefficients,,,,False,,,,physics,low,keyword_text,10128,True,False,de28ad517fa14429,False,,True
142bfd81b91f4cb6982ed9344eaa3d9059167ebabb839ae78a7e156e82bfab55,Dynamics_Winter 2018.pdf,0.2,unclassified,unclassified,20,Dynamics_Winter 2018,Joo,2018,,False,,,,,,,3956,True,False,167dd2bc6ed97bfb,False,,True
00b855a5c8482b1518305633800e784bb8ab4021d42e3fd858a534555c9c9e1f,ERM-GC Fall 2013.pdf,0.19,unclassified,unclassified,20,ERM-GC Fall 2013,Society of Actuaries,2013,,False,,,,,,,4520,True,False,7644bb64dc638dd5,False,,True
313183c326c054ee4c4a3ba2cbb1923adbdc24fefc9ad39155c1b1afba84fd4c,ERM-GC Fall 2014 - Solutions.pdf,0.73,unclassified,unclassified,20,ERM-GC Fall 2014 - Solutions,SOA USER,2014,,False,,,,,,,9421,True,False,e36f8c5e96c5e08f,False,,True
a0bab0ca09a4492502c5a08bc7e827a13ef30029d503356c93da069354002883,ERM-GC Fall 2014.pdf,0.25,unclassified,unclassified,20,ERM-GC Fall 2014,Society of Acturies,2014,,False,,,,,,,4221,True,False,0a09fc25ed267dfe,False,,True
137c2896b47b3f2046f7fe32ae84b018e824c7a298af75c75c4ba5e8df4f4804,ERM-GC Fall 2017.pdf,0.22,unclassified,unclassified,20,Exam ERM-GC,SOA,2017,,False,,,,,,,4850,True,False,555d591dce02f81e,False,,True
bd86f295d437414aa455c0019c348040d9fd531adc10c0b2e76efc628b1cda75,ERM-GC Fall 2018 - Solutions.pdf,0.36,mathematics,low,20,ERM-GC Fall 2018 - Solutions,SOA,2018,,False,,,,,,,8737,True,False,b6a18fa839b8ed18,False,,True
f164b8d284e3b9db6b3f574ada0860ad220a1cfacdafe09a52122b8478bf925b,ERM-GC Fall 2019.pdf,0.14,unclassified,unclassified,20,Exam ERM-GC,SOA,2019,,False,,,,,,,6170,True,False,5a68f1db65b1a54e,False,,True
d8853c1da5016f37802a35bc7b81d0b9d38eaf12ec48400513d6419f5dda8e8b,ERM-GC Fall 2020.pdf,0.13,finance,low,20,ERM-GC Fall 2020,SOA,2020,,False,,,,,,,6282,True,False,2c1861aeabe8c44a,False,,True
4b5cfd9cc072e865988150fe00c169100700a6903cfb62067664381b263f30e5,ERM-GC Fall 2021 - Solutions.pdf,0.29,mathematics,low,20,ERM-GC Fall 2021 - Solutions,Society of Actuaries,2021,,False,,,,,,,10190,True,False,1c123ef78050e903,False,,True
854ee7534c432056c93f2f41df09e090610fd97150c19cd123c514ca15f2996d,ERM-GC Fall 2022 - Solutions.pdf,0.26,unclassified,unclassified,20,ERM-GC Fall 2022 - Solutions,SOA,2022,,False,,,,,,,10586,True,False,4bfd71bf93ffd705,False,,True
fd3de106b8531e7629ce2c485c4164b1bb105ad8516f833352ea2afd294a19de,ERM-GC Fall 2022.pdf,0.32,finance,low,20,ERM-GC Fall 2022,Society of Actuaries,2022,,False,,,,,,,6721,True,False,db9f40a134fac6da,False,,True
ba53d604a3b5cb29eaa5e649effe4b3e188bd05aceb5562c3ed9db1a27461049,ERM-GC Spring 2017.pdf,0.09,finance,low,20,ERM-GC Spring 2017,Society of Actuaries,2017,,False,,,,,,,5439,True,False,bc80ee4a1230ccf9,False,,True
20109ac57aeeae8af7adf05e4156c7266274358f66e062fd2873e289a47471bb,ERM-GC Spring 2019 - Solutions.pdf,0.26,mathematics,low,20,ERM-GC Spring 2019 - Solutions,SOA,2019,,False,,,,,,,7910,True,False,e873ee2e96c3c3e0,False,,True
96db32c5d51f078d36f13d26d46fe800fb97be73ab67670fe3e58e273712f1db,ERM-GC Spring 2019.pdf,0.23,unclassified,unclassified,20,Exam ERM-GC,SOA,2019,,False,,,,,,,4555,True,False,7cc839042d1d3c50,False,,True
2f365689c4ec1d8ca5ac937d689bc89bd6683a30105f58ea9e683b1b878329d8,ERM-GC Spring 2020.pdf,0.1,unclassified,unclassified,20,ERM-GC Spring 2020,Society of Actuaries,2020,,False,,,,,,,5501,True,False,ce8f500268670bab,False,,True
7c3b73416a3a63d43c5f1f48714599fc2fea84f3f1e4b24988a0b75ab66972c1,ERM-ILA Fall 2015.pdf,0.25,unclassified,unclassified,20,ERM-ILA Fall 2015,Society of Actuaries,2015,,False,,,,,,,3923,True,False,a7b9e784a97574f8,False,,True
3a875eb932d926c1ce1be624b5665f6cb58ad1ad05317791755d013c9a081a33,ERM-ILA Fall 2016 - Solutions.pdf,0.55,mathematics,low,20,ERM-ILA Fall 2016 - Solutions,Society of Actuaries,2016,,False,,,,,,,8655,True,False,041c4fdab32faa7f,False,,True
535620296363368825d55a760747c27c2c4da6229d1cd96ad168f60daa3b1379,ERM-ILA Fall 2016.pdf,0.22,unclassified,unclassified,20,ERM-ILA Fall 2016,SOA,2016,,False,,,,,,,4524,True,False,7fa73ff78dd72be1,False,,True
6cceb51cfe342077f05439162102fdd3c3c285266d5d4c772e10b9db32ee8504,ERM-ILA Fall 2018.pdf,0.23,unclassified,unclassified,20,ERM-ILA Fall 2018,Society of Actuaries,2018,,False,,,,,,,6156,True,False,33e5512f1395ba01,False,,True
e06e11ed018fe9332a38fe9737762189a7f55bdebb665fa5c981f91a304be799,ERM-ILA Fall 2019 - Solutions.pdf,0.27,mathematics,low,20,ERM-ILA Fall 2019 - Solutions,SOA,2019,,False,,,,finance,low,keyword_text,9041,True,False,2becd72eb9cae1c3,False,,True
ceafaadd4b77b196cd2163c1e85c437baff688404514745fedc360c822363a34,ERM-ILA Fall 2019.pdf,0.14,unclassified,unclassified,20,ERM-ILA Fall 2019,SOA,2019,,False,,,,,,,6197,True,False,40c6d78b069297b0,False,,True
a1b2a2339e54e28054df05ee3b22f9b318116458b8bf48a7bc1a3d0bac65d894,ERM-ILA Fall 2020.pdf,0.16,finance,low,20,ERM-ILA Fall 2020,SOA,2020,,False,,,,,,,6316,True,False,adc546c6d8d91753,False,,True
f760fde37c4b6d822b412d72eef3dd5599bcd82ab690d56497d72907d5ba5614,ERM-ILA Spring 2016.pdf,0.24,unclassified,unclassified,20,ERM-ILA Spring 2016,Society of Actuaries,2016,,False,,,,,,,4722,True,False,3a948301496c64e5,False,,True
e006fcfcf42188bdb47a9c59b07c09fea01cbffa280d99bf4dd34b27af5fc5eb,ERM-ILA Spring 2018.pdf,0.22,finance,low,20,ERM-ILA Spring 2018,SOA,2018,,False,,,,,,,6131,True,False,88f4930208f238ab,False,,True
7dd0a4c1a6d578d0ce76d435c1a12d7d295d9d2199d8c0bdb1e070fb16041ff8,ERM-ILA Spring 2019- Solutions.pdf,0.25,mathematics,low,20,ERM-ILA Spring 2019- Solutions,SOA,2019,,False,,,,,,,7916,True,False,aa2715266e67cc64,False,,True
ef1aa2974de16b28ac37b58edf5ac9d9068b51ece2612a2445b91ff8448bd364,ERM-ILA Spring 2019.pdf,0.23,finance,low,20,ERM-ILA Spring 2019,SOA,2019,,False,,,,,,,4570,True,False,3e8f10342270af8b,False,,True
154a96cc89646e09c07d4fa5c1d69fb073a005f96a080eaa473176bf7c347514,ERM-ILA Spring 2021.pdf,0.23,finance,low,20,ERM-ILA Spring 2021,SOA,2021,,False,,,,,,,5834,True,False,5b1443a3922f63a2,False,,True
862b9367788753d95a7bde1e0bb470bf3866f392552883c9d5ec0d64e92652aa,ERM-INV Fall 2013 - Solutions.pdf,0.28,unclassified,unclassified,20,ERM-INV Fall 2013 - Solutions,SOA USER,2013,,False,,,,,,,9368,True,False,2677e01949cf7651,False,,True
a632cc9dfde9436ac5ac1ba0090b00c2c6139f1889ea37a6e3a8fb4c5cb94d25,ERM-INV Fall 2013.pdf,0.22,unclassified,unclassified,20,ERM-INV Fall 2013,jlesch,2013,,False,,,,,,,4501,True,False,6efa026d95c619e3,False,,True
160b59801ea4ecb7a91dd9f585626e3be914bdbbafb9c1b23364a60a030af54e,ERM-INV Fall 2014.pdf,0.28,unclassified,unclassified,20,ERM-INV Fall 2014,Society of Actuaries,2014,,False,,,,,,,4211,True,False,c183d17b881f32c6,False,,True
a91cca419597348419298812ed2472d022bf3352e063285b931aa8a8284d110a,ERM-INV Fall 2015 - Solutions.pdf,0.69,mathematics,low,20,ERM-INV Fall 2015 - Solutions,SOA,2015,,False,,,,,,,9156,True,False,69de39b2bfaef9ff,False,,True
7b9b4d5b839cf0b9600a5b4bd16feaa0f1875bc5c38a38659dd650296b7904c5,ERM-INV Fall 2016.pdf,0.24,unclassified,unclassified,20,ERM-INV Fall 2016,SOA,2016,,False,,,,,,,4472,True,False,5f230d7600ed537d,False,,True
4317ea247b605120c2100760910084eb4cc9ed9dbe7a1fe8393a0a0991919bca,ERM-INV Fall 2017 - Solutions.pdf,0.29,mathematics,low,20,ERM-INV Fall 2017 - Solutions,SOA,2017,,False,,,,,,,8309,True,False,3c0534d6af831c4b,False,,True
fd051b0560ec35079cbfc0e641ef3c23db037254ae978b00d93d25aa826b3071,ERM-INV Fall 2017.pdf,0.22,unclassified,unclassified,20,ERM-INV Fall 2017,SOA,2017,,False,,,,,,,4829,True,False,4f152b9eae73acc9,False,,True
a1021669d3d88772cb70b4cda8e1e987e2d995d6a14e252e810c13299da3c9d9,ERM-INV Fall 2018.pdf,0.23,unclassified,unclassified,20,ERM-INV Fall 2018,Society of Actuaries,2018,,False,,,,,,,6107,True,False,a7d816b70f09be88,False,,True
64fd216340a88414213fd4a8d1dd7d056560f80d08bee87da365889283801a5e,ERM-INV Fall 2019 - Solutions.pdf,0.34,mathematics,low,20,ERM-INV Fall 2019 - Solutions,SOA,2019,,False,,,,finance,low,keyword_text,9041,True,False,e6d192fc457bba29,False,,True
d20c9eeefc04fa1e66f5869a11ffc6370c79070c69b48280377dbaa7e0e4e408,ERM-INV Fall 2019.pdf,0.14,unclassified,unclassified,20,ERM-INV Fall 2019,SOA,2019,,False,,,,,,,6140,True,False,b164827a6293f61e,False,,True
b92c584d7d9ba72508190b6d4c0b40a27345ba668acf380266b3633ff3d07136,ERM-INV Fall 2020.pdf,0.15,finance,low,20,ERM-INV Fall 2020,SOA,2020,,False,,,,,,,6247,True,False,5f56697553d92ea8,False,,True
d62cb91fda611d1973ae1eea09f5407437256379844c4a1ff39c6a8e506d32aa,ERM-INV Fall 2021.pdf,0.18,finance,low,20,ERM-INV Fall 2021,Society of Actuaries,2021,,False,,,,,,,4347,True,False,84a8a4b77536eb1a,False,,True
0f70b5d4057f1dbc43a04b626d8fac991fbf89cd4bc99b85b5995438ccd92575,ERM-INV Fall 2022.pdf,0.31,finance,low,20,ERM-INV Fall 2022,Society of Actuaries,2022,,False,,,,,,,6679,True,False,0f45c8fcf783226e,False,,True
36a01678fef212eb760afeb4b2e623e1317aebf761b138a3dda57568f3c02519,ERM-INV Spring 2013 - Solutions.pdf,0.28,finance,low,20,ERM-INV Spring 2013 - Solutions,Society of Actuaries,2013,,False,,,,,,,7726,True,False,71051454212d601d,False,,True
36a9185bdfeb9c324b2122ae5d64e98c7f3b8b4ca6f0de24c4b5164a79dcca94,ERM-INV Spring 2015 - Solutions.pdf,0.94,mathematics,low,20,ERM-INV Spring 2015 - Solutions,Society of Actuaries,2015,,False,,,,,,,8987,True,False,b42007795865ec56,False,,True
e0e831dd592f139081204bba1186e5773576d1aaefe4f3873636c78e06f53af0,ERM-INV Spring 2015.pdf,0.22,unclassified,unclassified,20,ERM-INV Spring 2015,ttatsumi,2015,,False,,,,,,,4299,True,False,3a0e2efab9c93b88,False,,True
40ea528083d686ccc12a1c5168e285a5fe12f17d7dcc28cd38e610c4b3110e7e,ERM-INV Spring 2016 - Solutions.pdf,0.85,mathematics,low,20,ERM-INV Spring 2016 - Solutions,SOA,2016,,False,,,,,,,9717,True,False,64babf04fe1af8b6,False,,True
1f005e1727e799c9c5d59d9eb81ac75f950725323b23854d2009bc04581ac597,ERM-INV Spring 2017 - Solutions.pdf,0.32,mathematics,low,20,ERM-INV Spring 2017 - Solutions,SOA,2017,,False,,,,,,,8521,True,False,2b764c276c242c46,False,,True
c984559ba82ff93cc9897ffea175bf05561d1e7a9ac61c2aefc85b82c1f91514,ERM-INV Spring 2018 - Solutions.pdf,0.31,mathematics,low,20,ERM-INV Spring 2018 - Solutions,SOA,2018,,False,,,,,,,8083,True,False,cab324e3635a3ec5,False,,True
d7320154bddac27941359ebde3ca731720930f4c178bbc696f5c725f1c45c419,ERM-INV Spring 2019 - Solutions.pdf,0.31,mathematics,low,20,ERM-INV Spring 2019 - Solutions,SOA,2019,,False,,,,,,,7916,True,False,aaeb7ddd6ec5a649,False,,True
4823a23b7a321f8d963855a003ae79e7060af091b8d536c46a1fdf1b10ee98f9,ERM-INV Spring 2022 - Solutions.pdf,0.22,mathematics,low,20,ERM-INV Spring 2022 - Solutions,SOA,2022,,False,,,,,,,7386,True,False,10872acb5650aca6,False,,True
6eaace78389dcef0ad45b9b585f0ae57a088df0dcd36cefd38c96737f8085c8a,ERM-INV Spring 2022.pdf,0.22,finance,low,20,ERM-INV Spring 2022,Society of Actuaries,2022,,False,,,,,,,4784,True,False,741c3fa94bb70445,False,,True
7034d6f3c54de659e9c317c29f06f8be1c797a28438629cc9ea654f00c61a96b,ERM_s7_Predictive_Analytics_ERM_Symposium_2012.pdf,5.58,unclassified,unclassified,20,PowerPoint Presentation,ljb,,,False,,,,,,,135,True,False,cee15c928f4833d2,False,,True
212f9a2280902e3914c8308d4057baf4fd4030a2a779364189543bd0a3c7ada7,Ergodic Theory and Dynamical Systems Volume 27 issue 03 2007 doi 1010172FS0143385706000897 BROER HENK CUSHMAN RICHARD FASSÒ FRANCESCO TAKENS FLORIS -- Geometry of KAM tori for nearly integr.pdf,0.37,dynamical_systems,high,20,Geometry of KAM tori for nearly integrable Hamiltonian systems,HENK BROER; RICHARD CUSHMAN; FRANCESCO FASS&Ograve; FLORIS TAKENS,2007,,False,,,,dynamical_systems,medium,keyword_text,12603,True,False,d72d6854941bdefa,False,,True
93b35c7cd67542f6f6607dd48d53a747d524d4c187bbc70d92275e3fbf55a497,Ergodic Theory and Dynamical Systems Volume 27 issue 06 2007 doi 1010172FS0143385707000284 ROBERTS GARETH E -- Linear stability analysis of the figure-eight orbit in the three-body problem.pdf,0.4,dynamical_systems,high,20,Linear stability analysis of the figure-eight orbit in the three-body problem,GARETH E. ROBERTS,2007,,False,,,,dynamical_systems,medium,keyword_text,10830,True,False,ef454a89bee470e5,False,,True
e7ede300f3d6f88a3e919d012460ca4c6d4fe2e4fc9dad50abe9ff93b212af88,Evans PDE Solution Chapter 6 Second-Order Elliptic Equations.pdf,0.22,mathematics,low,20,Evans PDE Solution Chapter 6 Second-Order Elliptic Equations,,,,False,,,,,,,6461,True,False,635aad703a0d553e,False,,True
9d4b65e245845dfcdd374d33b697aad8a03c9bd72ddc9a215d7475de885a9775,Extension-Policy-2023.pdf,0.09,unclassified,unclassified,20,Extension-Policy-2023,Microsoft Office User,2023,,False,,,,,,,4479,True,False,4020ff2283f15f5d,False,,True
65301a81d9b126f063c6cbfe127e6a964ace9874fb9cf3b6f16f8d16bf243111,Fall 2021 ERM Case Study.pdf,1.97,unclassified,unclassified,20,Fall 2021 ERM Case Study,Society of Actuaries,2021,,False,,,,,,,11434,True,False,a02f933ffdb4b492,False,,True
9ccc78ebf3f95423178c22631ee912ead3a89fc099c7ea5be48c9a065e1be683,GoldsteinHerbertClassicalMechanicssolutionmBookZZorg.pdf,0.54,deep_learning,low,20,GoldsteinHerbertClassicalMechanicssolutionmBookZZorg,,,,False,,,,,,,9958,True,False,6870cf5cc646c37c,False,,True
b4d3dfd986842ddfe335b2e4c7e97be1e267d9238a958719b3f57d3eea652438,HamiltonReductionBorisov.pdf,0.13,unclassified,unclassified,20,HamiltonReductionBorisov,,,,False,,,,,,,4909,True,False,de0493218a79f2f8,False,,True
ff77b03ea4235aa5105630b08f97641563c8d86d0592387e59a8c6c3113e7737,Hamiltonian bifurcations in Schrodinger trimers.pdf,0.77,dynamical_systems,medium,20,Hamiltonian bifurcations in Schrodinger trimers,,,,False,,,,,,,3528,True,False,6fc7fa33e510e9fa,False,,True
b7ef15d015a5bf6b8cfb77d6d4c31d854e3491831150bbf46ed04b0ccc174e8e,Han2010_Article_InvariantToriInHamiltonianSyst.pdf,0.26,dynamical_systems,low,20,Han2010_Article_InvariantToriInHamiltonianSyst,,,,False,,,,physics,low,keyword_text,12816,True,False,9c38615b9282d4d6,False,,True
cb018085b7a4acb6b01a9ce6a18464e2dbb360d56a48dc36494804f96cf4bcc5,Hills_equation_systems_and_infinite_determinants.pdf,0.61,linear_algebra,high,20,Hills_equation_systems_and_infinite_determinants,Robert Denk,,,False,,,,linear_algebra,high,keyword_text,10197,True,False,5aabbdcd079b356c,False,,True
8afe6fb6604304a787839e43d87e6684397c613b5bbb70ee7c8858f41cfe1966,"International Journal of Modern Physics C Volume 27 issue 8 2016 [doi 10.1142_S012918311650090X] Zou, Yijiang; Deng, Weibing; Li, Wei; Cai, Xu -- A study of epidemic spreading on activity-driven net.pdf",0.36,mathematics,low,20,A study of epidemic spreading on activity-driven networks,Yijiang Zou; Weibing Deng; Wei Li; Xu Cai,2016,,False,,,,,,,12435,True,False,473f31871980ca6b,False,,True
7d9ce04f947609c5989c7f08b7ff55926b27d095f8c43a1a9e7d96db9153f4ac,Journal of Differential Equations Volume 163 issue 1 2000 [doi 10.1006%2Fjdeq.1999.3723] Patrick M. Fitzpatrick; Jacobo Pejsachowicz; Lazaro Recht -- Spectral Flow and Bifurcation of Critical Points o.pdf,0.18,dynamical_systems,high,20,Journal of Differential Equations Volume 163 issue 1 2000 [doi 10.1006%2Fjdeq.1999.3723] Patrick M. Fitzpatrick; Jacobo Pejsachowicz; Lazaro Recht -- Spectral Flow and Bifurcation of Critical Points o,Fitzpatrick; P. M; et al,2000,,False,,,,dynamical_systems,medium,keyword_text,11429,True,False,e532838851804de8,False,,True
c9d1a6d4729d1a624b8138f8072721644445a01cf5ff6399bf200478e46d7891,"Journal of Physics A Mathematical and Theoretical Volume 47 issue 10 2014 [doi 10.1088%2F1751-8113%2F47%2F10%2F105201] Müller, A; Névir, P -- A geometric application of Nambu mechanics- the motion of .pdf.pdf",0.55,dynamical_systems,low,20,A geometric application of Nambu mechanics: the motion of three point vortices in the plane,A Muller; P Nevir,2014,,False,,,,dynamical_systems,low,keyword_text,13944,True,False,a4a0ee4f97578672,False,,True
086a9808b1af17a739975c4a1981e51573218c3fc54c8a7b390080dc4661f831,Journal of Sound and Vibration Volume 182 issue 2 1995 [doi 10.1006%2Fjsvi.1995.0191] K.-E. Thylwe; E. Gravador -- Non-perturbative stability analysis of periodic responses in driven non-linear oscill.pdf,0.48,unclassified,unclassified,20,Non-Perturbative Stability Analysis of Periodic Responses in Driven Non-Linear Oscillators,Thylew; K.-E; Gravador,1995,,False,,,,,,,14336,True,False,46b8a2925c97cd97,False,,True
4ecd4e8e0a48634815cb5fef3c14e09e99f800ae1cf5b0e82ee54ffde36f3426,Linearized_Perturbation_Equations_for_Complex_Hamiltonian.pdf,0.09,dynamical_systems,medium,20,Linearized_Perturbation_Equations_for_Complex_Hamiltonian,,,,False,,,,,,,2673,True,False,bed2194fa98804ad,False,,True
8aae16e01b1c994dc85fd357d1841c08ab730a5427a1b61dea5959318b1729ef,M656 Theorems.pdf,0.11,mathematics,high,20,M656 Theorems,Victor,,,False,,,,mathematics,high,keyword_text,4152,True,False,9c6aa7e3cc031d9b,False,,True
4b39844a63f23b99f9b5e5459fdaf05316529014134b270d0b2d3f60fb87e3bd,ME-GY 6003 Syllabus Spring 2020 2.pdf,0.08,unclassified,unclassified,20,ME-GY 6003 Syllabus Spring 2020 2,User,2020,,False,,,,,,,3980,True,False,450644834fa93c4d,False,,True
b51faf3cdd69322dc7b804eeecb792ff9b7c0458578be894398032d25016bdc3,"Modern Physics Letters B Volume 29 issue 35n36 2015 [doi 10.1142%2FS0217984915300173] Conte, Robert; de Seze, Laurent -- Exact solution of the planar motion of three arbitrary point vortices.pdf.pdf",1.37,dynamical_systems,high,20,Exact solution of the planar motion of three arbitrary point vortices,Robert Conte; Laurent de Seze,2015,,False,,,,physics,low,keyword_text,13448,True,False,50c69c45652053e5,False,,True
63dd035118d0956a0cd6797556121a7d046d2e06786a948ac53041df0c69b4e4,"Nature Physics Volume 3 issue 4 2007 [doi 10.1038%2Fnphys560] Colizza, Vittoria; Pastor-Satorras, Romualdo; Vespignani, Alessa -- Reaction–diffusion processes and metapopulation models in heterogeneou.pdf",0.6,mathematics,low,20,"Nature Physics Volume 3 issue 4 2007 [doi 10.1038%2Fnphys560] Colizza, Vittoria; Pastor-Satorras, Romualdo; Vespignani, Alessa -- Reaction–diffusion processes and metapopulation models in heterogeneou",krishna,2007,,False,,,,,,,22491,True,False,53bb061c56069f9d,False,,True
e8987354987423d1700e6e8c1919f97ba69cc40cf953ee57bc5c506aef2a09ba,PCAP-FREE-SAMPLE-TEST-1-Aug-21-2018.pdf,0.68,unclassified,unclassified,20,PCAP-FREE-SAMPLE-TEST-1-Aug-21-2018,OpenEDG Python Institute,2018,,False,,,,,,,4812,True,False,b643dcc340c9e342,False,,True
3554dc9385dbbb0b47c7a4c711f9a602770e604b44e9d1a82bf5ae70e6bebaab,Periodic_Solutions_of_N-Vortex_Type_Hamiltonian_Sy.pdf,0.28,dynamical_systems,medium,20,Periodic_Solutions_of_N-Vortex_Type_Hamiltonian_Sy,,,,False,,,,physics,low,keyword_text,9890,True,False,7ddc4b19a3bf93d9,False,,True
12cc30ca6a47f7784ec4bb6b8015450114c6b4d8210f336d9fc762e92ccf5a54,Phys Rev A 1984 Reichl.pdf,0.62,unclassified,unclassified,20,Phys Rev A 1984 Reichl,L. E. Reichl; W. M. Zheng,1984,,False,,,,,,,14082,True,False,5f957577ed0176f9,False,,True
fa0baf04ab5ca57008456d7525fd56c2171b3c3ba035d89c6a034ff157f74da0,Physical Review A Volume 38 issue 4 1988 doi 1011032FPhysRevA381913 Du M L Delos J B -- Effect of closed classical orbits on quantum spectra- Ionization of atoms in a magnetic field II .pdf,0.77,dynamical_systems,low,20,Effect of closed classical orbits on quantum spectra: Ionization of atoms in a magnetic field. II. Derivation of formulas,M. L. Du; J. B. Delos,1988,,False,,,,,,,19965,True,False,29c7801c7a4a6f1a,False,,True
c0a8a6e66771efcfbcfb3d41c1ab18643cd329158c418c0c5a07fefe25859d41,Physical Review A Volume 43 issue 1 1991 doi 1011032FPhysRevA43603 Lauritzen B -- Discrete symmetries and the periodic-orbit expansions.pdf,0.17,dynamical_systems,low,20,Discrete symmetries and the periodic-orbit expansions,B. Lauritzen,1991,,False,,,,,,,17267,True,False,3172d61c64663371,False,,True
cb8671ec5ca5ce5d200eb693c94535c1e42fb16b854e972ed9b7ea919f07c89a,Physical Review A Volume 46 issue 3 1992 doi 1011032FPhysRevA461455 Gao J Delos J B -- Closed-orbit theory of oscillations in atomic photoabsorption cross sections in a strong electric fie.pdf,0.5,dynamical_systems,low,20,Closed-orbit theory of oscillations in atomic photoabsorption cross sections in a strong electric field. II. Derivation of formulas,J. Gao; J. B. Delos,1992,,False,,,,,,,17115,True,False,372d0effaf90b910,False,,True
a41f7466c8dea68e70587837d41eabab60f4b2b9928bb839f242efa8dc153922,"Physical Review E Volume 102 issue 2 2020 [doi 10.1103_PhysRevE.102.020301] Mancastroppa, Marco; Burioni, Raffaella; Colizza, Vittoria; Vezz -- Active and inactive quarantine in epidemic spreading o.pdf",0.46,unclassified,unclassified,20,Active and inactive quarantine in epidemic spreading on adaptive activity-driven networks,Marco Mancastroppa,2020,,False,,,,,,,27152,True,False,f203bf2a84db37cb,False,,True
98a6b9301f7458d8cffd727d14fc82c8b7ef6881e5b7686881f27d676560e7d6,Preprint 2004 Carter.pdf,0.16,topology_geometry,medium,20,jocppaper.pdf,Josh Carter,2004,,False,,,,topology_geometry,medium,keyword_text,19319,True,False,0e3dee8a7d90ecaf,False,,True
4741a85489d6fe11e94118f6f499b9f6aaea3a7b6f50c0fa24b237d1259cc1dc,Problems from Evans.pdf,0.19,unclassified,unclassified,20,Problems from Evans,,,,False,,,,,,,7706,True,False,180695b59ccbd2b2,False,,True
49a47e1979369d93553a553dff3eac68c40845b12dbbc4736ed0e05e6d5c974a,Qualitative features of Hamiltonian systems through averaging and reduction.pdf,0.16,dynamical_systems,low,20,Qualitative features of Hamiltonian systems through averaging and reduction,,,,False,,,,dynamical_systems,low,keyword_text,12849,True,False,be5135651391c5df,False,,True
c91baaa32c9c9015e4cff25b2f92e455b7e8aca6c6e75a8cd6c6ccb4d3ceaf84,R. Magyar Companion to J.D. Jackson's Classical Electrodynamics.pdf,0.98,physics,low,20,jackson.dvi,,,,False,,,,physics,low,keyword_text,6863,True,False,022dc2a510e0aaec,False,,True
137f121c58b4e0ee6cc6c2030552f76ac6821c27d6f9a8d9ad60bcf86361a00b,SteinandShakarchiRealAnalysis.pdf,0.58,unclassified,unclassified,20,SteinandShakarchiRealAnalysis,,,,False,,,,,,,11825,True,False,65899eda5b307d4f,False,,True
f479a05bf83cbae09438c127c2fc2c1f1cd63ee3af7eedac07872fd4e1dd76c8,Strang G. - Introduction to Linear Algebra.pdf,0.54,algebra,low,20,linalg_sol_man.dvi,,,,False,,,,,,,10412,True,False,f8ddb7e5f2f0c2a6,False,,True
35be2c867153e7be97b6c21b9152143e19190ec1becd5e59b88dca40d70141b9,Syllabus Spring 2019.pdf,0.11,unclassified,unclassified,20,Syllabus Spring 2019,User,2019,,False,,,,,,,3843,True,False,6a3b662b7a46d30b,False,,True
c1e5207ed11c83b8eea28603eb8d03f99bfedec466578911d9095ca508811553,The Stability of the Elliptic Equilibrium of Planar Quasi-periodic Hamiltonian Systems.pdf,0.25,dynamical_systems,low,20,B20100006.dvi,,,,False,,,,dynamical_systems,low,keyword_text,10575,True,False,119ada19a85f0978,False,,True
2f6c131dfc1ebaddceae9255c10a92dad740b33620317f028909ef8530423e2e,"[18657109 - Zeitschrift für Naturforschung A] The Artificial Hamiltonian, First Integrals, and Closed-Form Solutions of Dynamical Systems for Epidemics.pdf",0.42,dynamical_systems,medium,20,"The Artificial Hamiltonian, First Integrals, and Closed-Form Solutions of Dynamical Systems for Epidemics",,,,False,,,,physics,low,keyword_text,19330,True,False,ec4fc25709dcd00f,False,,True
f1930bdd39cdbef59d200bf1ab8bdfcc34ee0fc72493301b29e1732fc71c17d7,"[doi 10.1007%2FBFb0021752] Casati, Giulio; Ford, Joseph -- [Lecture Notes in Physics] Stochastic Behavior in Classical and Quantum Hamiltonian Systems Volume 93 __ The role of periodic or.pdf",0.22,dynamical_systems,medium,20,The role of periodic orbits in semiclassical quantization,,,,False,,,,dynamical_systems,low,keyword_text,9688,True,False,54f5956542beae85,False,,True
bcfb91ce7318f8f864c6c6604cb4aa5d1dc3d018c69996e9bb89667097b82e13,"[doi 10.23919%2FACC.2018.8431769] Kohler, Johannes; Enyioha, Chinwendu; Allgower, Frank -- [IEEE 2018 Annual American Control Conference (ACC) - Milwaukee, WI, USA (2018.6.27-2018.6.29)] 2018 Annual A.pdf",0.42,mathematics,low,20,Dynamic Resource Allocation to Control Epidemic Outbreaks a Model Predictive Control Approach,Johannes Koehler; Chinwendu Enyioha; Frank AllgÃ¶wer,2018,,False,,,,,,,24318,True,False,f2c9dc9b3b657d34,False,,True
066471ac7b2196a1598ab9419b9a0336fac292789fbd58dbcd917f481ca66bf0,_9ea06758bd41cded9788592bdac148a3_Stationarity---Intuition-and-Definition.pdf,0.58,probability_theory,high,20,9ea06758bd41cded9788592bdac148a3_Stationarity---Intuition-and-Definition,Thistleton,,,False,,,,probability_theory,high,keyword_text,9335,True,False,65ad1a3d79ca0a5e,False,,True
965c8e42f63151e027a8960dcfa6125679d3cf3c790c41ef0363d37f949ca541,_ILA-201-U_QuickStart-2025-05-23.pdf,0.11,unclassified,unclassified,20,ILA-201-U_QuickStart-2025-05-23,Eddie Smith,2025,,False,,,,,,,3964,True,False,2338f7d6d02c9863,False,,True
58f647cb8906bbe8bea4a5282570191cc635cbc70922d795e722267a9b0eb0b9,act-2015-vol12-iss4-fenton-lombardo.pdf,0.64,forecasting,medium,20,Improving Techniques,John Fenton; Kendrick Lombardo,2015,,False,,,,forecasting,medium,keyword_text,8913,True,False,e455cceabab59a7e,False,,True
0c55c53635410f99bdb03a68edcfaead49bb8f88a6b33284903f1452d3554140,compressed__9ea06758bd41cded9788592bdac148a3_Stationarity---Intuition-and-Definition.pdf,0.27,probability_theory,high,20,compressed__9ea06758bd41cded9788592bdac148a3_Stationarity---Intuition-and-Definition,Thistleton,,,False,,,,probability_theory,high,keyword_text,9337,True,False,cd9096e67ddd41f3,False,,True
14e14171b0aa53d71d6ae003bd5e43649a829075f84d255bd02ffca24b19b2db,compressed__ILA-201-U_QuickStart-2025-05-23.pdf,0.09,unclassified,unclassified,20,_ILA-201-U_QuickStart.pages,Eddie Smith,2025,,False,,,,,,,3988,True,False,b5bd9ab62a850a14,False,,True
a49d331c9e694b05c17c36c8a0690e2e1be9a7bec499e2ea42f9fb27c97e0091,compressed__a570fb6fd69d113c2fe75b7f2649e856_Week-2---slides---together (1).pdf,5.09,unclassified,unclassified,20,Installing Packages in R  and  Downloading Data,thistleton,,,False,,,,,,,681,True,False,359847505d2718dc,False,fuzzy_dup_454,True
c501768598d8c7565a02fb2121b3ccb804df0037e44517602f8788c71b5d570f,doi 1010162Fs0304-020828082971098-3 Duistermaat Hans -- North-Holland Mathematics Studies Analytical and Numerical Approaches to Asymptotic Problems in Analysis Proceedings ofthe Co.pdf,0.53,mathematics,low,20,doi:10.1016/S0304-0208(08)71098-3,,,,False,,,,linear_algebra,low,keyword_text,10132,True,False,747925f600364255,False,,True
028e85a06acdd749705cd9b16b09837c49d2ce8c6bf1df66db6bc5b5d5d38f7b,evanspcam.pdf,0.26,unclassified,unclassified,20,evanspcam,,,,False,,,,,,,16352,True,False,eb7acf2c5a5dcad8,False,,True
94277623c3540e1ab20e885d53ae2c5a1e1290e3e1061dc162aa832e8e3efd92,fall-2023-astam-exam.pdf,0.12,actuarial_insurance,low,20,fall-2023-astam-exam,Society of Actuaries,2023,,False,,,,,,,7397,True,False,6c633dcc9e8e6349,False,,True
24423cd003bd1a2308d6efeb2cca494eef33de114f7746ea2fa5496c155ac982,fall-2023-qfiirm-exam.pdf,0.23,finance,medium,20,fall-2023-qfiirm-exam,Society of Actuaries,2023,,False,,,,,,,5366,True,False,ca439365fd00a16c,False,,True
f1aa2ecb9f29f00351447712a247f5ac19c2cff2bd2d69a892e6eeb5854c9f8e,fall-2024-astam-solutions.pdf,0.77,actuarial_insurance,low,20,fall-2024-astam-solutions,Society of Actuaries,2024,,False,,,,,,,3119,True,False,bc69351376358e47,False,,True
b4c17c72ae41d1c35a0872e797228662f158c530dd10c7b277a38a538a55d837,fall-2024-erm-solutions.pdf,0.29,finance,low,20,fall-2024-erm-solutions,Society of Actuaries,2024,,False,,,,,,,10497,True,False,96bf5dcaf9edbddd,False,,True
6c2549ce595e8f13106bbf452e91623360f7b473b9caf10363b74100912286d0,hlthaff.2020.00818.pdf,0.21,unclassified,unclassified,20,hlthaff.2020.00818,Wei Lyu; George L. Wehby,2020,,False,,,,,,,25368,True,False,f0a60619966f275d,False,,True
1d0234701763750caf886c52330d1a6817f1e969d0959f2c8fb74dc034835492,martinez03.pdf,0.32,dynamical_systems,low,20,martinez03,,,,False,,,,dynamical_systems,low,keyword_text,27008,True,False,b785c47821d09cec,False,,True
1783bd23c7aeb4c4d87a1481ef5998319dcc284394ac714b54c7fc29b51f0755,pearlcasualinference.pdf,0.37,causal_inference,medium,20,pearlcasualinference,,,,False,,,,causal_inference,medium,keyword_text,6595,True,False,eb59bbea723dd747,False,,True
675de28c399b25c2e87ed7ab7ae2ad4203603b2fba898725ea6bd922a0627530,pro-2015-iss91-hrischenko.pdf,0.67,unclassified,unclassified,20,pro-2015-iss91-hrischenko,SOA USER,2015,,False,,,,,,,16228,True,False,e25ec60a3202d453,False,,True
53032ee86c5f8cb197b26f70a145ef8685ba1994b3abd8f167e04d101d1d973e,pro-2017-iss108-nayak-abrokwah.pdf,0.8,unclassified,unclassified,20,pro-2017-iss108-nayak-abrokwah,By Nitin Nayak; Stephen Abrokwah,2017,,False,,,,,,,15459,True,False,fd075dace2f63742,False,,True
93531b19dd2b8cdddbb6ee24f659c86219d7681e98d4a29fb57ec54e91a20f96,pro-2018-iss110-stehno-guszcza.pdf,0.77,biology_neuroscience,low,20,pro-2018-iss110-stehno-guszcza,By Chris Stehno; Jim Guszcza,2018,,False,,,,,,,22469,True,False,d13e9a29d00f67bc,False,,True
042b020983c7274a6bc2844cb367fd757a7953ea77e7a45f876e945f5c6b983b,qfiirm-fall-2023-solutions.pdf,0.41,unclassified,unclassified,20,qfiirm-fall-2023-solutions,Society of Actuaries,2023,,False,,,,,,,6812,True,False,1cfbd8a0e6ba483c,False,,True
e41c30b8ef94a58adba9510cdeb6875db0e3a2abdb3491df90b0eab848421fdf,spring-2024-astam-exam.pdf,0.17,unclassified,unclassified,20,spring-2024-astam-exam,Society of Actuaries,2024,,False,,,,,,,6490,True,False,023231d686ca2054,False,,True
4f33d5c7e1aa38fd23684a24eb5e1c6535973fa01492638db9ecc94b87ace259,spring-2024-astam-solutions.pdf,0.33,actuarial_insurance,low,20,spring-2024-astam-solutions,Society of Actuaries,2024,,False,,,,,,,4713,True,False,14e16959a1ad8ad0,False,,True
bebcc6c07486721e13f437a28b258391bdeb7ca0061d993bbd4eafcfb66d9b0b,spring-2024-erm-exam.pdf,0.2,unclassified,unclassified,20,spring-2024-erm-exam,Society of Actuaries,2024,,False,,,,,,,5099,True,False,71b836fb5b15de0c,False,,True
f879e5df33b91dd44ba10e9ea20d13f9cc26601584a7c375f75366f6db2db1fd,spring-2024-erm-solutions.pdf,0.17,finance,low,20,spring-2024-erm-solutions,Society of Actuaries,2024,,False,,,,finance,low,keyword_text,8304,True,False,9056bf3f9cbe1636,False,,True
d4be045db05eb84cf3aa374ecff48f7c6d2504cdc750cead8a1533e01cea12b4,spring-2024-qfiirm-exam.pdf,0.26,unclassified,unclassified,20,spring-2024-qfiirm-exam,Society of Actuaries,2024,,False,,,,,,,5603,True,False,3ef287593610fa8a,False,,True
f12f04f0e761437b7ce5137ce31e87d328fe875b8f2a34ce2fa2b1bb9a2bdd14,spring-2024-qfiirm-solutions.pdf,0.29,finance,medium,20,spring-2024-qfiirm-solutions,Society of Actuaries,2024,,False,,,,finance,low,keyword_text,9900,True,False,384f0ec516545989,False,,True
8ddda75737477f073720077625cf294d8eef2110e42cf53cacb64bfa841a38af,study_plan_20250707_2332.pdf,0.13,portfolio_management,high,20,study_plan_20250707_2332,CFA Program Dashboard,,,False,,,,portfolio_management,high,keyword_text,3667,True,False,a89387ad620d2abf,False,,True
0d7027c4c2131d85cd6dbaa7cfeed02ccc62655e12a2a1074ba2172e7da590f4,"Annual Review of Fluid Mechanics Volume 15 issue 1 1983 [doi 10.1146%2Fannurev.fl.15.010183.002021] Aref, H -- Integrable, Chaotic, and Turbulent Vortex Motion in Two-Dimensional Flows.pdf.pdf",1.36,physics,medium,15,"Integrable, Chaotic, and Turbulent Vortex Motion in Two-Dimensional Flows",H Aref,1983,,False,,,,physics,medium,claude_code,11296,True,False,d5999da53b1bcbe7,False,hash_dup_181,True
c6155deea0eb59f278d01f6743e4e7bbee8e7c4e8ff82942ea5aef50ccf1b5dd,01-ModelingToolkit.pdf,0.16,software_engineering,low,15,01-ModelingToolkit,Chris Rackauckas,,,False,,,,mathematics,low,keyword_text,10113,True,False,4973057338d24801,False,,True
79d1cbd1b555790fd3c3bcf38e8300348efd835e4209212d9e2384f084868d88,01-beeler_reuter.pdf,0.19,mathematics,low,15,01-beeler_reuter,Shahriar Iravanian,,,False,,,,mathematics,low,keyword_text,10181,True,False,881ab2557f96477d,False,,True
21d2728939dd672912c72c9db3e0e4936c23a5acb7172cb5e086e77a3d7dd911,01-ode_introduction.pdf,0.51,mathematics,medium,15,01-ode_introduction,Chris Rackauckas,,,False,,,,mathematics,medium,keyword_text,6260,True,False,437c6dad39335afe,False,,True
09b9ef42a27cd01b65c3722928e40ef8967bf8536457e596a22d2a370750b42b,01-workshop_exercises.pdf,0.1,fitness,low,15,01-workshop_exercises,Chris Rackauckas,,,False,,,,mathematics,low,keyword_text,11975,True,False,e1a07d4d81553d7b,False,,True
699b5737e6fc3286d3789aff8e2ea0810080bb67c4766e4884cd36c113f3e78d,0141076820972668.pdf,0.34,unclassified,unclassified,15,"COVID-19, seasonal influenza and measles: potential triple burden and the role of flu and MMR vaccines",Nazrul Islam; Kamlesh Khunti; Azeem Majeed,,,False,,,,,,,9667,True,False,6b5b2f53ee42fe09,False,,True
a8bfab816ef1219ae1a536e467030a01322e3d06c5eb88e8329d5f3b039ad837,01_intro_1_1_whystudyalgorithms.pdf,0.09,algorithms,low,15,01_intro_1_1_whystudyalgorithms,Daniel Kane; Alexander S. Kulikov; Michael Levin; Pavel Pevzner; Neil Rhodes,,,False,,,,,,,599,True,False,41e662cb4c94b979,False,,True
e54e336c645f7452f7969322d45f80e0e8bd2f3382d1b07e48221f2795bd88a9,01_intro_1_2_comingup.pdf,0.06,algorithms,low,15,01_intro_1_2_comingup,Daniel Kane; Alexander S. Kulikov; Michael Levin; Pavel Pevzner; Neil Rhodes,,,False,,,,,,,475,True,False,a84f02aa4742ff60,False,,True
0bf8aeb75c36c2ff0add5a3d71306717e8c64d9cf0c1024f50373a979336aa77,01_intro_2_fibonaccinumbers.pdf,0.16,algorithms,low,15,01_intro_2_fibonaccinumbers,Daniel Kane; Alexander S. Kulikov; Michael Levin; Pavel Pevzner; Neil Rhodes,,,False,,,,,,,649,True,False,db5714a0eb258e85,False,,True
ae356654d2be247be5370d3b058b937eaefc2215ff0306e819f3e220921d9a98,01_intro_3_GCD1.pdf,0.28,algorithms,low,15,01_intro_3_GCD1,Daniel Kane; Alexander S. Kulikov; Michael Levin; Pavel Pevzner; Neil Rhodes,,,False,,,,,,,1177,True,False,981ed87fff31cc28,False,,True
04e2798584eae571bf45870a2f04a39cef15a98d652160cdd442fd4984e0706f,01_intro_3_GCD2.pdf,0.08,algorithms,low,15,01_intro_3_GCD2,Daniel Kane; Alexander S. Kulikov; Michael Levin; Pavel Pevzner; Neil Rhodes,,,False,,,,,,,785,True,False,c288ac2dfa791877,False,,True
2f97bbe17557ea1bc6b53a88bd9bd6a5bf442489d47a816fd92f1b93b03e3406,01_intro_4_1_runtimes.pdf,0.37,algorithms,low,15,01_intro_4_1_runtimes,Daniel Kane; Alexander S. Kulikov; Michael Levin; Pavel Pevzner; Neil Rhodes,,,False,,,,,,,859,True,False,d2de33080b0d3535,False,,True
3d7fb03ed45780039b1d73445b700b3ee69eb32028c7ab6321b5432b4d2addb3,01_intro_4_2_asymptoticnotation1.pdf,0.14,algorithms,low,15,01_intro_4_2_asymptoticnotation1,Daniel Kane; Alexander S. Kulikov; Michael Levin; Pavel Pevzner; Neil Rhodes,,,False,,,,,,,689,True,False,0182a877688a6417,False,,True
4226d74874903e84bc06d65345e68f559e7a05f3c06119dfce2d6a462eaa20e1,01_intro_5_courseoverview.pdf,0.1,algorithms,low,15,01_intro_5_courseoverview,Daniel Kane; Alexander S. Kulikov; Michael Levin; Pavel Pevzner; Neil Rhodes,,,False,,,,,,,497,True,False,e2aab0ec132346e8,False,,True
c936ee771fbba92c073356c7cb267b6d18edb258bd9e8f539af19995ba11a7ae,02-advanced_ODE_solving.pdf,0.24,mathematics,low,15,02-advanced_ODE_solving,Chris Rackauckas,,,False,,,,,,,8843,True,False,b15029c42fbe7264,False,,True
27e042ad27761d963c45fd861fe8a4b39b5f41899f857bc7405873208b9ee4ae,02-choosing_algs.pdf,0.39,mathematics,low,15,02-choosing_algs,Chris Rackauckas,,,False,,,,,,,7110,True,False,8def5cfbf59dc7ee,False,,True
9434ebcf73d5a9ec82907e78d1eeaabe675cc482df8a9b82ecad2a6c076134ce,02-conditional_dosing.pdf,0.07,unclassified,unclassified,15,02-conditional_dosing,Chris Rackauckas,,,False,,,,,,,4322,True,False,21f1883f044638e6,False,,True
ee2303c9950b4b39043ffe31c0c43ffc0ac4983c29fbcf271877944cc7176249,02-feagin.pdf,0.07,unclassified,unclassified,15,"Feagin's Order 10, 12, and 14 Methods",Chris Rackauckas,,,False,,,,,,,15720,True,False,1eefd68eca3c476c,False,,True
ed47c6befd4a123ae13066201229d0706dca1e4049f2ed27d55858a3aa2f29e1,02-monte_carlo_parameter_estim.pdf,0.16,unclassified,unclassified,15,02-monte_carlo_parameter_estim,Chris Rackauckas,,,False,,,,,,,12659,True,False,3a8803ea104fe74d,False,,True
baaea0d876055e2808bc1318c4d62051d0ad88d150a086d952879bc600ecd7e1,02-uncertainties.pdf,0.09,unclassified,unclassified,15,02-uncertainties,Mosè Giordano; Chris Rackauckas,,,False,,,,,,,4998,True,False,94425ff0b742c2db,False,,True
b6a3884cd7cd5f9435b47e15f740ede01b5eefa1cc83d9bf480db9912edd40db,02-workshop_solutions.pdf,0.77,fitness,low,15,02-workshop_solutions,Chris Rackauckas,,,False,,,,numerical_methods,low,keyword_text,3995,True,False,3be2dd9b1e7132d1,False,,True
3e6290dc24b5ac5e15b79f95b48b817b01ce8ec60e9863210562558d7c51a74c,02_greedy_2_groupingchildren.pdf,0.31,algorithms,low,15,02_greedy_2_groupingchildren,Daniel Kane; Alexander S. Kulikov; Michael Levin; Pavel Pevzner; Neil Rhodes,,,False,,,,,,,629,True,False,c7345a34e9083f29,False,,True
70bafe681d7f18319ea72e0b3affb99f4187f39d1f68822da3cc067eb0fd1685,02_greedy_3_fractionalknapsack.pdf,0.23,algorithms,low,15,02_greedy_3_fractionalknapsack,Daniel Kane; Alexander S. Kulikov; Michael Levin; Pavel Pevzner; Neil Rhodes,,,False,,,,,,,249,True,False,64852dc25f0d9dae,False,,True
ad72402f5a5138b6cbb88c8e4fcd2482c7940639f0c64b598dff9fcd0049fba3,03-547.pdf,0.73,machine_learning,low,15,03-547,Alessandra Celletti,,,False,,,,machine_learning,low,keyword_text,10727,True,False,e85967191a982288,False,,True
12bfe9ff5d4c536cd8b3a3e4c64aefedb5f83ff608af16e7a83dab72936a5149,03-diffeqbio_I_introduction.pdf,0.71,mathematics,low,15,03-diffeqbio_I_introduction,Samuel Isaacson,,,False,,,,,,,7298,True,False,34174e6e45615cac,False,,True
30201e3b8a9a48e34907cd2bdbbd4ff4a72996673cfa71385eef6350917bb162,03-ode_minmax.pdf,0.17,mathematics,low,15,03-ode_minmax,Chris Rackauckas,,,False,,,,,,,6553,True,False,12166482e2e7727e,False,,True
fd6c2664a888147ca0f6b0fcfc5e4fc5e12727fd4353557db4e10d8bf446a0bc,03-optimizing_diffeq_code.pdf,0.1,mathematics,low,15,03-optimizing_diffeq_code,Chris Rackauckas,,,False,,,,,,,9653,True,False,50da45382deb012f,False,,True
4db95ff37ac1b0d17e8528662f72cf9352749e8e42ce1c523b0d6fa0412df07e,03_divide_and_conquer_1_search_array.pdf,0.96,algorithms,low,15,03_divide_and_conquer_1_search_array,Daniel Kane; Alexander S. Kulikov; Michael Levin; Pavel Pevzner; Neil Rhodes,,,False,,,,,,,278,True,False,ca0f94fcced4d554,False,,True
3bf5c09cbde9fd6f8d6a99845aea0ccaafabcca264757bb5a21be5af819fcbcb,03_divide_and_conquer_2_polynomial_mult.pdf,0.31,algorithms,low,15,03_divide_and_conquer_2_polynomial_mult,Daniel Kane; Alexander S. Kulikov; Michael Levin; Pavel Pevzner; Neil Rhodes,,,False,,,,,,,691,True,False,11c00024fd58dd61,False,,True
daf3850ad1fc893026e5ed78eb54ae88ad109d1e035849048154d61ee7fc2db1,03_divide_and_conquer_3_master_theorem.pdf,0.2,algorithms,low,15,03_divide_and_conquer_3_master_theorem,Daniel Kane; Alexander S. Kulikov; Michael Levin; Pavel Pevzner; Neil Rhodes,,,False,,,,mathematics,low,keyword_text,385,True,False,33c5a28294e37518,False,,True
0b80460d0fd52d7c4532e5ae5df737274fb80fd08646bd6ac7b7d3e47d276f1c,03_divide_and_conquer_4_sorting.pdf,0.18,algorithms,low,15,03_divide_and_conquer_4_sorting,Daniel Kane; Alexander S. Kulikov; Michael Levin; Pavel Pevzner; Neil Rhodes,,,False,,,,,,,592,True,False,4c03d729684fbf31,False,,True
01899041d162b2096c8d4b0e2cfe1b5fe3d2df93c742fc08293950651792c9b4,03_divide_and_conquer_5_quicksort.pdf,0.19,algorithms,low,15,03_divide_and_conquer_5_quicksort,Daniel Kane; Alexander S. Kulikov; Michael Levin; Pavel Pevzner; Neil Rhodes,,,False,,,,,,,587,True,False,b5e0fb805c776b15,False,,True
fd20b3234ab090863cd9120af338dcfd9b0a433dce9d2a407972fbab3a22ec03,04-diffeqbio_II_networkproperties.pdf,0.11,mathematics,low,15,04-diffeqbio_II_networkproperties,Samuel Isaacson,,,False,,,,,,,7352,True,False,08da74d6468c2d8a,False,,True
06632ad5ef1b2e7430b0627ec17ff847fed582f32e1af2022ad3eeb71f3be752,04_dynamic_programming_1_changeproblem.pdf,0.99,algorithms,low,15,04_dynamic_programming_1_changeproblem,Daniel Kane; Alexander S. Kulikov; Michael Levin; Pavel Pevzner; Neil Rhodes,,,False,,,,algorithms,low,keyword_text,714,True,False,0f6e2865f1d53d60,False,,True
48c3dd3fcd21080c5ec7e98e788cb1653f91c8abcc560cc39e744ff586c617bf,04_dynamic_programming_3_knapsack.pdf,0.39,algorithms,low,15,04_dynamic_programming_3_knapsack,Daniel Kane; Alexander S. Kulikov; Michael Levin; Pavel Pevzner; Neil Rhodes,,,False,,,,,,,749,True,False,e0f81e7a24b0ed3c,False,,True
4d6478d600ffdf5e6c195a3451bab34df0dfc52411ab128fb96b4589da5a2047,04_dynamic_programming_4_maxarith.pdf,0.12,algorithms,low,15,04_dynamic_programming_4_maxarith,Daniel Kane; Alexander S. Kulikov; Michael Levin; Pavel Pevzner; Neil Rhodes,,,False,,,,,,,745,True,False,80c4b16b23bd9464,False,,True
500470c71e8e4e51dc64ddbde37f2862d96604c6ea5f2fc8f26b6f407d55cf5c,05-kepler_problem.pdf,0.28,unclassified,unclassified,15,05-kepler_problem,Yingbo Ma; Chris Rackauckas,,,False,,,,,,,4514,True,False,7e41860eae388196,False,,True
e0b4cd0755c5b47a0ccf28202137b416fb2d79a611ca51bdb62a814ee3c5ba74,06-pendulum_bayesian_inference.pdf,0.94,statistics,low,15,06-pendulum_bayesian_inference,Vaibhav Dixit,,,False,,,,,,,4795,True,False,d2f75703b2f3de87,False,,True
430678f74bc2263f992258419a20f3a46ee7bc9d451ecad6d2e7f13373d81adf,07-outer_solar_system.pdf,0.07,unclassified,unclassified,15,07-outer_solar_system,Yingbo Ma; Chris Rackauckas,,,False,,,,,,,16364,True,False,453276954f64c2cc,False,,True
64105e7cbaa1cdd0b34e8d486f2b1981d5b8db786cc8d4d9d65376f07841fdd7,08-spiking_neural_systems.pdf,0.63,unclassified,unclassified,15,08-spiking_neural_systems,Daniel Müller-Komorowska,,,False,,,,,,,11433,True,False,50ee75b0d99377bd,False,,True
44de0e7ce67fe4b6a9c2e9c17b6fbeb1d7bac0eef4786fee255198143db876d1,0801.3588.pdf,0.79,topology_geometry,low,15,0801.3588,jean-jacques,,,False,,,,topology_geometry,low,keyword_text,17224,True,False,aef6c0103cb9af54,False,,True
a2cf3653530af4b87ed420cf3e3d6b23175f0c54a42ecc8a6377f87d2e1f59e7,0faceb252ceb2e350be593d208c33e15b28e.pdf,0.4,dynamical_systems,high,15,Symbolic Dynamics for the Hénon–Heiles Hamiltonian on the Critical Level,Arioli; et al,,,False,,,,physics,low,keyword_text,12263,True,False,040178344e6bdc62,False,,True
b423a6455a46cc36c552bb4b13f0d3a077d54dffa7f833528345ed78b1e4bf49,1-s20-S0022039601940896-main.pdf,0.24,dynamical_systems,high,15,1-s20-S0022039601940896-main,Roberts; G. E,,,False,,,,,,,10043,True,False,4772965ce15ab635,False,,True
ee0abfdc26b506de6dfce8be268917588192e666e57ae4ee021f5ddbc89a1678,1-s20-S0022039699937233-main.pdf,0.17,dynamical_systems,high,15,1-s20-S0022039699937233-main,Fitzpatrick; P. M; et al,,,False,,,,dynamical_systems,medium,keyword_text,11432,True,False,8c044be1235e5b45,False,,True
536e1380a12752fbbe4cd6b4137bcf99fdc4a40f9fc89233b011afb3bce90992,1-s20-S0022039699937385-main.pdf,0.17,dynamical_systems,high,15,1-s20-S0022039699937385-main,Howison; R. C; et al,,,False,,,,,,,9757,True,False,f057098bf6d4b736,False,,True
d427a910ef1e87df458a0632429db1c8fe3e394b8cc54bfa41379324a9d75964,10.1146%2Fannurev.pc.43.100192.000515.pdf,0.96,dynamical_systems,low,15,10.1146%2Fannurev.pc.43.100192.000515,J M Gomez Llorente; E Pollak,,,False,,,,,,,13285,True,False,b138711bdd82eacb,False,,True
53680beb81d8b09c5354888def0bcb25688b47a19f7cfc1c4911c65c2adcf638,1010062Fjsvi19960863.pdf,0.22,unclassified,unclassified,15,1010062Fjsvi19960863,Blair; K. B; et al,,,False,,,,,,,16348,True,False,3e1916826f770e17,False,,True
7e68ad8f3ed6cf0d0cce3d882b39b93adfebc681f28a413042f8bf0a4533e09d,1010062Fjsvi19981994.pdf,0.09,unclassified,unclassified,15,1010062Fjsvi19981994,Van Dooren,,,False,,,,,,,9266,True,False,2d6d741823ab024b,False,,True
79cd482de860873b4a591c7ce80b9ac79387aef3da9939daa1a7b4ea18aeb607,1010172FS0022112084001233.pdf,0.53,unclassified,unclassified,15,1010172FS0022112084001233,Hassan Aref,,,False,,,,,,,14563,True,False,324fa5e6c69e0e03,False,,True
d386fc4c5825cddc826d352d472e8adabc3c47f5236185610057895f9e1726f6,10111693370.pdf,0.64,dynamical_systems,medium,15,"On Linear Stability in the N-Body Problem I, II and III",Gareth Roberts,,,False,,,,dynamical_systems,medium,keyword_text,2002,True,False,dd73fcbf87ab965d,False,,True
5b4e0896553ca60022cc67a40a13f0fd7fde1d55e36ba7a6d00a94d4268230c5,1011422F9789812792099_0010.pdf,0.43,unclassified,unclassified,15,1011422F9789812792099_0010,ANTONIO GARCIA; ERNESTO PEREZ-CHAVELA,,,False,,,,,,,9088,True,False,cab5aad2363ea70d,False,,True
7431c5cc0322975a12dcd4b839eb49eb1af3ea4f1f802acff5c0d4cd68cf6604,1011422Fs0218127406015672.pdf,0.74,dynamical_systems,high,15,1011422Fs0218127406015672,CHRIS ANTONOPOULOS; TASSOS BOUNTIS; CHARALAMPOS SKOKOS,,,False,,,,dynamical_systems,low,keyword_text,19880,True,False,3f2100ae8e7e7fe8,False,,True
94c586600396ad47715773c22395eb6a1566d8c0af3ff64fdbe936197411917b,10115486222.pdf,0.28,unclassified,unclassified,15,Theory of the alternating-Gradient Synchrotron,Courant; E. D; et al,,,False,,,,,,,10457,True,False,43f5e5bc34064358,False,,True
fec76141a7b160130c7fa8c07e0c13b3de7ba907aae104eade5b752f71703893,1025142F35270.pdf,0.47,unclassified,unclassified,15,Stability of the triangular points in the elliptic restricted problem of three bodies.,K. T. ALFRIEND; R. H. RAND,,,False,,,,,,,17049,True,False,3de8792dc08ae20e,False,,True
7bfb4f69406ce49a8abc879ef81d11a7f2ebd0093be9f30604bf101285dc9688,1201.6356.pdf,0.63,unclassified,unclassified,15,Periodic solutions of planetary systems with satellites and the averaging method in systems with slow and fast variables,E.A. Kudryavtseva,,,False,,,,,,,14745,True,False,c07bae7eda73c93a,False,,True
4ac67f3a72c2fdf68c42fa03d6879536915edff8c35806b8c8ff19dde1d5ff53,1206.5475.pdf,0.88,unclassified,unclassified,15,1206.5475,marek,,,False,,,,,,,10864,True,False,66a4ed892c9fb43f,False,,True
5113cbc936478333a8da4c553866cd8588f786dc8a011b9920691010ae85ee6a,150305134.pdf,0.15,dynamical_systems,low,15,Aperiodic Moser Theorem,Fortunati; Wiggins,,,False,,,,physics,low,keyword_text,14207,True,False,3e94cc240d678059,False,,True
4f1b6cc8c6513a63c1768dd030a5d633802bfed0c7ac57193f7ca1d256b6ce27,15031845.pdf,1.32,unclassified,unclassified,15,An Algorithm for Melnikov Functions and Application to a Chaotic Rotor,Jian-Xin Xu; Rui Yan; Weinian Zhang,,,False,,,,,,,11677,True,False,2e8a9e4d26d17fcc,False,,True
33e8f81e6a7fde52b8d35a54541af08ff85b1425d128f274ad9cc525711bb403,150800381.pdf,1.78,physics,low,15,crossed1872_corrected.ps,paez,,,False,,,,physics,low,keyword_text,16275,True,False,f229b7964a986781,False,,True
e4d4657adb79f042e0e02f09f98b07f60a1dcdb35496833841e96aac651b81eb,16-STS602.pdf,0.28,machine_learning,medium,15,Logistic Regression: From Art to Science,Dimitris Bertsimas; Angela King,,,False,,,,machine_learning,medium,keyword_text,21470,True,False,7cc0afa2ff5c4941,False,,True
006e5d7086bbb77dc66a870bb931af15a3bc73cc1579178e5095bf32031e7b62,16th-survey-emerging-risks.pdf,0.68,actuarial_insurance,medium,15,16th-survey-emerging-risks,SOA,,,False,,,,actuarial_insurance,medium,keyword_text,6547,True,False,4a20e3030d261d0a,False,,True
6018498ec6622828dacb8609218048067facb98bef22b7ff5a1e827189b3e0b9,18m1171485.pdf,0.47,dynamical_systems,high,15,18m1171485,Lorenzo Zino; Alessandro Rizzo; Maurizio Porfiri,,,False,,,,biology_neuroscience,low,keyword_text,17795,True,False,0962aa9a0bbf008c,False,,True
8c7aed10e3fe90258bfa680062d356708a5ee8cbf0c4985c8e6a34ad5283375d,190402539.pdf,0.67,analysis,medium,15,Template for 12pt scientific paper,David Miller,,,False,,,,analysis,medium,keyword_text,21546,True,False,d69a29cd543f6794,False,,True
105450d45d83e5169c8b49c8feb06a06b6c5827328e01645a7a675d900fac770,1psingleauthorgroup.pdf,0.1,unclassified,unclassified,15,1psingleauthorgroup,Jos Migchielsen; CV Radhakrishnan; CV Rajagopal,,,False,,,,,,,14693,True,False,1fa0053e83c6d283,False,,True
0f144cfe60d80ca8be2aab5623438ddd3874b27cb5efb5831beeeb6541435d58,2. Binary_Classification.pdf,0.63,machine_learning,low,15,2. Binary_Classification,Guillaume Goudreau,,,False,,,,machine_learning,low,keyword_text,1218,True,False,66f2e01825e32eea,False,,True
ccc3a6db100bcefd18de8a43b89810625170a65f7d04d1c64f9300f407129628,2017_complexnetworks_peer_influence_slides.pdf,0.69,mathematics,low,15,2017_complexnetworks_peer_influence_slides,Matthias Wölbitsch; Simon Walk; Denis Helic,,,False,,,,,,,1227,True,False,4b8bee77d1bbb66e,False,,True
b11d45cd6cf303c21f38f2fc6adb9ae6748dd47cef2c1513c8c3132c9f600b40,20200128-sitrep-8-ncov-cleared.pdf,0.68,unclassified,unclassified,15,20200128-sitrep-8-ncov-cleared,Ikejezie; Mr. Juniorcaius (WDC),,,False,,,,,,,6581,True,False,447c75604c9cbdc8,False,,True
c102ccb3f276ff75a579fb993fd444c1a22b93d76a91d382731387eb33c4d0d6,20200130-sitrep-10-ncov.pdf,0.7,unclassified,unclassified,15,20200130-sitrep-10-ncov,Ikejezie; Mr. Juniorcaius (WDC),,,False,,,,,,,10557,True,False,bcf9f5d75857c16b,False,,True
6a07392254de6a6c07cad30d80e1e6d387d86fb77bd824528e73da355a96186e,20200211-sitrep-22-ncov.pdf,0.96,unclassified,unclassified,15,20200211-sitrep-22-ncov,Ikejezie; Mr. Juniorcaius (WDC),,,False,,,,,,,8159,True,False,0407893eb4eca7ac,False,,True
5001519057f475aa9318312025e9c37d4f93961604c7b02463c90f91519a79be,20200212-sitrep-23-ncov.pdf,0.99,unclassified,unclassified,15,20200212-sitrep-23-ncov,Ikejezie; Mr. Juniorcaius (WDC),,,False,,,,,,,7116,True,False,73570d3b18a5979a,False,,True
b32a0ba0422fda1efe3f75ad999a5fbe2221d83ddcfcadba9444ee4cc09a2393,20200417-sitrep-88-covid-191b6cccd94f8b4f219377bff55719a6ed.pdf,0.78,unclassified,unclassified,15,20200417-sitrep-88-covid-191b6cccd94f8b4f219377bff55719a6ed,Ikejezie; Mr. Juniorcaius (WDC),,,False,,,,,,,11051,True,False,88f312d2505f9399,False,,True
f552d0d3042499eab3da730711da7b7a3002e606af6172ecae7b2dc90ded6f7c,20200609-covid-19-sitrep-141.pdf,0.56,unclassified,unclassified,15,20200609-covid-19-sitrep-141,WHO,,,False,,,,,,,6127,True,False,d588bf2ef2661472,False,,True
fabadc6e22125dceb91990a5ba84ef7517824dab02b9afdeb6881f4f19b921e4,2023Syllabus.pdf,0.63,actuarial_insurance,low,15,2023Syllabus,Robin Gault-Winton,,,False,,,,actuarial_insurance,low,keyword_text,9020,True,False,81924beec9154e9d,False,,True
ecf9df55b2fb6b84d302769b9a8b09e5568bc60330184ea880975c3df75a88ea,250611135v1.pdf,0.33,rag_llm,medium,15,250611135v1,David C. Krakauer; John W. Krakauer; Melanie Mitchell,,,False,,,,rag_llm,medium,keyword_text,15835,True,False,9b8347b17d1cc5e0,False,,True
24ad9a9386b773b4eb456270866f1add3be39f1ad46b3130649790872f89098d,2_life_cycle_of_financial_planning.pdf,0.15,unclassified,unclassified,15,2_life_cycle_of_financial_planning,Gail Gordon,,,False,,,,,,,5084,True,False,360a5666ad9abccc,False,,True
c41f4ce0d440b23c6dcc84c68a620e3c6c39fbff676617f4510149912f44be3c,3. Logistic_Regression.pdf,0.51,machine_learning,medium,15,3. Logistic_Regression,Guillaume Goudreau,,,False,,,,machine_learning,medium,keyword_text,1164,True,False,7b9c70153311dcaf,False,,True
058918326ebcb987a2945689a2b322699b38e51869e4912394bb76fbc9c72c94,4. Logistic_Regression_Cost_Function.pdf,0.46,deep_learning,low,15,4. Logistic_Regression_Cost_Function,Guillaume Goudreau,,,False,,,,deep_learning,low,keyword_text,1076,True,False,5cbfe2af9caba7db,False,,True
d4e298a3e249d01479ac2dd7759c067d1e5e91838fbe9c6ef8e6e7febd36b05e,4_uncle_policies.pdf,0.15,unclassified,unclassified,15,4_uncle_policies,MMobley,,,False,,,,,,,530,True,False,a2c460645f00047d,False,,True
163fde7bc8d17b703adce3b7d4866a0d4463c677d1fb4344bcb52fbeae482b13,4caa1113c8ac072afe6ab7de6a8dec0e4ac3.pdf,0.66,mathematics,low,15,The Logic of Interactive Biorobotics,Edoardo Datteri,,,False,,,,,,,29316,True,False,b877747657921a03,False,,True
a914657388f43df8fd157aa1b38be3a9abdb0a817e0704646517b4bc33e4fdef,508_2023-1Q23-Prudential-Financial-Earnings-Call-Transcript.pdf,0.63,unclassified,unclassified,15,508_2023-1Q23-Prudential-Financial-Earnings-Call-Transcript,CallStreet Jobs Service Account,,,False,,,,,,,14062,True,False,f6d8235cafb5ff2a,False,,True
3671d9893867d75d80b71428809140a0c71c170afd571c7617e63f993477c613,5187305.pdf,1.31,causal_inference,low,15,Causal Inference in Asset Pricing,Haddad; Huebner; Kondor; Loualiche,,,False,,,,causal_inference,low,keyword_text,14225,True,False,6ccdad9c489d93aa,False,,True
9b0fb3056bf44f3a0084877c75b1960e727d528e8a823f8d0e3f012091bcc41c,59Bardin.pdf,0.29,unclassified,unclassified,15,(Bardin.tex),(Grupo de investigaci\227n),,,False,,,,,,,9888,True,False,02e4fedfbad5fa35,False,,True
0dbff33d071035cb0b367b1f798294cdae7f8063a32f79f76a9bb27c3d61b12c,6418007.pdf,13.9,unclassified,unclassified,15,6418007,,,,False,,,,,,,700,True,False,a8e17fa2ce5d1ed8,False,,True
fe886acf52861a5e6b8dc861c9695525520bd79aa413b19838222714bf0b13fa,AWS-Certified-Machine-Learning-Specialty_Exam-Guide.pdf,0.29,machine_learning,low,15,AWS-Certified-Machine-Learning-Specialty_Exam-Guide,Barnosky; Timothy,,,False,,,,machine_learning,low,keyword_text,9580,True,False,e7475fe8f2716b3c,False,,True
cb6f271b81f405703c52889916914627cfb76bed77cbd19c845749f275f57e6b,A_Deep_Learning_Solution_for_an_Optimized_Testbench_Regression_Launcher.pdf,0.38,deep_learning,low,15,A_Deep_Learning_Solution_for_an_Optimized_Testbench_Regression_Launcher,Abhishek Roushan,,,False,,,,deep_learning,low,keyword_text,3804,True,False,3afc3147bb876b41,False,,True
5ff1907523d5b301ddbb994fe029b082b8fb9d48b37c4a514368f39fe29c417d,Actuarial Glossary.pdf,0.48,actuarial_insurance,low,15,Actuarial Glossary,Rhoda Tran,,,False,,,,,,,11260,True,False,8263684b32702a17,False,,True
bec8b074885db045cd02ef495cdd0b9f835f6d0b16961ccb8f5b6c251f6955a9,August2023.pdf,0.33,unclassified,unclassified,15,August2023,Citi,,,False,,,,,,,16326,True,False,24c6f83241987932,False,,True
099035157440a8cf050d07b79a7457891e9fae3690fa112405e82514704f302f,BK_TCCO_000075.pdf,0.58,biology_neuroscience,low,15,BK_TCCO_000075,Frederick Gregory,,,False,,,,,,,6477,True,False,6e065cc931f6f8e3,False,,True
829c481154482fff441631d17cc80cf96df2511c87cadf34035164b5d92732a6,BK_TCCO_000344.pdf,0.56,rag_llm,low,15,BK_TCCO_000344,Robert C. Solomon,,,False,,,,rag_llm,low,keyword_text,5931,True,False,2877449cb800c247,False,,True
bb0d90fee7111fcbf94de200629f869c0b977fec6291a0c53750082c33c87848,BTH857_Black Gold_V2_Pearl_V2.pdf,0.72,unclassified,unclassified,15,BTH857_Black Gold_V2_Pearl_V2,,,,False,,,,,,,2161,True,False,2157ae164aa58b55,False,,True
200078baf14581c415ef64e5370ff4a6ec6caae715c3b78376a0fe075f1d3bee,Bodybuilding - Diet - Lyle McDonald - The Ultimate Diet 2.0.pdf,0.16,fitness,low,15,Bodybuilding - Diet - Lyle McDonald - The Ultimate Diet 2.0,Lyle McDonald,,,False,,,,,,,8115,True,False,33ff193d00e768f2,False,,True
b545a4fef0c898abf9ede34adf67ebfea308d1fc9dea7f2d6c355eaa3c0f6613,BofA_October_2023_tatyana.pdf,0.21,unclassified,unclassified,15,BofA_October_2023_tatyana,Bank of America,,,False,,,,,,,7772,True,False,3f37396089396bc5,False,,True
a115e18e232f99f183521ac9ad3e5344e1ae221459bb4d105eddb4c8c482b00f,BrandonBehringBoAfTransactionDetails.pdf,0.06,unclassified,unclassified,15,BrandonBehringBoAfTransactionDetails,Brandon Behring,,,False,,,,,,,5397,True,False,ebfc8d94f77c6f45,False,,True
26580518fcdab7b4cefcd9841aabc6482e0aa273c0abd17170193cf00ebc9f6d,Brandon_Behring_ABM.pdf,0.71,mathematics,low,15,Brandon_Behring_ABM,Brandon Behring,,,False,,,,fitness,low,keyword_text,2740,True,False,292984bf7a2a677b,False,,True
ee307e4feb753615212e33da42460fc7e1c8b1049c43f2c2a3a5f423c0aace56,Brandon_Behring_Balanaces_Vanguard.pdf,0.11,unclassified,unclassified,15,Brandon_Behring_Balanaces_Vanguard,Brandon Behring,,,False,,,,,,,4610,True,False,7b132b3c4a7df184,False,,True
13db0a5947c5f9c5e79fd48532376f34c1b3378a74654f7f0733baa1cb2e4db4,Brandon_Behring_Dec_2023_BofA.pdf,0.19,unclassified,unclassified,15,Brandon_Behring_Dec_2023_BofA,Bank of America,,,False,,,,,,,11837,True,False,83e7c9c4d7158119,False,,True
d66cc11acd4abb73f59a0c492a02ba7c4ff4f498ec68a74517906d7f5c28e531,Brandon_Behring_Feb_2024_BofA.pdf,0.33,unclassified,unclassified,15,Brandon_Behring_Feb_2024_BofA,Bank of America,,,False,,,,,,,12600,True,False,fbd9e701defdb2ff,False,,True
582739925703cf1b4f201ab7e7095383d492bf6a89e913c8ef857419ed28f496,Brandon_Behring_Initial Disclosure 08_07_2024-2.pdf,0.14,unclassified,unclassified,15,Initial Disclosure 08_07_2024-2,Brandon Behring,,,False,,,,,,,6433,True,False,fa0794fbe2b88dce,False,,True
a272640a1d95613dd9a38229f794ef845e4d7aac579d4f3197abd4d69988cf68,Brandon_Behring_Jan_2024_BofA.pdf,0.18,unclassified,unclassified,15,Brandon_Behring_Jan_2024_BofA,Bank of America,,,False,,,,,,,14585,True,False,7106740507518f3d,False,,True
04f55d54dce55c6fd678e5576ca9eea7916dc452cdb7fc64a5a4b52431227eb2,Brandon_Behring_eStmt_2025-01-17.pdf,0.16,unclassified,unclassified,15,Brandon_Behring_eStmt_2025-01-17,Bank of America,,,False,,,,,,,13279,True,False,d4a58f19a9f53e9f,False,,True
ecb7f6e2a020844b5c9b934eab2d194213ac2516cc24cbc318bab18d87a8b23c,Brandon_Charlotte_Trust.pdf,0.07,unclassified,unclassified,15,Brandon_Charlotte_Trust,Registered to: SGFS,,,False,,,,,,,11912,True,False,57123591c0f83021,False,,True
f68ce2e1f2f74a18834989213868b442b681704e9dbc45963fb4dcb6b1ba9468,Brandon_and_Tatyana_Behring.pdf,0.07,unclassified,unclassified,15,Brandon_and_Tatyana_Behring,Registered to: SGFS,,,False,,,,,,,12098,True,False,db50bc8ee042f9c5,False,,True
3e389f53e133f49df521d8a4c2606d1ee9391b77f205a23ac67fb22a95d5b8df,ButailPorfiri.pdf,0.45,unclassified,unclassified,15,ButailPorfiri,User,,,False,,,,,,,8201,True,False,7aff67366802881a,False,,True
2112490dc0e4b05ef2dffe5306ec9543bc30c74badae64bc830a87cf1a85ae70,C5_W4.pdf,0.93,deep_learning,low,15,Transformers,Lynn He,,,False,,,,,,,844,True,False,d56c21498185dc3b,False,,True
84dd7e53376c10d813ee4f4741adf2ba402be8fe474e4c83d0f841fc85ef0546,CFA_Program_Verification_Letter.pdf,0.07,unclassified,unclassified,15,CFA_Program_Verification_Letter,CFA Institute,,,False,,,,,,,1259,True,False,af18696d8b7cf121,False,,True
6afd5d50e54590b51971da8282c698c22494b99434960dc4e2ff98c086163f01,CFA_Program_Verification_Letter_2.pdf,0.07,unclassified,unclassified,15,CFA_Program_Verification_Letter_2,CFA Institute,,,False,,,,,,,1302,True,False,a99a9cae76c03bee,False,,True
cd1b4792998721ed6be0f4cd72c2636bcab82c32e7155086edd21ea64a79679b,CV_TianzhuangXu.pdf,0.05,unclassified,unclassified,15,CV_TianzhuangXu,乔布堂,,,False,,,,,,,7267,True,False,07c15db9edb9024d,False,,True
8a1a5f2cc136bf1fbe2f8b76467c02a1d66186d93390a5f2c1d341f3af707f0c,Chaotic_scattering_of_the_point_vortex_by_falling_.pdf,0.31,dynamical_systems,low,15,Chaotic_scattering_of_the_point_vortex_by_falling,С. В. Соколов; И. С. Кольцов,,,False,,,,,,,7154,True,False,c43916be53035025,False,,True
f09dd1c9eab88c9bb1b0658d8d0f715722785fb8ee0bce4e0d6aa0d74015ad0a,Charlotte_L_Behring_TR_wire_instructions.pdf,0.09,unclassified,unclassified,15,Wires Secure Instructions,Brandon Behring,,,False,,,,,,,3082,True,False,e15c5d13768cbe2d,False,,True
074ed9c83ccdedaa42f6b6e129655056008d4ccd80d8e1d4a27bdefed5a68598,Classic-HLM-FINAL.pdf,0.76,unclassified,unclassified,15,Classic-HLM-FINAL,Andy,,,False,,,,,,,3503,True,False,ca33bfd67700e5bd,False,,True
97f97cb9719e04c79932f4f4d9061f69748418926213f77cdb1033dce2c314e9,D23_Poisson_Gamma_handouts .pdf,0.15,unclassified,unclassified,15,D23_Poisson_Gamma_handouts,by David Revelle; Ph.D.[1ex] ©2018 The Infinite Actuary; LLC,,,False,,,,,,,4804,True,False,4184ab5042e36f73,False,,True
d1dd7628693b62d6c9d8d4638cec0d4aea1ccfe609459f18da524577132568d9,DNL.pdf,0.42,mathematics,high,15,On the Dirichlet Problem for Second-Order Elliptic Integro-Differential Equations,Guy Barles; Emmanuel Chasseigne; Cyril Imbert,,,False,,,,rag_llm,low,keyword_text,13235,True,False,0702a177a7d2f371,False,,True
df46f18640f2ce49ef0cc44d437832690a21212429da5dd7437bd2df7354c1e0,DP.pdf,0.79,algorithms,medium,15,Lecture 3: Planning by Dynamic Programming,David Silver,,,False,,,,algorithms,medium,keyword_text,1528,True,False,599ac7b5361afeb2,False,,True
9f9a4ef1b2410718e5fcd98f6627bed2ff1ff06bf0ecf8ed486d496ac40d1686,DataLemur SQL Cheat Sheet.pdf,0.3,sql,low,15,DataLemur SQL Cheat Sheet,Puja Agnihotri,,,False,,,,,,,10238,True,False,3cd74e225fa1943a,False,,True
4809ff280aca2419b2bbd6a3374ec8d0b7487677be26cb30eb854c8cf4ef9f0b,Differential expression and distribution of inwardly rectifying K.pdf,0.62,unclassified,unclassified,15,http://www.apscentral.org/manus.PDF,jmaly,,,False,,,,,,,8138,True,False,35c28af6f92c85ea,False,,True
17ec8b597bac8510366205a84bf10dcc9b5ac9e56f4b2d3c10c5fcf4e40e4aa7,Direct Deposit Authorization Form Individual.pdf,0.12,unclassified,unclassified,15,Direct Deposit Authorization Form Individual,NJIT,,,False,,,,,,,1540,True,False,90cab92097b6d89a,False,,True
50cc83865dcf8c0decd4435f4eb665e2a3b4173e5cd406b6d6154458c65a9b65,Don't Let This Happen to You Part 1 - Updated.pdf,0.19,unclassified,unclassified,15,Don't Let This Happen to You Part 1 - Updated,See Vang,,,False,,,,,,,4149,True,False,260e08b5985af02e,False,,True
764dc56539d78373f4c7bb73a80e93f66a5698ec9195d2ac41938fffb103ecf0,ERM_s2_Cheif_Skeptical_Officer_article.pdf,0.11,unclassified,unclassified,15,ERM_s2_Cheif_Skeptical_Officer_article,Max J Rudolph,,,False,,,,,,,6662,True,False,ad8563b4b681622d,False,,True
cef19a2c9a7b33211b1e10c5dc49fd7433d436bb4056c8668ccd3ed2b5c19909,ERM_s2_Enron.pdf,0.14,unclassified,unclassified,15,ERM_s2_Enron,SOA,,,False,,,,,,,5765,True,False,a9650900ecc9ce31,False,,True
8200d61f4ee8125c861e0ea8d00ee6c5999036373087dbad49b17f1867ad3734,ERM_s2_From_Pension_RiskMgt_ERM.pdf,0.32,finance,low,15,ERM_s2_From_Pension_RiskMgt_ERM,Sim  Segal; Gilbert  Lacoste; Ken Seng  Tan; Paul  Stanworth; David N Ingram; André  Choquet; Robert A Bear; James E Rech; John J Kollar; Valentina A Isakina; Max J Rudolph; Steven C Siegel; Prakash A Shimpi; Stephen P Lowe; Ronald J Harasym,,,False,,,,,,,11111,True,False,7fcdfbe015009a81,False,,True
d8e672b8be796e50ae89dfa2d161b24c4f270c84fd1e8856f9c2f9a3cff68203,ERM_s2_PennCentral_Kmart.pdf,0.24,unclassified,unclassified,15,ERM_s2_PennCentral_Kmart,SOA,,,False,,,,,,,18386,True,False,3ae54dc8d003e722,False,,True
955edec2e708fbdd746972b695848b9017dd0a8fd7311c6d88bbf1ae2cf7a965,ERM_s2_Subprime_Overview.pdf,0.18,unclassified,unclassified,15,ERM_s2_Subprime_Overview,SOA,,,False,,,,,,,15281,True,False,d7cbb228ed1eb13d,False,,True
2c3c8f06a4902e9b9875765538d777ce1a9d696a2d6b1c0932744b7b3617e825,ERM_s2_Sweeting_Ch1.pdf,0.38,finance,low,15,ERM_s2_Sweeting_Ch1,Paul Johh Sweeting,,,False,,,,,,,22701,True,False,a20f3bb999c91d1f,False,,True
8563336134458eb8b009ce93c1fe70ad7e40d988475ee83ea5da82a5a86165dd,ERM_s2_Sweeting_Ch20.pdf,0.81,finance,medium,15,ERM_s2_Sweeting_Ch20,Paul John Sweeting,,,False,,,,finance,medium,keyword_text,20856,True,False,f8255be725074acb,False,,True
165670b03c38f3db3b51238607478ee23d381dfd78784ead4cc8624683b3d0ab,ERM_s4_Basel_III_Summary.pdf,0.12,finance,low,15,ERM_s4_Basel_III_Summary,Basel Committee on Banking Supervision,,,False,,,,finance,low,keyword_text,4959,True,False,5dc162f7a538334c,False,,True
88857a787cf79381cb4f57ca07752ac602965683cf3145b8a42867d78fd37762,ERM_s4_Swiss_Solvency_Test.pdf,0.67,unclassified,unclassified,15,ERM_s4_Swiss_Solvency_Test,Keller Philipp Leonard BPV,,,False,,,,,,,14086,True,False,3760f132e2b2d035,False,,True
f509a05c95c654f665cbe315f3cfca1c39d007abf3c4f16799044d4b8295d4c1,ERM_s5_Corporate_Reputational_Risk_ERM_Perspectives.pdf,0.18,finance,low,15,ERM_s5_Corporate_Reputational_Risk_ERM_Perspectives,SOA,,,False,,,,finance,low,keyword_text,13520,True,False,5e87a0b8e34d5403,False,,True
1fda3ea493f7854fb177fa595b484f312616c46380457bffdbab88728ba127d3,ERM_s5_Operational_Risk_Insurance.pdf,0.17,unclassified,unclassified,15,ERM_s5_Operational_Risk_Insurance,RYANK,,,False,,,,,,,11366,True,False,c6a5aa983568f5e8,False,,True
6b8d2e823a4a3a45281db152524e318b28a67f0e5e64fd2732457115ea094736,ERM_s5_Reputational_Risk_Casestudy.pdf,0.19,unclassified,unclassified,15,ERM_s5_Reputational_Risk_Casestudy,SOA,,,False,,,,,,,4745,True,False,73f77d244cdb9fde,False,,True
0d90105646a788cf0ffa2af86fde62fbf1e8177fecc9d4c1c9da1840e7f743d3,ERM_s6_CEIOPS_Advice.pdf,0.23,unclassified,unclassified,15,ERM_s6_CEIOPS_Advice,schuermanspa,,,False,,,,,,,8436,True,False,7b03ab650e680609,False,,True
a66296a09d5381d995ba388e06f271386c50d6411a1888b819e2ca5c4987b2bd,ERM_s6_UAM_Ch10_Data_Assumptions.pdf,0.09,unclassified,unclassified,15,chapter_10.indd,rodney,,,False,,,,,,,15978,True,False,1dc4f2599c46c5a8,False,,True
90e94a1b4dc4e154474f8042b881d53baa63a4413972fafa6046f79e98314d1c,ERM_s6_Uses_Misuses_Loss_Data.pdf,0.21,unclassified,unclassified,15,ERM_s6_Uses_Misuses_Loss_Data,Rob Amoroso,,,False,,,,,,,20567,True,False,7988af5824800948,False,,True
2c48fd610bf4fae78e199f329aa4da98157ddf643bfd1888eb1dd6c392bc1afa,ERM_s7_CopulaModels.pdf,0.32,mathematics,low,15,ERM_s7_CopulaModels,Administrator,,,False,,,,,,,8530,True,False,fc082ea35fb77ac4,False,,True
7acb8c99183ca372bdf5353fe685d9632c68640d340e55ca32d58890a525909f,ERM_s7_Delphi_Studies.pdf,0.42,unclassified,unclassified,15,ERM_s7_Delphi_Studies,Ben Wolzenski,,,False,,,,,,,13442,True,False,f270e9164333bbea,False,,True
3e6c75affcf112fa9d5745a6d426999812ec451170cf39cf3295d7a57710e0b3,ERM_s7_Emerging_Risk.pdf,0.19,unclassified,unclassified,15,ERM_s7_Emerging_Risk,Locklear,,,False,,,,,,,10003,True,False,fc9139823271b4ec,False,,True
9e1922d5e070d4cb8aeed6f2bcd4a5b1503da2e01d20300644a1f9edf7955a7f,ERM_s7_Non-Normal_Risk.pdf,0.25,unclassified,unclassified,15,ERM_s7_Non-Normal_Risk,Administrator,,,False,,,,,,,2660,True,False,664a9db7e0feda74,False,,True
0425f3ac02e32aa7b44d3ca182c56f097b7577bfdfcefa406bbce2f91ade997f,ERM_s7_Size_Losses.pdf,0.28,unclassified,unclassified,15,ERM_s7_Size_Losses,Administrator,,,False,,,,,,,12290,True,False,36b57ce0ec4e300b,False,,True
b46786800198043b7abd3231f1c5d3eb1b802b0a70cbb156fda78f1a9b8fff53,ERM_s8_YourCo_CaseStudy_Intro.pdf,0.16,unclassified,unclassified,15,ERM_s8_YourCo_CaseStudy_Intro,Administrator,,,False,,,,,,,9142,True,False,2b4f93a3e39a2639,False,,True
1b9530ff1d1bb0ea217f5379ae149f69c4d78aef8f785545ac0f508d5e7d2a6c,Evans PDE Solution Chapter 5 Sobolev 1.pdf,0.26,analysis,low,15,Evans PDE Solution Chapter 5 Sobolev 1,,,,False,,,,,,,6508,True,False,8e71f48949324fde,False,,True
fd68ac54f9e9976dd3b4217b1e437351f9f502763830bfdd8fa950c9a82f24e4,Exam7_Content_Outline.pdf,0.17,unclassified,unclassified,15,Exam7_Content_Outline,Robin Gault-Winton,,,False,,,,,,,6720,True,False,3c897b4fc1784272,False,,True
3749079b929f6e9f58a2598da6931a5802138aa06aaf09dad9cd939a99c1184e,Exam9_Content_Outline.pdf,0.19,unclassified,unclassified,15,Exam9_Content_Outline,Robin Gault-Winton,,,False,,,,,,,5843,True,False,e9fbab8356fa4200,False,,True
c20344d95192bca64ede5857da900c6ec01ceaec502f41344d313588e45ee990,Exam_5_Content_Outline.pdf,0.15,unclassified,unclassified,15,Exam_5_Content_Outline,Robin Gault-Winton,,,False,,,,,,,8186,True,False,b626a0fada1c5de9,False,,True
4c874c25337e658a4f792e71154c1847150981af75fa4d05bd6f869bb0d30b12,Exam_6U_Content_Outline.pdf,0.21,unclassified,unclassified,15,Exam_6U_Content_Outline,Robin Gault-Winton,,,False,,,,,,,8810,True,False,1ab95f09e0cfebaa,False,,True
5fa1f4f9f0a186c1aa8f21f2779b1f9e364aac85bfb03a3374517ec92283b1a2,Exam_8_CO.pdf,0.16,unclassified,unclassified,15,Exam_8_CO,Robin Gault-Winton,,,False,,,,,,,7295,True,False,ea74b691ca318c60,False,,True
3bd92c31529f5dca909dd91065a311b432eca664387db9d027dd60eac7c46eaa,F_Casas_2001_J._Phys._A%3A_Math._Gen._34_305-2.pdf.pdf,0.16,unclassified,unclassified,15,F_Casas_2001_J._Phys._A%3A_Math._Gen._34_305-2.pdf,IOP Publishing #4 1068 2000 Jul 12 14:56:10,,,False,,,,,,,11963,True,False,4b0a663f2aa1cba1,False,,True
7c787f38bfed70b5ff7f5a78fdad1b983941632a0ad84c76aebb7280240b1960,Final Exam.pdf,0.48,unclassified,unclassified,15,Final Exam,Choi Jun Young,,,False,,,,,,,4806,True,False,7ca256bf6da7948a,False,,True
77dd642b7792109e520104e299c8954f94e050379cee93bf7d1a689a3f8dc0a7,Gandhi2020_Article_MasksDoMoreThanProtectOthersDu.pdf,0.56,unclassified,unclassified,15,Gandhi2020_Article_MasksDoMoreThanProtectOthersDu,Monica Gandhi,,,False,,,,,,,22353,True,False,0c730a3d8aec6bf8,False,,True
0698ba5fe603e8dfcb38bcbf017b0857c2cd2914deeb9ab8c46ccffd5216076e,GeL_Ler_Nonlin.pdf,0.1,dynamical_systems,low,15,GeL_Ler_Nonlin,IOP Publishing #4 1068 2000 Jul 12 14:56:10,,,False,,,,dynamical_systems,low,keyword_text,11761,True,False,89462c7a3bd192de,False,,True
a0782f06155315bca02b260e2a9b2c274733df3e71936ac0dfc7c814cda12fdd,Gmail - Appointment Confirmation.pdf,0.06,unclassified,unclassified,15,Gmail - Appointment Confirmation,Brandon Behring,,,False,,,,,,,2960,True,False,8a62cdc568999119,False,,True
2185333615798233746fbdadd617d54a74c29269771b369fa839660f67e2805c,Gmail - Mini-Mounties Placement @ Nishuane Notification.pdf,0.07,unclassified,unclassified,15,Gmail - Mini-Mounties Placement @ Nishuane Notification,Brandon Behring,,,False,,,,,,,1864,True,False,f0bc7cdef5d3f8d4,False,,True
23fdd37f27ba3c65577099be948a5cd454d84cae4ff7f79c3dcf3b729fef4312,Guidelines.pdf,0.06,dynamical_systems,low,15,Guidelines,matthieu nadini,,,False,,,,dynamical_systems,low,keyword_text,2686,True,False,7b2cc8adcd2a2aec,False,,True
59f5de0c6d26f081a7c806e3fad5ea80fd152ce3504ff7b2661b301f70e2bfb7,HW_4.pdf,0.1,unclassified,unclassified,15,"ME-GY 6003 HW #4  Due Friday, October 30th at 5pm",Joseph Peltroche,,,False,,,,,,,6054,True,False,aa0212ec4d9db804,False,,True
56a189c6b618750d39f7880acca6cf95bcb10de539dc912bd0f3146677907582,Homeowner-Brochure.pdf,11.25,unclassified,unclassified,15,Homeowner-Brochure,,,,False,,,,,,,3370,True,False,c984e36ba8781d5d,False,,True
4cb9662fdfb29b84c6161aa4dde2ed00b40fc3014aa2356d9dcf740a359cbdb0,HullOFOD11eSolutionsCh01.pdf,0.34,unclassified,unclassified,15,HullOFOD11eSolutionsCh01,Administrator,,,False,,,,,,,9987,True,False,35697df26534b0f3,False,,True
3d6ae459c6ff620ad728bfa7a21d2ef6a6fc13b918fc57eb33c5cf4f633f1ef9,IHME_COVID_19_Data_Release_Information_Sheet.pdf,0.19,unclassified,unclassified,15,IHME_COVID_19_Data_Release_Information_Sheet,Brent Bell,,,False,,,,,,,8191,True,False,0d68782a42163486,False,,True
0791c1c133deed14f46d65f846dfb3deda5332f8d853dbc67712e9c7a21428d3,ILA201-Study-Guide-Sample-F2025.pdf,0.51,unclassified,unclassified,15,ILA201-Study-Guide-Sample-F2025,Eddie Smith,,,False,,,,,,,7218,True,False,c6ebaa531a69aeac,False,,True
d0c382831de014532207894a2aae9b32a00ef159b6dfb757ef52fb438cc61afe,ILA_S3-04_Modernization_Ins_Solvency_Reg.pdf,0.58,mathematics,low,15,ILA_S3-04_Modernization_Ins_Solvency_Reg,Robert Klein 4,,,False,,,,finance,low,keyword_text,13420,True,False,32bfae8cb63ce67b,False,,True
48aa8a8ced6859d2bc62c4ccb7c15a746e58c5e16b132e726e579e6798276057,ILA_Track_Spring2025_Changes.pdf,0.09,unclassified,unclassified,15,ILA_Track_Spring2025_Changes,Eddie Smith,,,False,,,,,,,9945,True,False,b6c3a5434aacc97f,False,,True
866d747e6f47d891d44c5560835d998ea027afb4ad11bd0a5ed62811f19c1f09,ILA_s1-02_ASOP24.pdf,0.09,unclassified,unclassified,15,ILA_s1-02_ASOP24,Kennedy,,,False,,,,,,,6180,True,False,68f6d096a0c8ec74,False,,True
da6a6a2aeca6ff693b65f83c484dcd6790f671dab3e69ec06a6c055a309e6404,ILA_s2-02_Canadian_Taxation.pdf,0.17,unclassified,unclassified,15,ILA_s2-02_Canadian_Taxation,Jean Turcotte,,,False,,,,,,,14822,True,False,6cf0e3588a498a00,False,,True
789b1f184d6aa38daf89ffbe6a8581c35f0c9e997cece0c97c258e7d532b797a,ILA_s2-04_Actuarial_Guideline_49.pdf,0.84,actuarial_insurance,low,15,ILA_s2-04_Actuarial_Guideline_49,Society of Actuaries,,,False,,,,,,,9313,True,False,c39864b23f762e7b,False,,True
28d36904b2d962689b37e40e25c085c0b48087ccb8598594faf32a72af3676c2,ILA_s2-08_CIFP_Knowledge_Series.pdf,0.27,unclassified,unclassified,15,ILA_s2-08_CIFP_Knowledge_Series,user,,,False,,,,,,,9566,True,False,860fe1bd83eae4c7,False,,True
3456bc92e320557421bf87802e05d3e7055fe918a809030b29ebfc5df0c605be,ILA_s2-16_Preneed_Ins.pdf,0.98,unclassified,unclassified,15,ILA_s2-16_Preneed_Ins,AWojcik,,,False,,,,,,,1263,True,False,dd1d3732b8622520,False,,True
e39fbe8968e5d59915c0e78b088d8c955de938812bed5a19ad50090f2e61a165,ILA_s3-01_Final_Standards_CIA_CICA.pdf,0.15,unclassified,unclassified,15,ILA_s3-01_Final_Standards_CIA_CICA,Actuarial Standards Board,,,False,,,,,,,8647,True,False,3e1bc70a5d0c5740,False,,True
cdb550ac2c6cd1d9b6fc85d4a56d0fb011883eb7f6de84329e5c19328a3f815b,ILA_s3-05_OSFI_SectionVI.pdf,0.52,unclassified,unclassified,15,ILA_s3-05_OSFI_SectionVI,OSFI-BSIF,,,False,,,,,,,8419,True,False,d04f1a63bb8f88da,False,,True
eaaea811d03ecb230ba1c9a3199946fad5a61f9d5b743b7772d51ed262bb765a,ILA_s3-08_automating_optimizing_financial_processes.pdf,0.31,unclassified,unclassified,15,ILA_s3-08_automating_optimizing_financial_processes,Andrew Chan,,,False,,,,,,,6933,True,False,e1802e38107b5eec,False,,True
99c999a857cd526ce3b73d3244ded93ef5cdf9983d20fcd655ca091bbcb7e8af,ILA_s3-11_Actuarial_Aspects_SOX404.pdf,0.16,actuarial_insurance,low,15,ILA_s3-11_Actuarial_Aspects_SOX404,Joni Baylis,,,False,,,,,,,17652,True,False,359353f0756fabe4,False,,True
08af9d01ef6051cbd43e375ba277b98968b5986e1d0e70710764e43ed40f4827,ILA_s3-12_Life_as_Internal_Auditor.pdf,0.74,unclassified,unclassified,15,ILA_s3-12_Life_as_Internal_Auditor,Morton-Aiken; Anthony,,,False,,,,,,,1713,True,False,2328a23c7c62bf02,False,,True
e5a25dd06d05adbbb6ce91570ba4337c7480e0b95bddb5c7b6e17b78aa3ca60c,ILA_s3-13_Financial_Statement_Audit.pdf,0.29,unclassified,unclassified,15,ILA_s3-13_Financial_Statement_Audit,mgregson003,,,False,,,,,,,10683,True,False,6dd25bf03b36d1f4,False,,True
af8602dd155c7f93ae3af052a0234aaeb1d25e685d989791a9ff3527f1d615c1,ILA_s4-05_2017LifeInsSurveyResults.pdf,0.76,unclassified,unclassified,15,ILA_s4-05_2017LifeInsSurveyResults,Sullivan Carol - Atlanta-MARC,,,False,,,,,,,1974,True,False,636e1f21869132db,False,,True
6aff312cb767510b337a7dde3d80e7501fb849f7b38df890ac2d2df5777e9d10,ILA_s6_01_ASOP_2.pdf,0.07,unclassified,unclassified,15,ILA_s6_01_ASOP_2,Kennedy,,,False,,,,,,,6439,True,False,f636d9d362ae40fa,False,,True
66ad28988023fecee1b0d802e4dba5df426fb6aa0ab0c801356032cf195ab1a2,ILA_s6_03_Underwriting_Types.pdf,0.15,unclassified,unclassified,15,ILA_s6_03_Underwriting_Types,TEST,,,False,,,,,,,11543,True,False,a1daa0bea2c5fa68,False,,True
1bacbb13eb013d2ef3a1b06d1fe7665f5221a8d91b8ded3d57d738e13b1516ea,ILA_s6_04_Sample_ Life_Insurance_Application.pdf,0.19,unclassified,unclassified,15,ILA_s6_04_Sample: Life_Insurance_Application,Adam Michalek,,,False,,,,,,,5958,True,False,f476dead3fdb6574,False,,True
d9577bf7fbac797309f388b32192fb9b73204008ce35808347c0eed25e757d01,Joris_LectWk3.pdf,0.38,physics,medium,15,Joris_LectWk3,Joris Vankerschaver  jv@caltech.edu,,,False,,,,physics,medium,keyword_text,1482,True,False,4f6ec17586909e2f,False,,True
a92e3d0864c1a290eca50abe96d7ce8aafe953518eaddb92cf087d5835f827da,KP_order.pdf,0.09,unclassified,unclassified,15,Gmail - Order Confirmation for Order #29092153,Brandon Behring,,,False,,,,,,,3663,True,False,5925139f8b92a73a,False,,True
d180172b2153db0a19142ad67d4490d3c787cc16a95376f4e7e77cc0feaa5872,KSC+Method.pdf,0.86,unclassified,unclassified,15,KSC+Method,Andy,,,False,,,,,,,6311,True,False,2a6d2f9eb0c5996b,False,,True
16e848196b0858cac04e5cc5fc86f14ea5619fa104ecf8773fd5c2a849385544,Kaplan_Schweser_FRM_P2_Basel_Evolution_Revision....pdf,0.06,biology_neuroscience,low,15,Kaplan_Schweser_FRM_P2_Basel_Evolution_Revision,dmcmeekin,,,False,,,,finance,low,keyword_text,10147,True,False,6c71959b2c70ae73,False,,True
a920c5e1e0a4cd50936ba754d5dfb40f34f72aa8a0144cf14362c81aebd63bf3,Kim2019_Article_ImpactOfTemporalConnectivityPa.pdf,0.8,unclassified,unclassified,15,Kim2019_Article_ImpactOfTemporalConnectivityPa,Kim Hyewon; Ha Meesoon; Jeong Hawoong,,,False,,,,,,,22283,True,False,0628b9aeded66636,False,,True
815e31897ddee842e518eea69392d03ea92ba49c40e5aa735f8cc13fd1bc016f,LAPLACE_TABLE.pdf,0.17,unclassified,unclassified,15,LAPLACE_TABLE,Brandon Behring,,,False,,,,,,,4053,True,False,dc60a2cc655a5c4e,False,,True
109f88483e865d0257026ca1e56ea821690e5ec064dbf0f4199e33088370b278,LPM_Case_Study_Fall2024_Spring2025.pdf,0.07,unclassified,unclassified,15,LPM_Case_Study_Fall2024_Spring2025,Eddie Smith,,,False,,,,,,,1707,True,False,e3819a5048f82a5f,False,,True
9bf37ce3d5c2f24069dd3d1c05f0d1b4fa50597067f887c9c65cfcddcb4cedc9,Landscape_Beamer_Poster_Template.pdf,0.16,unclassified,unclassified,15,Landscape_Beamer_Poster_Template,John Smith; James Smith; Jane Smith,,,False,,,,,,,4578,True,False,1747efcdc4eab9c6,False,,True
047f8f82a1afaebf5c9433d92cccf271bb5b3bd224c10671f47afe8543cd47bd,Lebesgue.pdf,0.22,mathematics,medium,15,THE CABBIBO ANGLE AND WEINBERG ANGLE,vick,,,False,,,,mathematics,medium,keyword_text,5241,True,False,52b44f99a484a50d,False,,True
37b3f0dc0ac48b3cbeb495ef5830a36f303080923eb0cb64e9252ac086e7a21f,Lecture_1.pdf,0.22,unclassified,unclassified,15,Lecture 1: Matrices and Systems of Linear Equations,Brandon Behring,,,False,,,,,,,2859,True,False,447df990d8365aaf,False,,True
d85dd02f71bfa41e177c0d9ee3ed762e1e710c393195b6087cc634c5973346e2,Lecture_1_2.pdf,0.63,unclassified,unclassified,15,Lecture_1_2,Brandon Behring,,,False,,,,,,,2107,True,False,c93d182635861223,False,,True
d01c1268740e37f5290e90383fd9280536336129da4fba68e62e384a2d212404,Lecture_1_overlayed (2020-09-09 19-42-58).pdf,2.83,unclassified,unclassified,15,Lecture_1_overlayed (2020-09-09 19-42-58),Brandon Behring,2020,,False,,,,,,,2110,True,False,f5a9092d8f81d164,False,,True
3c14c42eac9dd59086defe887b07603d8406f66c6f92faa2e8811b1901aae9fc,Leitch2019_Article_TowardEpidemicThresholdsOnTemp.pdf,0.55,unclassified,unclassified,15,Leitch2019_Article_TowardEpidemicThresholdsOnTemp,Jack Leitch,,,False,,,,,,,16616,True,False,7cc7b81aa37b0bbe,False,,True
a14cb496a067f5de7e9bbfd6278c9f212635a89b0a965527656c2b1543fd4480,Li2018_Article_RandomizedAlgorithmsForDistrib.pdf,0.52,linear_algebra,low,15,Li2018_Article_RandomizedAlgorithmsForDistrib,Huamin Li,,,False,,,,,,,14432,True,False,900c9d9e2a1b77bc,False,,True
5fef80697e8575d633e85c127fb798a1cb71cbf99e5439f5a5fc5fdd9a085528,Linux Server.pdf,0.2,unclassified,unclassified,15,Linux Server,Maurizio Porfiri,,,False,,,,,,,801,True,False,ec50b0e243b05933,False,,True
50d32c3a817f1e69b211751e2e7411e07ea4eaf4f99ebba7fd414cdae0e71f62,M112-FinalF16.pdf,0.26,unclassified,unclassified,15,M112-FinalF16,Porus; Jonathan J,,,False,,,,,,,1629,True,False,07b498456e6fd041,False,,True
f24e95b6f376100f57f9bea282d279ccd12c59378dce26ec422d52cad98a507d,M340S16Lab 1.pdf,0.13,unclassified,unclassified,15,M340S16Lab 1,Vally,,,False,,,,,,,6161,True,False,a2cb80b8699f9cad,False,,True
4ee635db385603a0cb641d9726a67b2dbfc5702548d6444c7ba7079d08188886,M707LectureNotes_4a_mechanics.pdf,0.83,unclassified,unclassified,15,M707LectureNotes_4a_mechanics,Administrator,,,False,,,,,,,676,True,False,846c9126027459ff,False,,True
f7d3c54444173f9470f39c3c746f5000ddcb09f676c1bdaa6134d0fe7999957c,M707LectureNotes_7a_scatteringFromDelta.pdf,0.75,unclassified,unclassified,15,M707LectureNotes_7a_scatteringFromDelta,rmoore,,,False,,,,,,,110,True,False,a6df51e5cbf9d32b,False,,True
5a8e3453c49e4d6a00bc53b38b78868bb48889ad9021e12a36a5c53930fb7c62,M707LectureNotes_9a_perturbationTheoryKdV.pdf,0.66,dynamical_systems,low,15,M707LectureNotes_9a_perturbationTheoryKdV,rmoore,,,False,,,,,,,129,True,False,8c38d19209d5e831,False,,True
bf41c7cee564b1063c661cd7223bd30ed51866f9e1f68dcefac886656349d2db,MASII_Content_Outline.pdf,0.19,unclassified,unclassified,15,MASII_Content_Outline,Robin Gault-Winton,,,False,,,,,,,9699,True,False,32e77ade2d40ca0e,False,,True
0bd233bd23e60430706b52ab37eb248a9b14d33f9fe3d9bc0712a9e763e2e610,MASI_Content_Outline.pdf,0.16,unclassified,unclassified,15,MASI_Content_Outline,Robin Gault-Winton,,,False,,,,,,,5486,True,False,956e1c83a87f1a7a,False,,True
f782ece0bb156411c921e11ca9ee47f343ae886990c0e67642906b78258902c3,MATH 656 S11 final exam solutions 2.pdf,0.13,unclassified,unclassified,15,MATH 656 S11 final exam solutions 2,Victor,,,False,,,,,,,8648,True,False,1d5c6b8c2147ce93,False,,True
e66a0f67021ed3be71c508cc7a4f35e0fabff4b67d7494e938a462f66aac615a,MDP.pdf,0.8,reinforcement_learning,medium,15,Lecture 2: Markov Decision Processes,David Silver,,,False,,,,reinforcement_learning,medium,keyword_text,1496,True,False,0ef8da0385840376,False,,True
fb390398c05794e253c84953cd4d8e659c28024ad2e47bae68a71b6d222f4f4b,ME-GY 6003 Final Exam Paul Han.pdf,10.74,unclassified,unclassified,15,ME-GY 6003 Final Exam Paul Han,,,,False,,,,,,,155,True,False,246716c75d33e9a0,False,,True
13f6090ce7e20e0469bf3ba261500aa551e47d5801b1a2877b527978ef9e630e,ME-GY 6003 Final Exam Yege Qian.pdf,11.46,linear_algebra,low,15,ME-GY 6003 Final Exam Yege Qian,,,,False,,,,linear_algebra,low,keyword_text,1532,True,False,b04f239e9b7ea10d,False,,True
0240840bce4a4b655693600a86aa43718ce5c46f1393842e10509244ef783987,ME_GY_6003_HW_2_solutions.pdf,0.14,unclassified,unclassified,15,ME-GY 6003 HW #2,Brandon Behring,,,False,,,,,,,6157,True,False,a182be9a434c2849,False,,True
1f1765a8cc29be09cb74955b088662cd5822114056ef228b813707b2e28efce9,MINE2019.pdf,0.78,dynamical_systems,high,15,Topological features determining the error in the inference of networks using transfer entropy,Roy H. Goodman; Maurizio Porfiri,,,False,,,,,,,16364,True,False,0e8d2983f0479afc,False,,True
da0b683bc7f4b1f68768b47073e896d9d2a689c31eece90bc72291fa69c84015,Math 656 S14 final exam v3 solution.pdf,0.17,unclassified,unclassified,15,Math 656 S14 final exam v3 solution,Victor,,,False,,,,,,,5816,True,False,521b5cce0c592619,False,,True
35730f5ed35774447c371685db34f2bf336d713d4f317e57893e9c69b9f7bde0,Math 656 S15 final exam solution.pdf,0.05,unclassified,unclassified,15,Math 656 S15 final exam solution,Victor,,,False,,,,,,,7067,True,False,233db931f16baeb1,False,,True
2df43a1aadb56c5caacdf2e2c74861a892bbf22bae0cb6cd2db91af71ad93299,Math 656 S16 HW12.pdf,0.08,mathematics,low,15,Math 656 S16 HW12,Victor,,,False,,,,mathematics,low,keyword_text,624,True,False,c6f88c93601b729f,False,,True
03cbcac41fdf3038e11457d8ccac262e3a898d914a72f78ecd32e1920164b1ce,Math 656 S16 HW13.pdf,0.08,unclassified,unclassified,15,Math 656 S16 HW13,Victor,,,False,,,,,,,829,True,False,638a77a44476d7e5,False,,True
5c8cde0e4f69e8fdbb982f0e9fb8a547327880aca6f4604f7e5977d564d19f7a,Math 656 S16 HW3.pdf,0.07,unclassified,unclassified,15,Math 656 S16 HW3,Victor,,,False,,,,,,,1286,True,False,1b96ed57af9ee885,False,,True
2e1248075a546f84c09edef203052c0dfd58723c54778fc5652034b223051306,Math 656 S16 HW4.pdf,0.1,unclassified,unclassified,15,Math 656 S16 HW4,Victor,,,False,,,,,,,1875,True,False,7b690ccb3a57da03,False,,True
104bcb3d97a06cdf1effa16c498ecb07d080fa5f32f725ba5c560742d6c7997b,Math 656 S16 HW6.pdf,0.09,mathematics,medium,15,Math 656 S16 HW6,Victor,,,False,,,,mathematics,medium,keyword_text,1804,True,False,79ac091c760b507b,False,,True
c5e5add36c7867aef78fd61a7969f06ec4504a02d2d83b50540128ff1351a304,Math 656 S16 HW8 1.pdf,0.11,mathematics,low,15,Math 656 S16 HW8 1,Victor,,,False,,,,mathematics,low,keyword_text,1546,True,False,e9a21ff62196cbe6,False,,True
255930e7fbcc3a0c99251170a7ae23672e5a6f02d335cda3800764be7b8c84d3,Math 656 S16 final exam solution.pdf,0.18,unclassified,unclassified,15,Math 656 S16 final exam solution,Victor,,,False,,,,,,,7474,True,False,2d4c8ae50043964a,False,,True
4b6a087a568afbda5b00e46e1992cc7efa2b9131ed1c0f1d008e65fd5aa239a2,NJD3170031.pdf,0.19,unclassified,unclassified,15,NJD3170031,Oracle Reports,,,False,,,,,,,5715,True,False,9f3823b3a373ceb0,False,,True
f00aff1c9ce43d1e8c9051fa939a1620346e3fb9026d99924e96f3110b010ff1,Nakayama_Entropy.pdf,0.45,unclassified,unclassified,15,Nakayama_Entropy,Shinnosuke Nakayama; Vrishin R. Soman; Maurizio Porfiri,,,False,,,,,,,17704,True,False,70a37f8524b33bc9,False,,True
7433c21ff2a6563d8f53eae73bd88107cf486fbe212a4497303e16d5b98fd2fe,On_the_floquet_exponents_of_Hills_equation_systems.pdf,0.17,mathematics,low,15,On_the_floquet_exponents_of_Hills_equation_systems,Robert Denk,,,False,,,,mathematics,low,keyword_text,9264,True,False,b827e004eb518fb0,False,,True
6a1fa79328388f7eac84f0bc36ac546cc06a3f4726793ede749b81094ebef6ee,Operations and Error.pdf,0.19,unclassified,unclassified,15,Operations and Error,Administrator,,,False,,,,,,,8628,True,False,918d1184b9e2a47e,False,,True
27f29e25e83970a1f510a264b3ee7fb761a1916ee5007dcb5af9ce0ee24b42f8,Outreach list of contacts for Education (Internal DSL only).pdf,0.31,unclassified,unclassified,15,Outreach list of contacts for Education (Internal DSL only),Paul,,,False,,,,,,,3002,True,False,f6e45bf90779e075,False,,True
c39bb3e5dd38274dbf4544c3aeeb52b348684d08b6a2b0de8f94d2027ddcebd7,PAF_Assignment_(PDF).pdf,0.12,unclassified,unclassified,15,PAF_Assignment_(PDF),Christovich; Collin W (Genworth),,,False,,,,,,,6267,True,False,b460e16e4fbfd850,False,,True
9e9a44e30ca7c27a801a450c400fa326b1f8eb95a2434b99f2386fede195ce16,PAK_Exam_Aid_ERM_Sample.pdf,0.29,finance,low,15,PAK_Exam_Aid_ERM_Sample,Eddy,,,False,,,,finance,low,keyword_text,5978,True,False,77a8e6b28ddc3419,False,,True
29d1c8ebe1c37c2a2b7ef5070cb890dda58b56939ab6c39abf5da13ab19ccad4,PAK_Flash_Cards_ERM_Sample.pdf,0.26,finance,low,15,PAK_Flash_Cards_ERM_Sample,Eddy,,,False,,,,finance,low,keyword_text,1588,True,False,3c2b3f65b2c46b35,False,,True
f35f4c436df2b43eb5711fcdeb63dc3a49230410d7037fca7a78a0157f663420,PAK_Study_Manual_ERM_Sample.pdf,0.9,finance,low,15,PAK_Study_Manual_ERM_Sample,Eddy,,,False,,,,finance,low,keyword_text,9816,True,False,570b8b47126fd0f5,False,,True
c6fd4f4574c46f7ddf19d7fe31ffdef83dd4223214b72232a8385b15841412fe,PAK_Test_Aid_ERM_Sample.pdf,0.16,unclassified,unclassified,15,PAK_Test_Aid_ERM_Sample,Eddy,,,False,,,,,,,3053,True,False,c6eefa2c42573da1,False,,True
b93ccb7388c356b0a4468fcc5a9ac4acc173223f9dc826c66814bd537e3fa374,Pay_Stub_October_2020.pdf,0.06,unclassified,unclassified,15,Pay_Stub_October_2020,Brandon Behring,,,False,,,,,,,596,True,False,716c7a99ab2ac2ba,False,,True
2d409135b7c9457d5fdc0e1f733c45ae71684442df0733154e776aef3b1828f8,Periodic_solutions_of_planetary_systems_with_satel.pdf,0.67,unclassified,unclassified,15,Periodic_solutions_of_planetary_systems_with_satel,E.A. Kudryavtseva,,,False,,,,,,,12316,True,False,c62cff688e1b1409,False,,True
c608ab674bcc3cd94208bce667bd984dda72867104cbac9da783b504fa0fe0c1,Photo Requirements.pdf,0.29,unclassified,unclassified,15,Photo Requirements,Tom Dymowski,,,False,,,,,,,1345,True,False,34c358ccabe18d3c,False,,True
71f021f13a2569da7d0009b4454e733e0a6e7b7c47db7999f6cc90e27fcd76d4,PhysRevE.97.012313.pdf,0.58,unclassified,unclassified,15,PhysRevE.97.012313,Antoine Moinet,,,False,,,,,,,29799,True,False,085bebd81e3e4cdd,False,,True
a6908a7f9ccd8f532c70b257da834a4939139c586a2e5b283aa69f5ca4e96786,PhysRevE.98.062303.pdf,0.59,unclassified,unclassified,15,PhysRevE.98.062303,Quan-Hui Liu,,,False,,,,,,,29845,True,False,e410578e99871526,False,,True
49780b96af25eb7ea1bce4d27b228d2c5506405c82c0ad6131e03a229d567292,PhysRevE.98.062315.pdf,0.4,unclassified,unclassified,15,PhysRevE.98.062315,Michele Tizzani,,,False,,,,,,,28230,True,False,b12dd470c750798a,False,,True
ec3ae6dc44ec145273a492756421e261801e640ebe359083291a292e2812aa12,PhysRevE.98.062322 2.pdf,0.59,unclassified,unclassified,15,PhysRevE.98.062322 2,Ping Hu,,,False,,,,,,,26054,True,False,1e09b3479530c4ec,False,,True
e5830ef3423273b31305ea1deb26d0a6461f260949061ec9bc868df9e67fdac2,PhysRevE.99.050303.pdf,0.99,unclassified,unclassified,15,PhysRevE.99.050303,Terry Brett,,,False,,,,,,,27724,True,False,b1c28301cebc2e68,False,,True
04d8bb358163ff9729a4f2dfd3057a6d76edf22ed3a68497a0d487e0b019a494,PhysRevResearch.2.023073.pdf,0.65,mathematics,low,15,PhysRevResearch.2.023073,Takayuki Hiraoka,,,False,,,,,,,24713,True,False,4c52515e60c8e8b3,False,,True
cd7275bcc041584cedef1cfc2a5dbf9cc0c72f91e6d00bc90d4f911e0cd7fc29,Print_Park_Lab_7.pdf,0.36,unclassified,unclassified,15,Print_Park_Lab_7,park,,,False,,,,,,,4559,True,False,2ad01f5c341d9d75,False,,True
dc16d433b4e017341c12b637f60446c7e44466cb55fcdd4e5153c52719986ab6,Proof_of_existence_of_breathers_for_time-reversibl.pdf,0.83,mathematics,low,15,Proof_of_existence_of_breathers_for_time-reversibl,Administrator,,,False,,,,physics,low,keyword_text,18575,True,False,3a2e130e10e0aec1,False,,True
6c489a1f30b1dc5c1a45795caf6d2957ee0bdfc9c4c059999bd7fb8e3951f0a8,Prudential.pdf,0.62,data_science,low,15,Prudential,Brandon Behring,,,False,,,,,,,294,True,False,e799a68856cb5dc4,False,,True
c9ba022cab12973b6e3013f79d347c94b4858487115f7d651ffb5840d7e360ab,QFIIRM_2014Fall_Questions.pdf,0.18,unclassified,unclassified,15,QFIIRM_2014Fall_Questions,Society of Actuaries,,,False,,,,,,,4938,True,False,c34fc790a76556a2,False,,True
3cb1ea143598992ee31619cfff54a3d623ec7701701fcfdf119186fc84f077d1,QFIIRM_2016Fall_Solutions.pdf,0.51,mathematics,low,15,QFIIRM_2016Fall_Solutions,SOA,,,False,,,,,,,9945,True,False,c2e828e42e9f29a7,False,,True
5008f2c1e03e41543b46c3c7d12fc5f9f29a366d342f9d96f9246a853178e95c,QFIIRM_2017Spring_Solutions.pdf,0.61,mathematics,low,15,QFIIRM_2017Spring_Solutions,SOA,,,False,,,,,,,7775,True,False,e793451051fd6777,False,,True
a35050657cad3088840ecec9ca9a1241954657d09a10b0b4021e805cec604c51,QFIIRM_2022Fall_Questions.pdf,0.25,finance,medium,15,QFIIRM_2022Fall_Questions,Society of Actuaries,,,False,,,,,,,5066,True,False,ace3a89e1e63e87d,False,,True
a094eadc89f8ef9cf3fc85f6bf160e97fe1619895cbaef260c23773499e96815,QFIIRM_2022Fall_Solutions.pdf,0.15,finance,low,15,QFIIRM_2022Fall_Solutions,SOA,,,False,,,,finance,low,keyword_text,8182,True,False,e6942480b10b0236,False,,True
1c26b3b339733f6ad4e8c9c570cf9ae2fec14aeba8edfd8d6058d27c0930f2c7,QFIIRM_2023Spring_Questions.pdf,0.28,unclassified,unclassified,15,QFIIRM_2023Spring_Questions,Society of Actuaries,,,False,,,,,,,5434,True,False,c88bccdfcd215f25,False,,True
cea59082a8a0859c2fd28de169562c9171d23591b98bfc8755cf709b8984bcf0,QFIIRM_Fall2021_Questions.pdf,0.21,finance,medium,15,QFIIRM_Fall2021_Questions,Society of Actuaries,,,False,,,,,,,5591,True,False,1d1891a1c9861595,False,,True
9e573050a7570fd1592eb32fde425f97793a53cd0f4aa631be439e366b4c353b,QFIIRM_Fall2021_Solutions.pdf,0.19,mathematics,low,15,QFIIRM_Fall2021_Solutions,Society of Actuaries,,,False,,,,finance,low,keyword_text,6122,True,False,f2c004867ac045e1,False,,True
6dae2b04b2b3490dfb25dc518ff52f416a98d809da68fa289516e540a20211a3,RJournal_2011-1_Ardia_et_al.pdf,0.42,biology_neuroscience,medium,15,RJournal_2011-1_Ardia_et_al,David Ardia et al,,,False,,,,biology_neuroscience,medium,keyword_text,18691,True,False,7dc28729f27f4796,False,,True
bafc0662822e44e07494bd3d14cd2dee55ea7e30431c18bfa0d452c22e4ab426,Re-Disclosed LE 08_26_2024.pdf,0.29,unclassified,unclassified,15,Re-Disclosed LE 08_26_2024,author,,,False,,,,,,,9214,True,False,7dfa90c84c902e89,False,,True
47c5f85c93e113be5b9a0e50b45f609113c545c02e0748c6a4239352b50ebeca,Regular_and_Chaotic_Solutions_of_the_Sitnikov_Prob.pdf,0.22,unclassified,unclassified,15,C:KLUWERCELECELE1818CELE1818.DVI,B L Ganju (Thomson Press India) 1267 1997 Feb 07 16:25:21,,,False,,,,,,,9262,True,False,fe39bac1b6aa70c5,False,fuzzy_dup_446,True
0965f79caeac01b15305dda0072047139abafe83e3565d26314a738cd04d1ca5,S1064562418020163.pdf,0.16,physics,medium,15,S1064562418020163,Input2,,,False,,,,physics,medium,keyword_text,12205,True,False,a96da53c30f21a4a,False,,True
2cc0f3507d09925ff9d7b135cf4b6dbb1ce4c56372254b7eb01b6dcc6b2ac546,SQL-Commands-Cheat-Sheet.pdf,0.25,sql,low,15,SQL-Commands-Cheat-Sheet,richa goal,,,False,,,,,,,6831,True,False,b9a8d5917c6e9eff,False,,True
152610aef58c2d9d524eecd856fffbd1ef52d170cdb6cb2d11d16e4c2913be13,SRI_220_M1L1_Summary.pdf,0.34,unclassified,unclassified,15,SRI_220_M1L1_Summary,appletonj,,,False,,,,,,,3281,True,False,879c9a6cd14efbd5,False,,True
6293f22ad21304c56abdefb5fba602b4389b7472c6ee15b178f35a8906276cd3,SRI_220_M1L2_Summary.pdf,0.42,unclassified,unclassified,15,SRI_220_M1L2_Summary,appletonj,,,False,,,,,,,3556,True,False,fa105c91449d0fe9,False,,True
b41b82bf50948e749c9a92e898a04821288461cb5435fc74a87215c4adc86f61,SRI_220_M1L3_Summary.pdf,0.27,unclassified,unclassified,15,SRI_220_M1L3_Summary,appletonj,,,False,,,,,,,2572,True,False,b25b061d9479f09f,False,,True
e462100135a2e7addc53c22adf0bfef51a6ec2eeb1cd6eb310e9ab0854ee7120,SRI_220_M1L4_Summary.pdf,0.27,unclassified,unclassified,15,SRI_220_M1L4_Summary,appletonj,,,False,,,,,,,2692,True,False,c137fb099a637a6b,False,,True
8d273fd14568cda05fb3578237f806de2e346a10f475e4ffd67a04f1adf85f97,SSRN-id1938141.pdf,0.26,unclassified,unclassified,15,SSRN-id1938141,J Euchi,,,False,,,,,,,19478,True,False,0e10b98d6b7767ae,False,,True
f3eb5dd0f8c527169f4fafb2d58c15fb2af77653907f6f970c79048ab1147b02,ScherpenslidesJS-BIRSJuly2017.pdf.pdf,0.93,dynamical_systems,medium,15,ScherpenslidesJS-BIRSJuly2017.pdf,Hildeberto Jardon Kojakhmetov; Jacquelien M.A. Scherpen   Jan C. Willems Center for Systems; Control  Faculty of Science; Engineering University of Groningen,,,False,,,,physics,low,keyword_text,2645,True,False,4e06ce38d8cb0cd0,False,,True
236afcd6b6ff096b887aa8a867374272d22bf9f2d4e1384bb520e032d4f72db1,September2023.pdf,0.34,unclassified,unclassified,15,September2023,Citi,,,False,,,,,,,18034,True,False,871c2a8bc74326df,False,,True
f2b18662194b363698fff887adf22fa17f7fcc2aaa019a00ebb8b5ef947e4fe6,Server 25.pdf,0.25,dynamical_systems,low,15,Overview-bio,Maurizio Porfiri,,,False,,,,dynamical_systems,low,keyword_text,2056,True,False,5cfcbca3a3a0aaca,False,,True
82643e9235ab932a9d8b3317d4ebd407fe78583676b36dc68921a0882f44bc4d,Splines.pdf,0.18,unclassified,unclassified,15,Splines,Administrator,,,False,,,,,,,8165,True,False,42e41edafb04eb13,False,,True
a13507822dcb8a145f898599fa073c715f7a8cca2dcba44fea22775b1234db41,Stability_of_equilibria_and_fixed_points_of_conser 1.pdf,0.2,mathematics,medium,15,D:EJSNO9509.DVI,IOP Publishing #1 1065 1999 Feb 15 15:01:04,,,False,,,,mathematics,medium,keyword_text,9600,True,False,ae1deb27c1863b39,False,fuzzy_dup_448,True
6c118d68cd5a6e04413df1e9897b6f8d4343b8c3bfeb08b9a505b67160a11ecd,Stay - Chadakarn Sirasitthichoke.pdf,0.4,unclassified,unclassified,15,Expenses.pdf,cs437,,,False,,,,,,,4864,True,False,a75414f68bae6fc9,False,,True
f55f9f149c29ec83fe6507a9f36f209fce16f127a7672b2a24dfbcaf17db4499,Strength+and+Mass+After+40+1.pdf,0.36,unclassified,unclassified,15,Strength+and+Mass+After+40+1,Andy,,,False,,,,,,,9203,True,False,80e34feb4b69c7e1,False,,True
5367eea934ef554f6c0bcf9670f131bbaab5189f5079bd37e3531009d1f349f4,StudentSolutionManual.pdf,0.91,finance,low,15,StudentSolutionManual,fpverone,,,False,,,,finance,low,keyword_text,3770,True,False,9b6eedf32aa9f284,False,,True
9d2caff6f29b299151256ce6ed18f1aa2cfacb17d96c364358cdefe291c615fb,Tatyana_ACCOUNT_BALANCE.pdf,0.06,unclassified,unclassified,15,Tatyana_ACCOUNT_BALANCE,Brandon Behring,,,False,,,,,,,5114,True,False,d5d0307ec13847d9,False,,True
c24a9e8f5202969212c8e966291d04d2f070177ef8b18c8e08c971d7f70ad9cb,Tatyana_ACCOUNT_BALANCE_URL.pdf,0.2,unclassified,unclassified,15,Tatyana_ACCOUNT_BALANCE_URL,Brandon Behring,,,False,,,,,,,4973,True,False,43d68a91bb15605e,False,,True
65a6300e500a17c8d555207f6a5c85e8cb4904571175b78b33c370b7b1d5ab81,Tatyanba_TRANSACTION_URL.pdf,0.25,unclassified,unclassified,15,Tatyanba_TRANSACTION_URL,Brandon Behring,,,False,,,,,,,4010,True,False,f393d684cc0276d8,False,,True
1ccb324040a1cceca01296bafd9f0cd4d3acf7e050d400718d85c949bfbb77e0,Temporary_Photo_Document-2.pdf,0.31,unclassified,unclassified,15,Temporary_Photo_Document-2,New York State Department of Motor Vehicles,,,False,,,,,,,2786,True,False,36f5a5957883f43f,False,,True
966347ed47876d63beb6cce94040a9bac02943e9e67c0d9d9056005368c50ef5,Temporary_Photo_Document.pdf,0.27,unclassified,unclassified,15,Temporary_Photo_Document,lfiacco,,,False,,,,,,,2807,True,False,e20d34c23b451ab2,False,,True
b0a007349fe9c1924cf791e1b38ef0ef051b45401675f2257c4af7c26eaccd52,Temporary_Registration_GUR1924.pdf,0.08,unclassified,unclassified,15,Temporary_Registration_GUR1924,rdonnelly,,,False,,,,,,,1336,True,False,2cd0a6cea00ab9dc,False,,True
efdc458d47f13578dd92f6e48bc931258e3f3bd266c58a6d1ef7319675cd895c,The+KSC+Texas+Method.pdf.pdf,1.07,unclassified,unclassified,15,The+KSC+Texas+Method.pdf,Andy,,,False,,,,,,,11216,True,False,4a5aa2b4eef27c06,False,,True
e046127d6eeb2ef5022c9403da5850d51bf209f69d48c1eb2e4f62fff170efe3,Total Rewards Overview.pdf,0.19,unclassified,unclassified,15,Total Rewards Overview,x172216,,,False,,,,,,,6102,True,False,fa398701ab7f0369,False,,True
00b5cc3e558f986dc07317e601a2809292b37a178136543b523865c6a3686475,Transaction_2.pdf,0.29,unclassified,unclassified,15,Transaction_2,Registered to: RRDONNEL,,,False,,,,,,,9426,True,False,49e366c4ce68ada9,False,,True
61a58c11606245e1bff734ae05b87d8008b66b566fa19d9a5074ec9e14738612,Transition_to_chaos_in_dynamics_of_four_point_vort-4.pdf,0.32,dynamical_systems,low,15,DANPhys5_06Borisov_ILO,sgmlprep,,,False,,,,,,,13244,True,False,bfd9a3285bfc5eaf,False,,True
73f2646bfe8122fe1a35b93d037693dda196a788448ec8c103b8b5ea8c81102f,Travel Authorization_Reimbursement Request Form (2).pdf,0.09,unclassified,unclassified,15,travel_reimb.xls,toomey,,,False,,,,,,,1544,True,False,1e153a7886ee2ebb,False,,True
3280b0ee12e0e2da61108958be4159e8ac81b28b38dcac806710529c384c8eba,UD2uiKtDSEW9roirQzhFPw_0cdc8cf353254b21b8d1353a51e89af1_Financial-Engineering-Risk-Management---Review-of-Basic-Probability.pdf,0.68,finance,medium,15,Financial Engineering & Risk Management - Review of Basic Probability,M. Haugh; G. Iyengar,,,False,,,,probability_theory,low,keyword_text,1992,True,False,2f4721b564c6ae86,False,,True
97984f3931eb5fae69d1aca75398196f46000e512bd763ea88807f0228841f26,USCIS Form I-9.pdf,0.24,unclassified,unclassified,15,USCIS Form I-9,kepowers,,,False,,,,,,,9316,True,False,7885089fdcfa0978,False,,True
b45978e979738616de3dc92fdbcc281c95aa8963f053ec10b2b5fb4465757251,Valerie.pdf,0.08,unclassified,unclassified,15,Practice Exam,Brandon Behring,,,False,,,,,,,1898,True,False,8bb4c7e1104f7e5b,False,,True
2c9f2444a393ce13a0b4a45d07391f28af09792084e6d0a27c7972a0d1c1a78d,Vanguard_1.pdf,0.09,unclassified,unclassified,15,Vanguard_1,Brandon Behring,,,False,,,,,,,4880,True,False,7c2f38638650e875,False,,True
4354554a0226c736a54473b437ba373ea5cb80050f666292ae5a1727183c99e2,Weekly_Progress_Report_W36.pdf,0.08,unclassified,unclassified,15,Weekly_Progress_Report_W36,Simon Carrillo Segura,,,False,,,,,,,1634,True,False,35a524271d17e2b7,False,,True
e6863084cf1a98eab1b0f63fdfb2ac5c6cd70b76ea424c4f679dcd5c3058fcb7,Weekly_report_latex.pdf,0.51,unclassified,unclassified,15,Weekly_report_latex,Kevin Jose,,,False,,,,,,,902,True,False,403f982fb1cb37df,False,,True
e81c2d128375519da9eee2e03f078f9a096b44a6fd66470118e24e5c6b0b3513,"Your Account Is Ready to Fund - Fidelity,Your Accounts Are Ready to Fund - Fidelity.pdf",0.06,unclassified,unclassified,15,"Your Account Is Ready to Fund - Fidelity,Your Accounts Are Ready to Fund - Fidelity",Brandon Behring,,,False,,,,,,,823,True,False,def3777de3b164e9,False,,True
bff5e26536d9a0def92362c1df1fd163f44e3220f11135e84d3e4a3afcc90940,_02731efa14ead027153514642019f519_Partial-Autocorrelation-and-the-PACF-Concept-Development.pdf,0.61,unclassified,unclassified,15,02731efa14ead027153514642019f519_Partial-Autocorrelation-and-the-PACF-Concept-Development,Thistleton,,,False,,,,,,,7499,True,False,040d752c673b9bdf,False,,True
b40444599474aa8f2dbc5304a22915e800123a01e43b18de8d1f46e4174344f9,_374ac75bfb1940158d7e4052f7c03d09_Stationarity---Examples--White-Noise_-Random-Walks_-and-Moving-Averages.pdf,0.49,time_series,medium,15,Thistleton and Sadigov	Stationarity: Properties and Examples	Week 2,Thistleton,,,False,,,,time_series,medium,keyword_text,5704,True,False,08c05762659886e5,False,fuzzy_dup_453,True
5f455e9f220f958ab8c5c11f1b1519e65f94d85a57fe4cb91bd8849e455f06f5,_3dd83ce2db3af01c533e5d0ffff5f7a0_Partial-Autocorrelation-and-the-PACF-First-Examples.pdf,0.6,time_series,medium,15,3dd83ce2db3af01c533e5d0ffff5f7a0_Partial-Autocorrelation-and-the-PACF-First-Examples,Thistleton,,,False,,,,time_series,medium,keyword_text,6497,True,False,7983d15ef01f603a,False,,True
c82fc0a74b34a4309fb5a7c70871ccc6c879274a6c895b295fbf06011d31e774,_683d9f191bc1aa063d0b121be1add7e8_Autoregressive-Processes----Definition-and-First-Examples.pdf,0.73,time_series,medium,15,683d9f191bc1aa063d0b121be1add7e8_Autoregressive-Processes----Definition-and-First-Examples,Thistleton,,,False,,,,time_series,medium,keyword_text,5063,True,False,cd593c7b073c180b,False,,True
0797618736cdc6540e53962f9bf99e36617fb2d14708d29527d02430e5181a85,_715a828570906ee4c5d7b9394792985c_Akaike-Information-Criterion-and-Model-Quality.pdf,0.64,time_series,medium,15,715a828570906ee4c5d7b9394792985c_Akaike-Information-Criterion-and-Model-Quality,Thistleton,,,False,,,,time_series,medium,keyword_text,8103,True,False,750fede0bb7d58eb,False,,True
26c14132c19d683c6a7e29f408300269f284e102aea046a349790ea3e800887d,_7925cda2857e2aa89638d42f4b6cb8e9_Introduction-to-Forecasting---SES.pdf,0.71,time_series,medium,15,7925cda2857e2aa89638d42f4b6cb8e9_Introduction-to-Forecasting---SES,Thistleton,,,False,,,,time_series,medium,keyword_text,7320,True,False,9c1ef9c3da60a409,False,,True
3d32d860e9ea035c7ec99d089ac7462c44126824a2736487347068313d176636,_87a8ebf74ebb10cc6bf59998e3dbf502_ARMA-Properties-and-a-Little-Theory.pdf,0.65,time_series,medium,15,87a8ebf74ebb10cc6bf59998e3dbf502_ARMA-Properties-and-a-Little-Theory,Thistleton,,,False,,,,time_series,medium,keyword_text,7011,True,False,4d5c1dde8c2f80f7,False,,True
93bc9e6f28473785c2686e58d786548c7a2cb9b2501d5e403f6111b788dfa629,_9b250c9618ca8683ceba9343e0c0c83a_Introduction-to-R---Reviewing-Basic-Statistics.pdf,0.73,time_series,low,15,9b250c9618ca8683ceba9343e0c0c83a_Introduction-to-R---Reviewing-Basic-Statistics,Thistleton,,,False,,,,time_series,low,keyword_text,7160,True,False,5d0b131c7fc5a592,False,,True
ddd818288537b56ad8f08c0b9a23f87679cbb7e97afdd1bac36fdabf623b5d9a,_9f519c0659a3087b81b4e07b7dc39dd2_Week-5---slides---White.pdf,1.22,time_series,medium,15,9f519c0659a3087b81b4e07b7dc39dd2_Week-5---slides---White,thistleton,,,False,,,,time_series,medium,keyword_text,820,True,False,f2edcb3816f2c0f1,False,,True
69dfc4c7147b7da831c86e96bb21d7417c83b9b3b1de5df5933ba9539d1b7663,_abd6986bc2f9f05be40002e2ed403dec_Yule-Walker-Equations-2.pdf,0.3,unclassified,unclassified,15,abd6986bc2f9f05be40002e2ed403dec_Yule-Walker-Equations-2,thistleton,,,False,,,,,,,1026,True,False,e32def5d7b8c3d3f,False,,True
fd1cd5c71e4855bbf82146adb30a09c001573d10f04d423cb8f50e36f92a63fd,_cf96860ff7f850acc2e4469c49fcfd98_Week-4---slides---White.pdf,0.61,time_series,low,15,cf96860ff7f850acc2e4469c49fcfd98_Week-4---slides---White,thistleton,,,False,,,,time_series,low,keyword_text,715,True,False,e759643f175e24a1,False,,True
2b4a24f40b62794d930033f8cf0128f0de499b00cc249af63882d789406551d2,acquaviva2014.pdf,0.21,fitness,low,15,acquaviva2014,Francesco,,,False,,,,fitness,low,keyword_text,29213,True,False,7a9aec2e954706df,False,,True
1192ab34ed2fe02d2ba58be036e45756d03abca3ca439caade251e2e1fdb4c91,actuarius_to_actuary.pdf,0.3,unclassified,unclassified,15,actuarius_to_actuary,MMobley,,,False,,,,,,,19251,True,False,9dbdc58d03489a66,False,,True
181243c9113ef3fc00546da0e81e7aec5caabb10187bf6cfd784283aa3e58d86,application-credibility-theory.pdf,0.89,actuarial_insurance,low,15,application-credibility-theory,Leslie Jones,,,False,,,,actuarial_insurance,low,keyword_text,13645,True,False,efa996d47444fcc2,False,,True
019ec4895915e435b52fc4c9af71ad9006ff334f419aa2b38e0491b778cfc6b5,asbestos.pdf,0.18,unclassified,unclassified,15,Asbestos Liability,Insurance Information Institute,,,False,,,,,,,18010,True,False,2f4eba4d253a3859,False,,True
ee77097f535e41e3d4a323b47b4ab682c9fe5760a180e623cafd066d2743b66e,ask_expert.pdf,0.15,finance,low,15,ask_expert,Eric L Clapprood; SOA,,,False,,,,finance,low,keyword_text,9238,True,False,13044a208b1f3949,False,,True
ec2f45ea4f6a2a04fc726a135a555483f7c6bbefb19f50fbe806c5bb1bae653f,asop024_184.pdf,0.14,unclassified,unclassified,15,asop024_184,Kennedy,,,False,,,,,,,4978,True,False,51eb0fae12bbdcbd,False,,True
d227c5d0f3d552468b31730f2d6c489554facd7db82919a5dfaf51e066a43435,asop054_193.pdf,0.18,unclassified,unclassified,15,asop054_193,Kennedy,,,False,,,,,,,5523,True,False,cb5d88b9cac691a2,False,,True
7f7507635ebc30e1f161a322269ba15606bb61264b7217430bed40d472f77ca9,astam-formula-sheet.pdf,0.15,unclassified,unclassified,15,astam-formula-sheet,Society of Actuaries,,,False,,,,,,,3532,True,False,f0c7ed786d4c85f7,False,,True
51ecf28820bb5bd4d89833d57147d13ab7812f966a41f4676b8db0708f38adf6,bcorrect.pdf,0.24,unclassified,unclassified,15,VR172 rev 01 15 Letter Size_VR172 r1 03Birth Appl,Hizzoner,,,False,,,,,,,13460,True,False,c581cdd326b55599,False,,True
18047bb3a7f1a4d6db0e5238c56516eb32b92e1b4fcf5b7ccc5700086b30fc19,bmj.m3720.full.pdf,0.43,unclassified,unclassified,15,bmj.m3720.full,Unknown,,,False,,,,,,,5394,True,False,e2ea3f439e7cd5e1,False,,True
94319b3ef4d6a49899b95287fab2b7a633cb9137a800d6189e525b22c926e4e6,bofa_checking_1.pdf,0.06,unclassified,unclassified,15,bofa_checking_1,Brandon Behring,,,False,,,,,,,5389,True,False,1f53d552eae342ee,False,,True
2333eb9a7bbc67b008085004704b33b7f175928c9925e29f7afe491fd0b5c251,chapter1 2.pdf,14.61,unclassified,unclassified,15,chapter1 2,,,,False,,,,,,,491,True,False,89c58fd023a9ad20,False,,True
5835a131b0c45a0c652dc7fce46a34d0befdae620bdf6347e62a69ecafbd82cd,commonalities.pdf,0.3,actuarial_insurance,low,15,commonalities,MMobley,,,False,,,,,,,6185,True,False,ad1646138f95805a,False,,True
7a5176850efae32d65f73655d180672e9466da388fafd3b034fbee37db1f9eab,compressed__3dd83ce2db3af01c533e5d0ffff5f7a0_Partial-Autocorrelation-and-the-PACF-First-Examples.pdf,0.26,time_series,medium,15,Thistleton and Sadigov	Partial Autocorrelation and the PACF	Week 3,Thistleton,,,False,,,,time_series,medium,keyword_text,6492,True,False,182a09d0c78eea0c,False,,True
ace9298d138349ed6e580caa90e92c1c0742c401c3463994a6d417edff0c5090,compressed__683d9f191bc1aa063d0b121be1add7e8_Autoregressive-Processes----Definition-and-First-Examples.pdf,0.34,time_series,medium,15,compressed__683d9f191bc1aa063d0b121be1add7e8_Autoregressive-Processes----Definition-and-First-Examples,Thistleton,,,False,,,,time_series,medium,keyword_text,5071,True,False,30eaff4bf02e0d33,False,,True
db649ce919351c4ebda1ac66bc068dc8a3e7bd3bea3acce79b518b5e0cf3ac1c,compressed__715a828570906ee4c5d7b9394792985c_Akaike-Information-Criterion-and-Model-Quality.pdf,0.25,time_series,medium,15,compressed__715a828570906ee4c5d7b9394792985c_Akaike-Information-Criterion-and-Model-Quality,Thistleton,,,False,,,,time_series,medium,keyword_text,8099,True,False,6ef1d14ec47f6589,False,,True
1ab5edb482b90f7b54599f93b5ac9f14f98f7320173cedd95d3feba6031e95fe,compressed__7925cda2857e2aa89638d42f4b6cb8e9_Introduction-to-Forecasting---SES.pdf,0.3,time_series,medium,15,compressed__7925cda2857e2aa89638d42f4b6cb8e9_Introduction-to-Forecasting---SES,Thistleton,,,False,,,,time_series,medium,keyword_text,7334,True,False,0742cd2f6e475d0c,False,,True
4dcac2ac286f0d56e33d4de8b09f27e13ae50ca541cb25b37d215e27c3f68e9c,compressed__87a8ebf74ebb10cc6bf59998e3dbf502_ARMA-Properties-and-a-Little-Theory.pdf,0.23,time_series,medium,15,compressed__87a8ebf74ebb10cc6bf59998e3dbf502_ARMA-Properties-and-a-Little-Theory,Thistleton,,,False,,,,time_series,medium,keyword_text,7021,True,False,8997eae2900051aa,False,,True
c796013f03250facd2e738e62ac9de8143a4b60345843cc09f71d6cd460b3fc6,compressed__9b250c9618ca8683ceba9343e0c0c83a_Introduction-to-R---Reviewing-Basic-Statistics.pdf,0.35,time_series,low,15,Thistleton and Sadigov	Reviewing Basic Statistics	Week 1,Thistleton,,,False,,,,time_series,low,keyword_text,7166,True,False,0ad9a5fabce73071,False,,True
0995e01647ffce91c2a54df79671a704c9fdb7fb5e1f51ee41a5048aa38226d3,confirmation.pdf,0.29,unclassified,unclassified,15,confirmation,Registered to: RRDONNEL,,,False,,,,,,,8846,True,False,60e98cb639bfdd6a,False,,True
9b490bebac179d5968ec62b71b0007062479f1b86a28e0946c02a2615b814513,copyright.pdf,0.1,unclassified,unclassified,15,Copyright RIAI,Marina Vallés,,,False,,,,,,,6435,True,False,09cac74473a71696,False,,True
002ab096d86a34d0b05fab9cfe9b57b5fff842ea1fd88e2a8a2775b1dc687de6,d41_non_parametric_easy_handouts.pdf,0.16,unclassified,unclassified,15,d41_non_parametric_easy_handouts,by David Revelle; Ph.D.[1ex] ©2018 The Infinite Actuary; LLC,,,False,,,,,,,4966,True,False,7b0ac4eafdf63115,False,,True
c562afb0606840b2ec0bcb215405a1b5f326acad2000e2e54c00a01157a6d785,d42_non_parametric_hard_handouts.pdf,0.18,unclassified,unclassified,15,d42_non_parametric_hard_handouts,by David Revelle; Ph.D.[1ex] ©2018 The Infinite Actuary; LLC,,,False,,,,,,,4846,True,False,8862a0bfb5a02407,False,,True
62be2bf477c476448bb5ee97aab760188604a091e778ccb4dc4d6dfffdd5d0cb,d43_semi_parametric_Poisson_handouts.pdf,0.14,unclassified,unclassified,15,Exam STAM Online Seminar,by David Revelle; Ph.D.[1ex] ©2018 The Infinite Actuary; LLC,,,False,,,,,,,4667,True,False,e9a169a953470d5d,False,fuzzy_dup_455,True
cec44497c95672dc83eccb9a9768e5452a56b729307ae50d6a2e43f8d361164c,doi 1011092Fnlo2000883667 Ablowitz MJ Horne RL Spiller E Biondini G Chakrava -- Opt Soc America Nonlinear Optics- Materials Fundamentals and Applications Technical Digest TO.pdf,0.18,physics,low,15,doi 1011092Fnlo2000883667 Ablowitz MJ Horne RL Spiller E Biondini G Chakrava -- Opt Soc America Nonlinear Optics- Materials Fundamentals and Applications Technical Digest TO,IEEE,,,False,,,,,,,6830,True,False,83161e1e7671deb4,False,,True
86120f6a0b6cb740008a95f81dd07b4936530474aa68da3369cb48ced90204ad,e2723809b378bdcb221ad981b0b89284c7a8.pdf,0.34,unclassified,unclassified,15,P:\TEX\SIAP\64-1\39996\39996,SIAM (#1) 1035 2001 Apr 10 12:32:38,,,False,,,,,,,13300,True,False,5d93fdfc6934278b,False,,True
6fbb4b83e31f00fd92b68070779d3b3369074e2d64b46b8132a497ff06ca08c8,eStmt_2023-12-26.pdf,0.33,unclassified,unclassified,15,eStmt_2023-12-26,Bank of America,,,False,,,,,,,6405,True,False,a02e0ab8825a8a40,False,,True
86354eb647af1a388647a6abe2e2a1e416d3126d633013fca10d96a3a0bdcb52,eStmt_2024-01-26.pdf,0.4,unclassified,unclassified,15,eStmt_2024-01-26,Bank of America,,,False,,,,,,,6963,True,False,68f38b538ffa7ebc,False,,True
69738628ea83d13daa934e41f9fa6c0204539adcd00893a4d68281d4c660be7c,eStmt_2024-06-25.pdf,0.37,unclassified,unclassified,15,eStmt_2024-06-25,Bank of America,,,False,,,,,,,7813,True,False,b3b33bd4891f0f0d,False,,True
c658de77c84c08f388bb8bb23a8f8ddc386b8c477548f45a8772e00c5d5233e1,eStmt_2024-08-27.pdf,0.37,unclassified,unclassified,15,eStmt_2024-08-27,Bank of America,,,False,,,,,,,7951,True,False,af5fe145912bb2a8,False,,True
06f0c851be2b665b964c1c8a4c84f6a5fa79f36b769a29b5e1ba8b308b3bf6ef,economics_of_risk.pdf,0.22,unclassified,unclassified,15,economics_of_risk,MMobley,,,False,,,,,,,3456,True,False,ae967e8a479a4cb7,False,,True
e57253a24607d453de6c76177c8e7ebe5b404457f7516aad87f320f1d727b9d5,economics_of_risk_revisited.pdf,0.09,unclassified,unclassified,15,economics_of_risk_revisited,MMobley,,,False,,,,,,,3901,True,False,1149f781daf27c25,False,,True
065581c6f066e7f0df2b32e67995008ca2266bb10663801287339d4e92a7f306,edu-code-cond-candidates.pdf,0.08,mathematics,low,15,edu-code-cond-candidates,Society of Actuaries,,,False,,,,,,,3503,True,False,4431446a0e08799d,False,,True
02359c8daeeb0b1f5d18d26074dffd6b658a776a10df37d5b9b4c5c71ccfb1e9,elstest-1pdoubleblind.pdf,0.24,unclassified,unclassified,15,elstest-1pdoubleblind,Jos Migchielsen; CV Radhakrishnan; CV Rajagopal,,,False,,,,,,,9380,True,False,736afeb5901860f6,False,,True
6ebd18300706ba4c9c6aa8195dad1a7d9d2e37a8e51cbb5ca861b87e69566b3e,elstest-3pd.pdf,0.1,unclassified,unclassified,15,elstest-3pd,Jos Migchielsen; CV Radhakrishnan; CV Rajagopal,,,False,,,,,,,18493,True,False,af258fd5758f6e67,False,,True
47641df5dd96df7b8f036f379df2a5ae3138c64be88335e8de802ea2bd1fe572,elstest-5p.pdf,0.09,unclassified,unclassified,15,elstest-5p,Jos Migchielsen; CV Radhakrishnan; CV Rajagopal,,,False,,,,,,,18479,True,False,ec23beb3a815eb2e,False,,True
31b39190d635fcfe43b006459e3ff221e20cfd0527604ea6b9aa69851cbbe1b5,erm-excel-functions.pdf,0.17,unclassified,unclassified,15,erm-excel-functions,Society of Actuaries,,,False,,,,,,,9593,True,False,ba5a96c0bb8bbedc,False,,True
526cdae4ca6846fead681220b85a1e539318530e5833d017a35f57136df4da65,erm-syllabus-final.pdf,0.18,finance,medium,15,erm-syllabus-final,Society of Actuaries,,,False,,,,finance,medium,keyword_text,6872,True,False,4a80b53324d5c9c4,False,,True
8c07b0c73178dcdbb99edd3a20a74c37991b67edfe021f75136bacaaefcf3bd0,errata_Grinfeld.pdf,0.16,mathematics,low,15,errata_Grinfeld,Alex J. Yuffa,,,False,,,,,,,5119,True,False,14b71eeed5890d85,False,,True
68da8cf0bd483af0b8863d8a826c1d8fa51034cae2eb2298388e1845fb5ced97,ex_article.pdf,0.27,unclassified,unclassified,15,ex_article,D. Doe; P. T. Frank; J. E. Smith,,,False,,,,,,,10768,True,False,3fa3fe73b88e2a82,False,,True
f8cf3f95de376a020e2abccb3efd7dba8f15917acfe8e7677ea572fd5ec09724,ex_supplement.pdf,0.15,mathematics,medium,15,ex_supplement,D. Doe; P. T. Frank; J. E. Smith,,,False,,,,mathematics,medium,keyword_text,9223,True,False,0b544cc6de4d2f9b,False,,True
7bceb3f7f45154113d893370348c06184b2d8b878a0dc08d45fe9410fec7e977,fam_tables_new.pdf,0.79,unclassified,unclassified,15,fam_tables_new,Society of Actuaries,,,False,,,,,,,2702,True,False,3b2b23931530a75d,False,,True
306c2b0bc1883a2c225fc26ab84a3e3db40c18a92e4b763c15e0b5087dcd1224,fap-intro-objectives.pdf,0.19,unclassified,unclassified,15,fap-intro-objectives,SOA,,,False,,,,,,,11978,True,False,9975dc963f2533f2,False,,True
88350909a9eeb310e6ce8b0908827d494a27d18aa62c8a4355b403ca5f8cbc91,fundamental_actuarial_formulas.pdf,0.25,actuarial_insurance,low,15,fundamental_actuarial_formulas,SOA,,,False,,,,,,,7322,True,False,c2a76a0f40eeccc8,False,,True
abea9547646eb8ff8acb1b8e37de71aac047327a7c0f6abe63ed2d349d537304,funding_issues.pdf,0.23,unclassified,unclassified,15,funding_issues,SOA,,,False,,,,,,,2976,True,False,6ee7858b1035dae2,False,,True
98cde140297c48b43f283a9b3001ce427e3281ed8a91d3e6764216aef0f153ff,funding_model.pdf,0.18,mathematics,low,15,funding_model,SOA,,,False,,,,,,,7409,True,False,f670115a9b354159,False,,True
80c5fda987b2f98ddfca2b9bdfe944931be005e1f4c0c231b6af5b3ca207b5b8,getfile.pdf,0.28,physics,medium,15,getfile,Unknown,,,False,,,,physics,medium,keyword_text,13989,True,False,ee314da1672c2753,False,,True
506e813d731920cd5e431253f418196525bf91bd7fdb0bf3f3ca22c5f406323f,hi_s3-Illustration2.pdf,0.16,unclassified,unclassified,15,hi_s3-Illustration2,See Vang,,,False,,,,,,,1989,True,False,763dd9160d709902,False,,True
d50519586e43c5d21d26d1a3692405447df64c1cc6e4203659308c2de76ea671,id-card.pdf,0.09,unclassified,unclassified,15,IVR_EDGE_IDCARD_APP,Registered to: DR,,,False,,,,,,,3179,True,False,7872cacfa41126cb,False,,True
5b95e7270da49b099a015183fda3f5d96e5c4a583deb58028a4dcace7d11dc33,identification_and_selection_of_key_assumptions.pdf,0.18,unclassified,unclassified,15,identification_and_selection_of_key_assumptions,SOA,,,False,,,,,,,6583,True,False,24d57c8e6f529aa5,False,,True
38e48dd1035cf3a34a5c86721769380b770247ca299f9d99707c5d5f876c85bb,identify_emotional_triggers_worksheet.pdf,0.07,unclassified,unclassified,15,identify_emotional_triggers_worksheet,Donna Roberts-Luttrell,,,False,,,,,,,811,True,False,0a012c34a2dab646,False,,True
9f2d63a53cce1d969c4c695108d822fac87a0af35f3428b65d54465897e438b4,individual_and_collective_models.pdf,0.15,mathematics,low,15,individual_and_collective_models,SOA,,,False,,,,,,,7813,True,False,f89cb7e1e88c2876,False,,True
d0c10a5f1f06a8e5f7739541839470498a03c11a3355dc2dd827ce5ad93bc532,information-10-00213.pdf,0.92,mathematics,medium,15,information-10-00213,Paolo Di Giamberardino; Daniela Iacoviello,,,False,,,,,,,15589,True,False,2a880d8ec6693429,False,,True
8633ae6efee48ffbb2f8e2d84a42e63ad7b8719bd80cef986c14569b694623d9,intro_to_life_contingencies.pdf,0.36,actuarial_insurance,low,15,intro_to_life_contingencies,Christopher Groendyke,,,False,,,,,,,8866,True,False,7988249d5ebcde96,False,,True
3615cdabf8f8d263383f40d711b4938d61d02e19428f7bcc06305a81115af767,introkam.pdf.pdf,0.49,unclassified,unclassified,15,introkam.pdf,Gene Wayne,,,False,,,,,,,10036,True,False,03bdcf7337bb5988,False,,True
cd96ca7a79de44a0d1437c503cd4a10dfbc97e035d6eab2cfebc93c6e67932e9,keyboard-shortcuts-linux.pdf,0.14,unclassified,unclassified,15,keyboard-shortcuts-linux,Brad Gashler,,,False,,,,,,,4314,True,False,f7203186ad30920e,False,,True
80fd58d5b296f673fdc757fd1f1289ce5c0af8e727416d71e977cc88d93a1e1b,landfill_activity_1_questions.pdf,0.25,unclassified,unclassified,15,landfill_activity_1_questions,SOA,,,False,,,,,,,1295,True,False,2670b2ce01515e11,False,,True
4c34715d97e97db268084a61f3aa27e848f0fb2fdd89da71c3464b11747791a4,landfill_activity_1_questions_and_notes.pdf,0.36,unclassified,unclassified,15,landfill_activity_1_questions_and_notes,SOA,,,False,,,,,,,7175,True,False,4a5fd8ddfe00cd78,False,,True
0224e3b9af2be652f9498c5a81a044571f05de8fb54dffb80fccb5100451b17a,landfill_case_study_part1.pdf,0.32,unclassified,unclassified,15,landfill_case_study_part1,SOA,,,False,,,,,,,14072,True,False,d9984fc09bcf32b3,False,,True
d99957d492b0ecfe114bb1bc4ff57393467dd6e853650dfaa97c3f4b5f778a45,license_agreement 2.pdf,0.7,unclassified,unclassified,15,license_agreement 2,Pia Owens,,,False,,,,,,,20238,True,False,ab57691ef1c6a93b,False,,True
df21d4af921bec8fd4d5aaf4100636e1328b7ccebef53fbd75e94ce6e652c35d,ltc-pricing-project.pdf,0.88,unclassified,unclassified,15,ltc-pricing-project,Society of Actuaries,,,False,,,,,,,10814,True,False,d5a8e9c535e0f165,False,,True
45c524ea15f6a015230c9bd1c464522744efb47aa43ebbddd4ae98ef7877a86c,manage_self-talk_worksheet.pdf,0.11,unclassified,unclassified,15,manage_self-talk_worksheet,Donna Roberts-Luttrell,,,False,,,,,,,1266,True,False,32e517b4c73fb502,False,,True
6cc15fe37ad9641fb0b172b066b8a18c4007f51e78f14e204ab946054183c69e,managing_actuarial_risks.pdf,0.72,finance,medium,15,managing_actuarial_risks,SOA,,,False,,,,finance,medium,keyword_text,10592,True,False,e486054810b71a00,False,,True
683d101b64c79a9802f70bd5b815b383df58cfedb274cf28497cccfd0618fa9d,mathworks_installation_help_zh_CN 3.pdf,0.76,unclassified,unclassified,15,MathWorks 安装帮助,The MathWorks; Inc,,,False,,,,,,,5817,True,False,9ed41e9499c7aa71,False,,True
09bedebb06253858d6bdc703c82e2b995229c328c467a535b486edb53a0550c0,mechanics-dividends.pdf,0.61,unclassified,unclassified,15,mechanics-dividends,Dale Hagstrom,,,False,,,,,,,13315,True,False,75958f759253bb49,False,,True
2ec9587271d943050e64161f47c2061246ea78be469213afcbe266b2a621a0b5,mm6937a6.pdf,0.25,unclassified,unclassified,15,"Decreased Influenza Activity During the COVID-19 Pandemic — United States, Australia, Chile, and South Africa, 2020",Centers for Disease Control; Prevention,,,False,,,,,,,21986,True,False,7c0a8f195ef028f9,False,,True
c648f5b5b71fdec256ac6d5006c3541b13eb7b149a90aab2bbcabb4ae8384e00,modelling_mortality_risk_with_extreme_value_theory_the_case_of_swiss_res_mortality_indexed_bonds.pdf,0.09,mathematics,low,15,modelling_mortality_risk_with_extreme_value_theory_the_case_of_swiss_res_mortality_indexed_bonds,David Colarossi; Owen Beelders,,,False,,,,,,,16537,True,False,4a933a3d24c1e168,False,,True
e8402b03640ac2df7a48d1b268987c28b741fa534b288cdfdabd28ed88d17a75,more_reserving_models.pdf,0.2,mathematics,low,15,more_reserving_models,SOA,,,False,,,,actuarial_insurance,low,keyword_text,12487,True,False,304b1c8c45d8b35e,False,,True
769ea68e2057f7ad5e07d7cdf7fd646921bcf95df9de876f1b66c7f4ff286d0b,mortgage_bill_jan.pdf,0.18,unclassified,unclassified,15,mortgage_bill_jan,Brandon Behring,,,False,,,,,,,11314,True,False,1f449b264e3a2b98,False,,True
295d0cc48cef916754237f2394a1712c051feec9af9ba57e525dead5ab0f199c,my_ei_action_plan.pdf,0.11,unclassified,unclassified,15,my_ei_action_plan,Donna Roberts-Luttrell,,,False,,,,,,,999,True,False,7d12c398c5495bcb,False,,True
fd7e0955c7ed6738960f7b09fc47e2e3c77ac2026741d4136cc9112f09bb2a43,njit-etd2016-094.pdf,0.7,dynamical_systems,medium,15,njit-etd2016-094,Basarab; Casayndra H,,,False,,,,dynamical_systems,medium,keyword_text,2799,True,False,d91f1d144b0806ea,False,,True
ae3fda97130bd27dbe92f3c8504037be6b8d983c3fc590789f63cd46da21eef0,normas_de_estilo_RIAI.pdf,0.15,unclassified,unclassified,15,normas_de_estilo_RIAI,jsanchi,,,False,,,,,,,9114,True,False,721a31b5703290b6,False,,True
dc0ffed493365b83444eca4c642f5db7ccf2a58b664f474f66b0a52b7311be75,overview-nges.pdf,0.43,unclassified,unclassified,15,overview-nges,David Cook; Kristen Koon; Zohair Motiwalla; Karen Rudolph,,,False,,,,,,,11321,True,False,0a4ed7e2c7acee26,False,,True
dd53b21438f9dfa5a81b78ce30f47a6f3aa0d8aed8567fd315379e85ce6fd7dd,overview_of_funding_models.pdf,0.16,mathematics,low,15,overview_of_funding_models,SOA,,,False,,,,,,,6372,True,False,a7f7706227961e43,False,,True
6c42b3a9a87eca263475042921b8b46420a1627490d6cb115732514c6423a0b6,overview_reserving_models.pdf,0.26,mathematics,low,15,overview_reserving_models,jryan,,,False,,,,actuarial_insurance,low,keyword_text,13413,True,False,f214dc9cc147c2e2,False,,True
04e398a6ad8a7530ee029b97776eebdec83c2eee9890113005096ffc7eff3cec,paper55.pdf,0.41,dynamical_systems,high,15,Periodic orbit analysis of molecular vibrational spectra: 1:1 resonant coupled modes,Daniel C. Rouben; Gregory S. Ezra,,,False,,,,,,,22009,True,False,3b4c6b12fbf6e0e6,False,,True
eb3287ac38d053d5ad487f75e2d0fef3f275a97a23a15c8f4c09a2fe96a29b97,pension-risk-transfer.pdf,0.22,unclassified,unclassified,15,pension-risk-transfer,Brett Simmons,,,False,,,,,,,13615,True,False,1aa8632b3abfe186,False,,True
9d1c692a6ae7d17eeea941e9eca20e5f3023b8fa68b0687911fb798dd79c3747,phil-pdflatex.pdf,0.86,dynamical_systems,medium,15,phil-pdflatex,Brandon Behring; Advisor: Roy Goodman,,,False,,,,,,,2141,True,False,3dd32a6e24a37a76,False,,True
b3040e197e2dac3c41026e9bf2c4f7df4dfbb9c9aeb0590275a8e69b3f810244,practical_aspects_of_models.pdf,0.14,mathematics,low,15,practical_aspects_of_models,SOA,,,False,,,,,,,2895,True,False,feb7e7a53e3f8cfe,False,,True
aad9db999594c585127e29c09973b1502d1100785674223ea54b4d4ada5dfab3,problem_checklist.pdf,0.1,unclassified,unclassified,15,problem_checklist,Brandon Behring,,,False,,,,,,,4726,True,False,3f2ae9a86ae9653c,False,,True
22d95c614e8a3150ceb8ea98938025ad8c0cbe1cc9092069be076ac72b1feab3,problem_checklist_python.pdf,0.08,unclassified,unclassified,15,problem_checklist_python,Brandon Behring,,,False,,,,,,,4536,True,False,ff5cc428aae3fbd1,False,,True
1372337c555408611970e2e6fa49f41868b58efa83b63b7512a705d9f1635f5d,project_muse_929116.pdf,0.57,mathematics,low,15,project_muse_929116,Lauri Valkonen :: Santtu Tikka :: Jouni Helske :: Juha Karvanen,,,False,,,,,,,13114,True,False,66fce9fc9c04e354,False,,True
d7ddd717cdc405d4af45fa4ec821e6e53afb07607b10503608bfeb2757ef9b53,prudential_withdraw.pdf,0.51,unclassified,unclassified,15,P_withdrawl_c,Brandon Behring,,,False,,,,,,,25276,True,False,ef46882348ff9987,False,,True
8db7b731749fc8d6f53e430fe1a8f1c1cbb7c5e4aae0f8e874f001473f6ba7cc,quantnet_online_c-_course-pdf.3736.pdf,0.05,unclassified,unclassified,15,The C++ Environment,Daniel J. Duffy,,,False,,,,,,,9498,True,False,4232e3ce41e91676,False,,True
9128675e4b52407f8774bd1e7832708202ac1f4a45cddda6d95ae99ade4a5a44,random_variables.pdf,0.25,probability_theory,medium,15,random_variables,MMobley,,,False,,,,probability_theory,medium,keyword_text,13848,True,False,a360680bd831ec41,False,,True
fbb02d48f08845dc59c742d5072962a7fa726398239c210a03855a69e0ff392b,regex.pdf,0.44,unclassified,unclassified,15,Four Column layout  Cheat Sheet,Kopacka Ian,,,False,,,,,,,4607,True,False,5edd406e2d8353a3,False,,True
3c1cc9088fd4048fa7adc7e2821af274ce123a324a37fd32300c67a09fea875b,registered-index-linked-annuities.pdf,0.71,unclassified,unclassified,15,registered-index-linked-annuities,Nicholas Carbo; David Elliot; Reilly McGarr,,,False,,,,,,,10769,True,False,e0f8edf9dc6c3c02,False,,True
fbeb14e68656ad3a2ca1965c99cb342686cf874037014be1654691a1b2ffef5e,results-2.pdf,0.1,unclassified,unclassified,15,CFA Program Exam Results,CFA Institute,,,False,,,,,,,7472,True,False,508171620aea9db2,False,fuzzy_dup_458,True
933f644f5c6116c53a90c076d9f26e40295b81343161af1fcd6e63bdc2cfc3ec,risk_and_insurance.pdf,0.09,unclassified,unclassified,15,risk_and_insurance,Judy Anderson,,,False,,,,,,,13011,True,False,9bccdd2603f32e5a,False,,True
4e4dd6c65ab73684db7301f8f8f96bea2db1e9814a9d8de8c1fc7941447bb53d,roc_hp.pdf,0.37,data_science,low,15,ROC Graphs:  Notes and Practical Considerations for Data Mining Researchers,Fawcett,,,False,,,,data_science,low,keyword_text,10628,True,False,2ca539c0735c9cf3,False,,True
458e6a4b51802b7dd4aa6221c1b2cb1bb38f42458b9bd782ff52e93a7a37a385,sample-handout 2.pdf,0.11,unclassified,unclassified,15,sample-handout 2,The Tufte-LaTeX Developers,,,False,,,,,,,9211,True,False,865801acd2269e1d,False,,True
c8ae276893fabf6cb57128032324bba828e843e4d2a287ae4e0037e920b6d02a,sensitivity_models.pdf,0.17,mathematics,low,15,sensitivity_models,SOA,,,False,,,,,,,6082,True,False,27e35c171e0840c2,False,,True
48d55850906789a204dd71dc3aca8aaea1a636b22e12e5f7cf06e80b40b39010,sinum_begona.pdf,0.39,dynamical_systems,medium,15,sinum_begona,Cano; Sanz-Serna,,,False,,,,physics,low,keyword_text,16073,True,False,c8dbc8514fbe158b,False,,True
3d9302d4a704cb1915f287276b1fc978f54359925a0c9c404a27f37cfc0dd0d7,slick_oil_company.pdf,0.12,unclassified,unclassified,15,slick_oil_company,MMobley,,,False,,,,,,,4550,True,False,9d18901fdb0f6f35,False,,True
805853c40d8fa0998a6802ebe0095e38533bfc6132b4ff5e8395513b0d7ab349,ssrn-4771121.pdf,0.66,machine_learning,low,15,ssrn-4771121,Your Name,,,False,,,,machine_learning,low,keyword_text,11560,True,False,9efd9832510521ef,False,,True
24556e5c14f9c8bd008dac6e7dd4d1b8a1dbaf61ea1a3363c88fdec8bf3591be,story_from_the_field.pdf,0.11,unclassified,unclassified,15,story_from_the_field,See Vang,,,False,,,,,,,4543,True,False,f023ad9f354a9aca,False,,True
d2466175a76e982e7b7e38fede59cb2a353a0a46689aaff9fd81a8a4ed567d51,structured-settlements.pdf,0.23,unclassified,unclassified,15,structured-settlements,Joel Sklar,,,False,,,,,,,19126,True,False,08d637e0353aa34d,False,,True
2c2afecf67f7f80dc84e7139686a59d34ab38be7a8db17a62184d327e32d2b2b,surano2019.pdf,0.97,unclassified,unclassified,15,surano2019,Francesco Vincenzo Surano,,,False,,,,,,,26818,True,False,0d01385db09a3d3b,False,,True
56b1af4c6856b30720a8fe1cb231ed875b33ae90fefefa3b08870c3a461cf4d4,tax_and_interest_statement.pdf,0.15,unclassified,unclassified,15,tax_and_interest_statement,Brandon Behring,,,False,,,,,,,11387,True,False,ffea92140b84f845,False,,True
6496d841638247a29da15d4de0ad70e31afcf84363242957e73a7d2c4b093618,term_life_insurance_case_study_pt1.pdf,0.83,unclassified,unclassified,15,term_life_insurance_case_study_pt1,SOA,,,False,,,,,,,8007,True,False,dbd9609bf75456e1,False,,True
da2e2663999919a690febc28d1b03309dd01a29044614fdb3ed2b478373cbb90,threekeys.pdf,0.75,unclassified,unclassified,15,threekeys,Lechner; Associates,,,False,,,,,,,11285,True,False,1ff6328d6412956f,False,,True
f5ba3255411ca6d57f211435002a76ba569f5864c04786ff8fe39ef61904e302,time_value.pdf,0.16,unclassified,unclassified,15,time_value,MMobley,,,False,,,,,,,13483,True,False,d9c705689132c75e,False,,True
45bc9fa220e70a4f0251a5a58f02366d681ee6ff5abde7d28bcf18c7c8f5e7eb,vi_vim_cheat_sheet.pdf,0.1,unclassified,unclassified,15,vi_vim_cheat_sheet,Nicolas Brousse,,,False,,,,,,,3398,True,False,342eaa8f588a81a6,False,,True
0e11de5345264b52ff1044d212791651b31e75dd3d0e367bc703c7210f15e9a1,10.1080%2F14029251.2013.805567.pdf,0.93,unclassified,unclassified,10,10.1080%2F14029251.2013.805567,,2013,,False,,,,,,,15633,True,False,630607fea9a93c28,False,,True
20141a9661d2ce0a92dfed2d8e6b92783d9e14c76891c5da913e78e6f6d891d0,1010072Fbf02848258.pdf,0.5,dynamical_systems,high,10,Time dependent canonical perturbation theory II: Application to the Henon-Heiles system,,,,False,,,,dynamical_systems,high,keyword_text,8784,True,False,c6d59ad8d744c7e6,False,,True
f6b2cf20e76c6e940463fe684e7295112fd798634df875fcd752f115f89ba1f5,1204.2592.pdf,0.52,dynamical_systems,high,10,1204.2592,,,,False,,,,dynamical_systems,high,keyword_text,15274,True,False,572896ade2e93341,False,,True
61e73d5472464c1b7eef57699e9e0866bd25ca95ee0ca7fc5d1774ecfd8f4918,1pseperateaug.pdf,0.1,unclassified,unclassified,10,1pseperateaug,Jos Migchielsen; CV Radhakrishnan; CV Rajagopal,,,False,,,,,,,14170,True,False,76e18ff8cc261696,False,,True
8dbc94bac5b553cb1705aa4f3b4a8dc53323604a3145b1b330ad9fdcc59d4bf5,2001-03412 1.pdf,0.39,physics,medium,10,2001-03412 1,,2001,,False,,,,physics,medium,keyword_text,24159,True,False,b8c25cc236679dfd,False,,True
76b077388777a9fb16d15edfb280c792a95889a641391d528c549d0f9e45330d,2001-03412.pdf,0.35,physics,medium,10,2001-03412,,2001,,False,,,,physics,medium,keyword_text,24329,True,False,74a97ebebe759e72,False,,True
abdd4138b62212f51d0dc35ce84114cb2c76cab1ef40f5112b4feaec4a514fc2,2003-01771.pdf,0.39,dynamical_systems,low,10,2003-01771,,2003,,False,,,,dynamical_systems,low,keyword_text,8891,True,False,3580933c96dd23bd,False,,True
1eb3c211267ed95d606f36d13e499863e515c428c9f33ef157f2389f827e5cf9,2009.13674.pdf,0.67,unclassified,unclassified,10,2009.13674,,2009,,False,,,,,,,24815,True,False,70cd12c7cfba38b6,False,,True
5cabf05a1242530761ce2ce4a39c8b7955c236dc66368cfa19f5ebe4657fa134,2011.00190.pdf,0.87,unclassified,unclassified,10,2011.00190,,2011,,False,,,,,,,16441,True,False,04c9fcdc9cccd39d,False,,True
41d65416653b8b7ddcbeda8898e6d0ab324d242b342649ce0c32b045fc00712a,2011.04208.pdf,0.34,unclassified,unclassified,10,2011.04208,,2011,,False,,,,,,,22741,True,False,5d1522e7c968409f,False,,True
54337c4632e52a0ad1a099479588c163c1ef89fc71c06737de5fe37ca1565988,2019-julia-user-developer-survey.pdf,0.25,unclassified,unclassified,10,2019-julia-user-developer-survey,,2019,,False,,,,,,,1907,True,False,9bb2cccd8eb3d79a,False,,True
d653b162aadb861c7192e8b048ef616291a4bdc5b0f206692a96033d71a5109b,2020.08.27.20183574-1.pdf,0.75,unclassified,unclassified,10,2020.08.27.20183574-1,,2020,,False,,,,,,,3155,True,False,81ebea515b8ed3f1,False,,True
995033045fafcbfbeb02cd375a7b8548ad9e87089bfee4e37af6bf3493b127e6,2023-07-altam-21-23.pdf,0.25,unclassified,unclassified,10,2023-07-altam-21-23,,2023,,False,,,,,,,10177,True,False,02d1ff884787337f,False,,True
9f2afbbfa17abfbc6e5ccf14ed2d9e9f4e519d8461630ae0615ed859711c66bb,2023-07-altam-sample-questions.pdf,0.91,unclassified,unclassified,10,2023-07-altam-sample-questions,,2023,,False,,,,,,,4335,True,False,18871a6dbfda46b4,False,,True
d07be7265fc73f8cfc923740b8811fe33e2bc1df48a201ead3d4c07b995d554e,"AWS Certified Security - Specialty (retiring July 10, 2023).pdf",0.05,unclassified,unclassified,10,"AWS Certified Security - Specialty (retiring July 10, 2023)",,2023,,False,,,,,,,2891,True,False,453dbfaa09a1fcb1,False,,True
fb2a4ac6777b342393d0ee24194de101efcdd25f76b87d8fd01d0f28d683a7b3,Advanced Nonlinear Studies Volume 12 issue 4 2012 doi 1015152Fans-2012-0409 Long Yiming -- ω-Index Theory and Linear Stability of Elliptic Lagrangian Solutions of the Classical Three-Body Problem.pdf,0.51,dynamical_systems,low,10,Advanced Nonlinear Studies Volume 12 issue 4 2012 doi 1015152Fans-2012-0409 Long Yiming -- ω-Index Theory and Linear Stability of Elliptic Lagrangian Solutions of the Classical Three-Body Problem,,2012,,False,,,,,,,9783,True,False,82f8529dde879771,False,,True
875f4ee5688c78c92c6977c7de2e25caed295fc5033c3c4dd736c4474579a17e,Anaconda-Starter-Guide.pdf,0.68,data_science,high,10,Anaconda-Starter-Guide,,,,False,,,,data_science,high,keyword_text,4499,True,False,a57c35cc433fc699,False,,True
5eb3aca2e4a5b40fec52f8928b656fe757c4a86a2c6f28ec916ffac9aa10d6dc,BTH825-BG Beige_New_Buff_V10.pdf,0.9,unclassified,unclassified,10,BTH825-BG Beige_New_Buff_V10,Administrator,,,False,,,,,,,5541,True,False,6b6850695240bbdd,False,,True
44693039e5a2c67f4d74a8a3be955aabc517030f41966c1dbf65cd1e2424dfa0,"Ben Piper, David Clinton - AWS Certified Solutions Architect Study Guide_ Associate (SAA-C03) Exam,-Wiley (2022).pdf",14.22,unclassified,unclassified,10,AWS Certified Solutions Architect Study Guide,Ben Piper; David Clinton,2022,Wiley,False,,,,,,,204,True,False,1c636285fdb765be,False,fuzzy_dup_411,False
bbf3b0fad9e052978c9225afcb459133b34ee81f84fdb957645816219f90b8a0,BrowerFixedPoint.pdf,0.1,linear_algebra,high,10,BrowerFixedPoint,,,,False,,,,linear_algebra,high,keyword_text,5285,True,False,a0333afb06da96b2,False,,True
f54e5af02714a48b071f6a9966b8ba91c2400702057ec5195673a9bb17d9c1b2,Celestial Mechanics and Dynamical Astronomy Volume 1 issue 2 1969 [doi 10.1007%2Fbf01228838] Ahmed Aly Kamel -- Expansion formulae in canonical transformations depending on a small parameter.pdf.pdf,0.33,dynamical_systems,low,10,Expansion formulae in canonical transformations depending on a small parameter,,1969,,False,,,,dynamical_systems,low,keyword_text,6186,True,False,b1e09796a36af504,False,,True
f6c485b4b16ad00dd7f661a24f5c9c49d5080a234ac999d140b2439587b8a4ea,Celestial Mechanics and Dynamical Astronomy Volume 103 issue 3 2009 doi 1010072Fs10569-009-9187-4 J Hagel -- An analytical approach to small amplitude solutions of the extended nearly circular Si.pdf,0.6,dynamical_systems,low,10,Celestial Mechanics and Dynamical Astronomy Volume 103 issue 3 2009 doi 1010072Fs10569-009-9187-4 J Hagel -- An analytical approach to small amplitude solutions of the extended nearly circular Si,,2009,,False,,,,,,,14895,True,False,bcfc6e451a448be6,False,,True
7ced2e3b468be02bb2421760bb3b0134d8fd7f39e05151913dbd9de92db53813,Celestial Mechanics and Dynamical Astronomy Volume 109 issue 4 2011 doi 1010072Fs10569-010-9332-0 Vladislav V Sidorenko -- On the circular Sitnikov problem- the alternation of stability and insta.pdf,0.36,dynamical_systems,low,10,Celestial Mechanics and Dynamical Astronomy Volume 109 issue 4 2011 doi 1010072Fs10569-010-9332-0 Vladislav V Sidorenko -- On the circular Sitnikov problem- the alternation of stability and insta,,2011,,False,,,,,,,14059,True,False,66e9b74e5ab75514,False,,True
171f79040959640015309f3aafda4cbdf3b7ce064ec5c784b0df8652db02700e,Celestial Mechanics and Dynamical Astronomy Volume 29 issue 3 1983 doi 1010072Fbf01229135 Douglas C Heggie -- On the bifurcations of a certain family of periodic orbits.pdf,0.29,dynamical_systems,high,10,On the bifurcations of a certain family of periodic orbits,,1983,,False,,,,dynamical_systems,low,keyword_text,8991,True,False,7b2edc15eaef5385,False,,True
772c533d570d34ab05302c65a22e60496c07d2556e472e7755e338b9736197f3,Celestial Mechanics and Dynamical Astronomy Volume 32 issue 1 1984 doi 1010072Fbf01358404 Haruo Yoshida -- A type of second order linear ordinary differential equations with periodic coefficients .pdf,0.81,dynamical_systems,high,10,Celestial Mechanics and Dynamical Astronomy Volume 32 issue 1 1984 doi 1010072Fbf01358404 Haruo Yoshida -- A type of second order linear ordinary differential equations with periodic coefficients,,1984,,False,,,,mathematics,low,keyword_text,8868,True,False,54182246591e406f,False,,True
f21f71dd33842ff8ee037627d0ec68bc5646a18495491cbdd7547c467fc5b781,Celestial Mechanics and Dynamical Astronomy Volume 42 issue 1-4 1987-1988 doi 1010072Fbf01232956 E Perdios V V Markellos -- Stability and bifurcations of Sitnikov motions.pdf,0.92,dynamical_systems,medium,10,Stability and bifurcations of Sitnikov motions,,1987,,False,,,,dynamical_systems,medium,keyword_text,9519,True,False,05e42679963c942e,False,,True
5d250a2f3f3d3e8e8694f0a89fd1d8eabf8b378ffccccfd2a24628823e822eb5,Celestial Mechanics and Dynamical Astronomy Volume 53 issue 2 1992 [doi 10.1007%2Fbf00049462] Haruo Yoshida -- On a class of variational equations transformable to the Gauss hypergeometric equation.pdf,0.26,dynamical_systems,low,10,On a class of variational equations transformable to the Gauss hypergeometric equation,,1992,,False,,,,mathematics,low,keyword_text,9145,True,False,4e222ba76575a794,False,,True
a72f9a06dbbc17e64ffb6eaaeab3699746c98921238695cb620dc4ed31b308bb,Celestial Mechanics and Dynamical Astronomy Volume 58 issue 1 1994 [doi 10.1007%2Fbf00692119] William E. Wiesel; David J. Pohlen -- Canonical Floquet theory.pdf.pdf,0.79,dynamical_systems,medium,10,Canonical Floquet theory,,1994,,False,,,,dynamical_systems,medium,keyword_text,12342,True,False,1750312ce1d362ca,False,,True
1e50453d6597f2c3f425842776ffad654925abbb54f99c79f6d040a8d63ba2ad,Celestial Mechanics and Dynamical Astronomy Volume 63 issue 3-4 1995-1996 doi 1010072Fbf00692289 Stanisław Kasperczuk -- Normal form Lie-Poisson structure and reduction for the Henon-Heiles syste.pdf,0.35,dynamical_systems,low,10,"Normal form, Lie-Poisson structure and reduction for the Henon-Heiles system",,1995,,False,,,,physics,low,keyword_text,8814,True,False,27d9c31efb4c643a,False,,True
df2e440bf99aae3f0bc7df24eb590cf6148c57acafdbad67d24a9676040d8c1c,Celestial Mechanics and Dynamical Astronomy Volume 79 issue 2 2001 doi 1010232Fa3A1011109827402 Lidia Jiménez-Lara Adolfo Escalona-Buendía -- Symmetries and Bifurcations in the Sitnikov Problem.pdf,0.38,dynamical_systems,medium,10,Symmetries and Bifurcations in the Sitnikov Problem,,2001,,False,,,,dynamical_systems,medium,keyword_text,8855,True,False,7173656d2d10d54c,False,,True
b59544504b813942414e899affb7bc70d202e39783cca42740576a57d9f279c2,Celestial Mechanics and Dynamical Astronomy Volume 87 issue 4 2003 doi 1010232Fb3Acele0000006721862553e S B Faruque -- Solution of the Sitnikov Problem.pdf,0.15,dynamical_systems,low,10,Solution of the Sitnikov Problem,,2003,,False,,,,,,,10631,True,False,52d0459b550e0f9d,False,,True
cc2c5935397bd19804ffb291b4354454f04202bd2d9469b3337def7a3110b9f9,Celestial Mechanics and Dynamical Astronomy Volume 93 issue 1-4 2005 doi 1010072Fs10569-005-0521-1 Johannes Hagel Christoph Lhotka -- A High Order Perturbation Analysis of the Sitnikov Problem.pdf,0.41,dynamical_systems,medium,10,Celestial Mechanics and Dynamical Astronomy Volume 93 issue 1-4 2005 doi 1010072Fs10569-005-0521-1 Johannes Hagel Christoph Lhotka -- A High Order Perturbation Analysis of the Sitnikov Problem,,2005,,False,,,,,,,11748,True,False,1833f3eec25e64c1,False,,True
61450e700f20db80c6b7d9bb66b62406a2a06805e2b7e93be050151bda3c1faa,Ch3_Linear_Regression.pdf,1.59,machine_learning,high,10,Ch3_Linear_Regression,,,,False,,,,machine_learning,high,keyword_text,2248,True,False,cde11244e444c059,False,,True
8149b42e340b19d645252621801e0fe3df526691ee33bf646052b62c3ebac46f,Ch8_Tree_Based_Methods.pdf,0.4,machine_learning,high,10,Ch8_Tree_Based_Methods,,,,False,,,,machine_learning,high,keyword_text,1814,True,False,3391d1156aa48e9b,False,,True
6e2e532459a0640f6897a1bdf3e5145063e23c7ceb559a4b95ac90e62caaa9a4,Deep+Reinforcement+Learning+Nanodegree+Program+Syllabus.pdf,8.92,reinforcement_learning,medium,10,Deep+Reinforcement+Learning+Nanodegree+Program+Syllabus,,,,False,,,,reinforcement_learning,medium,keyword_text,3738,True,False,ebf94cd9a60e0fdc,False,,True
5563c05e578a7e3dc90feb1ad7b456951b2d08ec6707c62a50afc471a34ca141,ERM-GC Fall 2019 - Solutions.pdf,0.27,mathematics,low,10,ERM-GC Fall 2019 - Solutions,,2019,,False,,,,finance,low,keyword_text,9035,True,False,be9e755821e061f8,False,,True
2eb4e33d416cf5f9ef6f4c9d6e1986f26c9de9e88abe39eba66270def132826b,ERM-GC Spring 2014 - Solutions.pdf,0.7,finance,low,10,ERM-GC Spring 2014 - Solutions,,2014,,False,,,,finance,low,keyword_text,9814,True,False,3b17b0e142368dd8,False,,True
4bd2913067fb936d8aadc84ce2bbb9ba12251a4f2dad9093398ba88c19b45472,ERM-ILA Spring 2021 - Solutions.pdf,0.48,unclassified,unclassified,10,ERM-ILA Spring 2021 - Solutions,,2021,,False,,,,,,,10366,True,False,173eb2830c66cbc8,False,,True
469cd16637af43ebc00be8a5a49c289a80275f1722a469b79e2f2a1216fbdac9,ERM-INV Spring 2013.pdf,0.21,unclassified,unclassified,10,ERM-INV Spring 2013,,2013,,False,,,,,,,4043,True,False,3cbc43c3ef4bc1da,False,,True
2104ff9ff9aaf0917254accfe2b811f0f99a3dbfb54ab19ef4a340af211c1b5a,ERM-INV Spring 2014.pdf,0.22,unclassified,unclassified,10,ERM-INV Spring 2014,,2014,,False,,,,,,,4809,True,False,a4e991e93b0e9fb7,False,,True
6a0a7f5316bcc1a8940a19219809f28c86c5c7906d4452a5a651d552660e6b86,Eur J Phys 2000 Acheson.pdf,0.15,unclassified,unclassified,10,D:DTFEJ0310.DVI,,2000,,False,,,,,,,9140,True,False,76850b21a5f92cee,False,,True
b123b519cc78d2f5a513a31db03c16c35a6c02ee0f19a525d8b3cf493cfcf60d,Eur. J. Phys. 2015 Lara.pdf,0.38,dynamical_systems,medium,10,Eur. J. Phys. 2015 Lara,,2015,,False,,,,dynamical_systems,medium,keyword_text,10282,True,False,e5964426e9050baa,False,,True
951d91474e975e2bd801937d24d802710ffa0e0108939907ce4cbef873eed00f,Frontiers of Mathematics in China Volume 5 issue 2 2010 doi 1010072Fs11464-010-0008-6 Gaosheng Zhu Yiming Long -- Linear stability of some symplectic matrices.pdf,0.12,topology_geometry,low,10,Frontiers of Mathematics in China Volume 5 issue 2 2010 doi 1010072Fs11464-010-0008-6 Gaosheng Zhu Yiming Long -- Linear stability of some symplectic matrices,,2010,,False,,,,topology_geometry,low,keyword_text,6401,True,False,ef9e17d0c7433b2e,False,,True
c2be03b1ac5abcbafe1588bb786ca11e30436c004171b0318dbe79603f608499,Journal of Applied Mathematics and Mechanics Volume 48 issue 4 1984 doi 1010162F0021-892828842990014-5 AA Zevin -- Some conditions for the existence and stability of periodic oscillations in n.pdf,0.74,mathematics,low,10,PII: 0021-8928(84)90014-5,,1984,,False,,,,dynamical_systems,low,keyword_text,17170,True,False,6c122cb2d135aa20,False,,True
f0c61beab58d999f15b094caf4ff68fdd463e219d16fe11c8bacb4b8944af990,Journal of Applied Mathematics and Mechanics Volume 62 issue 1 1998 doi 1010162Fs0021-892828982900004-5 AA Zevin -- Stability regions of linear canonical systems with periodic coefficients.pdf,0.51,mathematics,low,10,PII: S0021-8928(98)00004-5,,1998,,False,,,,mathematics,low,keyword_text,20694,True,False,7ef9a8501631a770,False,,True
ffeb39ce8a2c12a2df679b38bc2cca616d81fd127f8e7ba6826c4d9cefa6d067,Journal of Applied Mathematics and Mechanics Volume 62 issue 3 1998 doi 1010162Fs0021-892828982900045-8 AP Markeyev -- The critical case of a pair of zero roots in a two-degree-of-freedom hami.pdf,0.66,mathematics,low,10,PII: S0021-8928(98)00045-8,,1998,,False,,,,dynamical_systems,low,keyword_text,17916,True,False,cb843dba7909065b,False,,True
8d29cb376f3794559975ad6086b810db382abb01e7d89ee20bb9434ff915cf68,"Journal of Biological System Volume issue 2018 [doi 10.1142_S0218339018500201] LIU, LILI; REN, XINZHI; LIU, XIANNING -- DYNAMICAL BEHAVIORS OF AN INFLUENZA EPIDEMIC MODEL WITH VIRUS MUTATION.pdf",0.59,mathematics,medium,10,DYNAMICAL BEHAVIORS OF AN INFLUENZA EPIDEMIC MODEL WITH VIRUS MUTATION,,2018,,False,,,,,,,12941,True,False,b6a4b8abbf779733,False,,True
2d7fa677c29080d651f992933f673c0fdf4bd256d3bc9daf13f6a1e92eaedaa4,Journal of the Franklin Institute Volume 281 issue 1 1966 doi 1010162F0016-003228662990065-2 Paul M Lion -- Stability of linear periodic systems.pdf,0.83,unclassified,unclassified,10,PII: 0016-0032(66)90065-2,,1966,,False,,,,,,,12008,True,False,6ef069fd994ea38f,False,,True
a72c754510773b5d9a0d5adcb8e1468bd51cb50fe80196ec44a6b608aa82971e,Journal of the Franklin Institute Volume 334 issue 3 1997 doi 1010162Fs0016-003228962900089-0 Albert CJ Luo Ray PS Han -- A quantitative stability and bifurcation analyses of the generalize.pdf,0.64,dynamical_systems,low,10,PII: S0016-0032(96)00089-0,,1997,,False,,,,dynamical_systems,low,keyword_text,10784,True,False,56ebe2028e4b0d9b,False,,True
17959060e3819685e6a139f47fb754e605f0ad6a5991bff6396405aeb53fcf82,LFMU-Flashcard-Sample-2024.pdf,0.67,unclassified,unclassified,10,LFMU-Flashcard-Sample-2024,,2024,,False,,,,,,,5014,True,False,040cf36fbbad303a,False,,True
2fb2d731ebc3f450a8a362a56f6902f2509290440732e5be0cee48bc24c6932d,LPM_SecA_FC_F2024_Singles_v2.pdf,0.31,unclassified,unclassified,10,MLC Live Seminar,by James Washer; FSA; MAAA [1ex] ©2012 The Infinite Actuary; LLC,,,False,,,,,,,1058,True,False,aadf65d1bfc0f82f,False,,True
e14a6dfd7cc237064726bd61ba7c54db7ff8004bd11e24c3c8b1fa60d3644cf5,Larue-MS-Thesis-2011.pdf,0.42,unclassified,unclassified,10,Larue-MS-Thesis-2011,,2011,,False,,,,,,,2057,True,False,53e0b44dffa645b9,False,,True
4004105e9c1dddf9a2e750e62388ad8f332b36bdf660545bf86c52c227542da7,Lecture_12.pdf,7.26,mathematics,medium,10,Lecture_12,,,,False,,,,mathematics,medium,keyword_text,725,True,False,d3590fde514e4ea7,False,,True
3aee04f2d239fc47f4c4254254f9358ed0859945b242be71dd1834441340ee33,Lecture_8_overlayed.pdf,6.85,mathematics,medium,10,Lecture_8_overlayed,,,,False,,,,mathematics,medium,keyword_text,1398,True,False,73c074a9eedbc4b4,False,,True
c23d118a3128212b396a89841fda32dcbdcbc9b79212e3342b2dd5beaf0f4ab6,Mathematical Methods in the Applied Sciences Volume 37 issue 2 2014 doi 1010022Fmma2971 Sourdis Christos -- On periodic orbits in a slow-fast system with normally elliptic slow manifold.pdf,0.13,topology_geometry,low,10,On periodic orbits in a slowfast system with normally elliptic slow manifold,,2014,,False,,,,,,,17312,True,False,4ad753974ec92538,False,,True
3e277a7c1373f9edaf12b2edbc440a794fbc916b852b08a511ebc503bbbb716f,Mechanism and Machine Theory Volume 26 issue 2 1991 doi 1010162F0094-114x28912990077-h B Weyh H Kostyra -- Direct floquet method for stability limits determinationI- Theory.pdf,0.46,unclassified,unclassified,10,PII: 0094-114X(91)90077-H,,1991,,False,,,,,,,13304,True,False,11f48114eaeefa94,False,,True
4e8a3d4c298f4219d167aa9496d018475e2a0177ac6d40898082394bf636d16a,Mechanism and Machine Theory Volume 26 issue 2 1991 doi 1010162F0094-114x28912990078-i H Kostyra B Weyh -- Direct floquet method for stability limits determinationII- Application and phenome.pdf,0.63,unclassified,unclassified,10,PII: 0094-114X(91)90078-I,,1991,,False,,,,,,,12365,True,False,e26e9fad20babf95,False,,True
739d9d73113f41cc0f0ac0fcfa938f40a107cd0a0b4f58a4ece3aa7deb579929,Molteni G Serra E Tarallo M - Asymptotic resonance modes interaction and subharmonic bifurcation 2005.pdf,0.35,dynamical_systems,high,10,fpu10-2-05.dvi,,2005,,False,,,,dynamical_systems,medium,keyword_text,9305,True,False,281666bc75293175,False,,True
1ac72e39a690b7eb02e7ee895e133eb3fcf67c7ed66169b72e5c82a68120b68e,Nature 1999 Sweet.pdf.pdf,0.18,unclassified,unclassified,10,Nature 1999 Sweet.pdf,,1999,,False,,,,,,,13926,True,False,61005dd691329cab,False,,True
28dd594a001ba0770091598681192816f6d9eb0b9cfe2cbeffd072dbd55ef677,Nonlinear Dynamics Volume 72 issue 3 2013 doi 1010072Fs11071-012-0744-0 Peletan LoÃ¯c Baguet SÃ©bastien Torkhani Mohamed Jacqu -- A comparison of stability computational methods for periodic.pdf,0.5,dynamical_systems,low,10,Nonlinear Dynamics Volume 72 issue 3 2013 doi 1010072Fs11071-012-0744-0 Peletan LoÃ¯c Baguet SÃ©bastien Torkhani Mohamed Jacqu -- A comparison of stability computational methods for periodic,,2013,,False,,,,,,,19302,True,False,1501166ca2de1755,False,,True
91b21712fe7d3f405ce0a43ffbea1a574f7959ae6709b7fcc5964029c51c8d3f,Nonlinear Oscillations Volume 6 issue 1 2003 doi 1010232Fa3A1024819519472 E A Grebenikov A N Prokopenya -- Determination of the Boundaries between the Domains of Stability and Instability fo.pdf,0.06,unclassified,unclassified,10,Determination of the Boundaries between the Domains of Stability and Instability for the Hill Equation,,2003,,False,,,,,,,10682,True,False,bebe7f11a2899770,False,,True
21bf698395284ee167e6cda38b589cace82e43fc56691b6188459590e1000e66,Payslip_to_Print_-_Report_Design_-All_Employees_Configured 08:15:2024.pdf,0.07,unclassified,unclassified,10,Payslip_to_Print - Report_Design_-All_Employees_Configured 08:15:2024,,2024,,False,,,,,,,1905,True,False,4aa8171591d05a50,False,,True
fed628235e8097029a5f5e9e1de814a37226e6a46e9b561b7fae3cfc2fbea30e,Payslip_to_Print_-_Report_Design_-All_Employees_Configured 08:31:2024.pdf,0.07,unclassified,unclassified,10,Payslip_to_Print - Report_Design_-All_Employees_Configured 08:31:2024,,2024,,False,,,,,,,1999,True,False,cb3acbdad69618fe,False,,True
6b9efb6cd9b77dc142703d8d60bbaf1e5aae880c15de19920a912d1b268eea4b,Phys Fluids 2013 Topho̸j.pdf,0.64,unclassified,unclassified,10,Phys Fluids 2013 Topho̸j,,2013,,False,,,,,,,18082,True,False,c2d21c55e88a72ee,False,,True
c833fa7c056be8ce47b90826377869b75a3549e063941b97a746ae6e8cb1c66d,Phys. D 2001 Sweet.pdf.pdf,0.25,unclassified,unclassified,10,Phys. D 2001 Sweet.pdf,,2001,,False,,,,,,,12143,True,False,c2a506f573ec0fdf,False,,True
85d2306506d3ed69e3911557533def80312165fcec12a8da7ac1dc6293d3dd28,Phys. Rev. Lett. 1989 Bleher.pdf.pdf,0.6,dynamical_systems,low,10,Phys. Rev. Lett. 1989 Bleher.pdf,,1989,,False,,,,dynamical_systems,low,keyword_text,14634,True,False,3ccad76cea54cfcb,False,,True
3dba586ece9f6343d5fff35ce508c8e6da6517ae695b843a870efba766f1a770,Physica D- Nonlinear Phenomena Volume 132 issue 1-2 1999 doi 1010162Fs0167-278928992900042-1 Àngel Jorba Josep Masdemont -- Dynamics in the center manifold of the collinear points of the restri.pdf,0.62,topology_geometry,low,10,PII: S0167-2789(99)00042-1,,1999,,False,,,,topology_geometry,low,keyword_text,15385,True,False,772d787c1d245942,False,,True
c8b6641bf38e2751451f109e34f3b2c2a06da35a3f81236c69deb0e4904e4106,Physical Review E Volume 60 issue 6 1999 doi 1011032FPhysRevE60R6283 Lai Ying-Cheng -- Abrupt bifurcation to chaotic scattering with discontinuous change in fractal dimension.pdf,0.07,dynamical_systems,medium,10,USING STANDARD SYSTE,,1999,,False,,,,dynamical_systems,medium,keyword_text,18843,True,False,bea0239f790fa4fa,False,,True
509d5c8ac558b9234ecb3545f8010797eb9f1ad96b169404315fa302e2150ddf,Physical Review Letters Volume 117 issue 9 2016 doi 1011032FPhysRevLett117094101 Kevrekidis Panayotis G Cuevas-Maraver Jesús Pelinovsky Dm -- Energy Criterion for the Spectral Stability of.pdf,0.27,unclassified,unclassified,10,Physical Review Letters Volume 117 issue 9 2016 doi 1011032FPhysRevLett117094101 Kevrekidis Panayotis G Cuevas-Maraver Jesús Pelinovsky Dm -- Energy Criterion for the Spectral Stability of,,2016,,False,,,,,,,22478,True,False,d8600fe700bea9e6,False,,True
876ac256bdda237e4f7ef11a95f08cd56442eafe9afc7cce324e0747c18fe9a0,Physics Letters A Volume 153 issue 1 1991 doi 1010162F0375-960128912990355-c Mingzhou Ding Celso Grebogi Edward Ott James A Yorke -- Massive bifurcation of chaotic scattering.pdf,0.51,dynamical_systems,medium,10,PII: 0375-9601(91)90355-C,,1991,,False,,,,dynamical_systems,medium,keyword_text,18690,True,False,3b240a78f1a9faaf,False,,True
c68d3840f5914200eaae3559c6a0cd7fc1c5e83b9e7239a8073efce63a4cdd60,Physics Letters A Volume 95 issue 1 1983 doi 1010162F0375-960128832990767-3 G Servizi G Turchetti G Benettin A Giorgilli -- Resonances and asymptotic behavior of Birkhoff series.pdf,0.23,dynamical_systems,low,10,PII: 0375-9601(83)90767-3,,1983,,False,,,,dynamical_systems,low,keyword_text,11955,True,False,11c7c094c7c1635f,False,,True
1def48b2dde8d0b818b504c3e99a4ae31bbbef02680b56b2c6c4bb5e0fdb0539,"Proceedings Mathematical Physical & Engineering Sciences Volume 432 issue 1886 1991 [doi 10.1098%2Frspa.1991.0027] Pullin, D. I.; Saffman, P. G. -- Long-Time Symplectic Integration- The Example of Fou.pdf",0.6,topology_geometry,low,10,"Proceedings Mathematical Physical & Engineering Sciences Volume 432 issue 1886 1991 [doi 10.1098%2Frspa.1991.0027] Pullin, D. I.; Saffman, P. G. -- Long-Time Symplectic Integration- The Example of Fou",,1991,,False,,,,,,,987,True,False,f72f29c38894d646,False,,True
c07c3cfc487201e1d10ff01a9b75a18023bb6d733da7a029382bf902e9750451,Quiz: Practice Quiz_2.pdf,0.64,reinforcement_learning,high,10,Quiz: Practice Quiz_2,,,,False,,,,reinforcement_learning,high,keyword_text,2702,True,False,6d5e438444f31c5f,False,,True
93ef05e4a5bbd8632511f6951030f0e077ef13dbbc24da8857982d5fde1ee71d,"Regular and Chaotic Dynamics Volume 18 issue 6 2013 [doi 10.1134%2FS1560354713060026] Ortega, Rafael -- Stable periodic solutions in the forced pendulum equation.pdf",0.44,unclassified,unclassified,10,"Regular and Chaotic Dynamics Volume 18 issue 6 2013 [doi 10.1134%2FS1560354713060026] Ortega, Rafael -- Stable periodic solutions in the forced pendulum equation",,2013,,False,,,,,,,14733,True,False,41caddb078bc3fab,False,,True
05db3a6ea46be283a8c8d93a4dbfab779de7ed1aa75783be16ac7522588e5355,Retreat 2018.pdf,0.17,dynamical_systems,medium,10,Retreat 2018,,2018,,False,,,,dynamical_systems,medium,keyword_text,1577,True,False,b455fe0bed1153e5,False,,True
44def0ec29506379c56c203521b17ae3b2b290cbfa8525c5420e71382e3ac69e,S0002-9939-1992-1092925-7.pdf,0.68,unclassified,unclassified,10,S0002-9939-1992-1092925-7,,1992,,False,,,,,,,12175,True,False,1b9d64932af1e080,False,,True
11d250eb628c8196527d9718100dfa773173ec0670405d053a5efa56e8156be5,Studies in Applied Mathematics Volume 108 issue 1 2002 [doi 10.1111%2F1467-9590.01423] David C. Diminnie; Richard Haberman -- Slow Passage Through the Nonhyperbolic Homoclinic Orbit of the Saddle-Cent.pdf,0.11,dynamical_systems,high,10,Slow Passage Through the Nonhyperbolic Homoclinic Orbit of the Saddle-Center Hamiltonian Bifurcation,,2002,,False,,,,dynamical_systems,medium,keyword_text,9367,True,False,f2945bf5181ceb2a,False,,True
02c1fc286ed03e295959d90ebb18361312aed2e24274397e48646dbfcc94c670,Sung Hun Choi Final Exam.pdf,6.71,unclassified,unclassified,10,Sung Hun Choi Final Exam,,,,False,,,,,,,4338,True,False,31c9f976212e89af,False,,True
d8c8e0f75e07214fbd8f143b4f7890a295103ada9800b0400cd32e1a381ba9c9,Unsupervised_learning_1..pdf,0.98,machine_learning,high,10,Unsupervised_learning_1,,,,False,,,,machine_learning,high,keyword_text,1031,True,False,81fe10ce9b4076eb,False,,True
02c6ce2eb7453a0eed7035454139a46300fbe3ea73fee86415cae124f94820df,Zeitschrift für Angewandte Mathematik und Physik (ZAMP) Volume 40 issue 4 1989 [doi 10.1007%2Fbf00944802] Hassan Aref -- Three-vortex motion with zero total circulation- Addendum.pdf.pdf,0.31,dynamical_systems,low,10,Three-vortex motion with zero total circulation: Addendum,,1989,,False,,,,,,,9908,True,False,ed650140740920a7,False,,True
bb3a3ffb39889e8d5d5849b6d481f295f91096ff13807122be0f168f9ff86890,Zeitschrift für Angewandte Mathematik und Physik ZAMP Volume 30 issue 6 1979 doi 1010072Fbf01590500 H Tasso J Teichmann -- On the generalization of the Cole-Hopf transformation.pdf,0.1,unclassified,unclassified,10,On the generalization of the Cole-Hopf transformation,,1979,,False,,,,,,,4445,True,False,dda032ec4965cccb,False,,True
ef61b300bd93d742cdfedd861b645149d96cd6cf3cdf5afa088c11cfd1eb24e4,"[doi 10.1109%2FCDC.1978.267911] Barnes, Earl -- [IEEE 1978 IEEE Conference on Decision and Control including the 17th Symposium on Adaptive Processes - San Diego, CA, USA (197.pdf",0.09,physics,low,10,"Barnes, Earl -- [IEEE 1978 IEEE Conference on Decision and Control including the 17th Symposium on Adaptive Processes - San Diego, CA, USA (197",,1978,,False,,,,physics,low,keyword_text,4699,True,False,0af11df2ffc666fa,False,,True
6a6869cca5ae62a813eaad4ee97da94be0a08177fe7daea502a84877239c9534,_6d61ac58f5add7fa68ed404a51b2618d_Datascience_Orientation_Defining_Data_Science_Reading.pdf,0.36,unclassified,unclassified,10,6d61ac58f5add7fa68ed404a51b2618d_Datascience_Orientation_Defining_Data_Science_Reading,Tjido,,,False,,,,,,,174,True,False,ce54f8b313cc90cb,False,,True
914a8bbe22065ff1a58b2f0a0df5c57c703b2cf29924e66f5a706175cd17265b,_e35bb4c0fc8d9c5fae2b93f2c8186113_Week-3---slides---White.pdf,0.74,unclassified,unclassified,10,e35bb4c0fc8d9c5fae2b93f2c8186113_Week-3---slides---White,thistleton,,,False,,,,,,,633,True,False,42f606a37734aaf7,False,,True
0e43330341132ce0ac5392dd785e2897506886c307700d7bdd5c03f55b57502c,astam-fall-2023-solutions.pdf,0.64,unclassified,unclassified,10,astam-fall-2023-solutions,,2023,,False,,,,,,,2944,True,False,8054165f8df159c9,False,,True
c1beacaf4a3fb848288918e2bd22b8319a5e21a95782b7d883f87111224ccbc5,bronski-et-al-2014-studies-in-applied-mathematics.pdf,0.72,mathematics,low,10,bronski-et-al-2014-studies-in-applied-mathematics,,2014,,False,,,,,,,10470,True,False,598961075193d1e9,False,,True
2d2646fa8ddbe3ab42a7d9b745fe4feeb32fe20772735e64b91a287218edb330,chapter1.pdf,7.13,unclassified,unclassified,10,chapter1,,,,False,,,,,,,792,True,False,506360d7ae11d1ae,False,,True
f10fada642c414ab499663f30a35b3ed4b5eca418b3bd94c636d830072f9a632,chapter2.pdf,5.53,unclassified,unclassified,10,chapter2,,,,False,,,,,,,1398,True,False,8bd64e2781511aea,False,,True
2d9a105371254f35ed0834228c953d399e73f58171e574f7d3d514788ae18f0e,fall-2023-erm-exam.pdf,0.15,unclassified,unclassified,10,fall-2023-erm-exam,,2023,,False,,,,,,,5463,True,False,5bd29631c90aceb2,False,,True
0589394551ef23fbb2f6910e4fc823f40b9dc72039564ace278399b80e072373,february-2024-astam-questions.pdf,0.51,unclassified,unclassified,10,february-2024-astam-questions,,2024,,False,,,,,,,4345,True,False,509bf624bec588c8,False,,True
d48b682f9b774f1c57ee1ad54f76e31cc5f980ff6b57cebbf1ac0ad7458093bb,jpsj533342.pdf,0.74,unclassified,unclassified,10,jpsj533342,Miki Wadati Yasuhiro Akutsu1Institute of Physics; College of Arts; Sciences; University of Tokyo,,,False,,,,,,,464,True,False,f2ac86e14ef900e8,False,,True
3a531048b5d45b470597541b398df60b54fb62c61e3b779c6e4da416c1bcd31d,khoshgoftaar2011.pdf,0.62,machine_learning,high,10,khoshgoftaar2011,,,,False,,,,machine_learning,high,keyword_text,29456,True,False,bc847fb7fc2a24b1,False,,True
7eaea821ddd01c6c173760875a647cf67a891a9a144f0d08bbf232fbe139602a,models_v1.pdf,0.19,mathematics,low,10,Introduction to Models and Modeling to Manage Risk,SOA,,,False,,,,,,,13165,True,False,603684d813cde58f,False,,True
7707a0fc0970ecd34fd9efbc9ef7e84ff3759f6df50d2212797c86ea0c84019b,numericalstudyguide.pdf,0.44,numerical_methods,high,10,numericalstudyguide,,,,False,,,,numerical_methods,high,keyword_text,9799,True,False,f7f73d79f12755b2,False,,True
80ed7db6d904e28a720fb8fe7ebc730f0ef884ccfb482feda1fb9c27c7104bed,pricing_models.pdf,0.33,mathematics,low,10,pricing_models,MMobley,,,False,,,,,,,7151,True,False,e8c5e95f0c8c55b1,False,,True
7779d7f6a610047035565c6f35491558180ee78a73ff11b603bf135c66a83adc,rsta.2015.0202.pdf,0.73,linear_algebra,low,10,rsta.2015.0202,,2015,,False,,,,linear_algebra,low,keyword_text,18429,True,False,347e9bca94f163e6,False,fuzzy_dup_459,True
f4b5ae2f86690585ee00d74c780c6eff6b1553355e8e434737c4efa5d479550d,rstb.2007.2082.pdf,0.97,unclassified,unclassified,10,rstb.2007.2082,,2007,,False,,,,,,,23206,True,False,7ac56192c9ba31df,False,,True
77a20daca8d17c8ff687e2524151de885e1c8fce2efcbf6fcd3bcb244146cfe7,J Comput Phys 1993 Hobson.pdf,0.5,topology_geometry,high,5,J Comput Phys 1993 Hobson,,1993,,False,,,,topology_geometry,high,keyword_text,39443,True,False,53e3bc2a77f01a2b,False,hash_dup_260,
bb10410788d728da7e7290ef67e80894cc3c60a54f4e8053515e4d150a08f9d2,"(Journal of Strength & Conditioning Research) Schoenfeld BJ, Peterson MD, Ogborn D, Contreras B, Sonmez GT-[Article] Effects of Low- Versus High-Load Resistance Training on Muscle Strength and Hypertr.pdf.pdf",0.29,unclassified,unclassified,5,"Schoenfeld BJ, Peterson MD, Ogborn D, Contreras B, Sonmez GT-[Article] Effects of Low- Versus High-Load Resistance Training on Muscle Strength and Hypertr.pdf",,,,False,,,,,,,9101,True,False,a936983c8cdcc0c7,False,,True
661b31f4ed0ad71e0bf452817aa0e5a65d7c69a4dbdc4447f758393b1a573dba,0000263pdfsequence=1.pdf,0.56,dynamical_systems,medium,5,0000263pdfsequence=1,,,,False,,,,dynamical_systems,medium,keyword_text,11902,True,False,af84e44fbe7b15b0,False,,True
5efb4ef83dabc7243ac757b76f7e9cc73418d53c117cf51475b64e7ff8c42ef0,0000384.pdf,1.0,physics,medium,5,PII: 0167-2789(88)90025-5,,,,False,,,,physics,medium,keyword_text,12075,True,False,500a388cbcb29b43,False,,True
d090641554ecd4bf99163e1314c7cb3a3547254f4b0bbef1b733efa299823828,0008068.pdf,0.93,unclassified,unclassified,5,arXiv:math/0008068v2  [math.NT]  7 Jan 2001,,,,False,,,,,,,16604,True,False,3a65b7914e40172d,False,,True
7ca977b36a5b2843795e7d42173ac93fb5c09adad929aee0317fc0489481aaa2,0101026.pdf,0.11,dynamical_systems,low,5,arXiv:physics/0101026v1  [physics.class-ph]  4 Jan 2001,,,,False,,,,dynamical_systems,low,keyword_text,16311,True,False,444934cde91e5d4c,False,,True
55ab589363f88efc2a9598d43268b1a0f49da79af30f7d2690a66e12b60e80ce,0105048.pdf,0.55,dynamical_systems,medium,5,arXiv:nlin/0105048v3  [nlin.CD]  30 Aug 2001,,,,False,,,,dynamical_systems,medium,keyword_text,15302,True,False,30be107ced0b6f44,False,,True
4cfc89de9ecdd492f7567136946396ea55f917ea90611249b1e136806f4e3e40,0109202.pdf,0.34,dynamical_systems,low,5,arXiv:math/0109202v1  [math.DS]  25 Sep 2001,,,,False,,,,dynamical_systems,low,keyword_text,11839,True,False,a2072efb0d30f4b1,False,,True
150f02e1c8708945cc44145cb47a546d9d39a69eb5d90e9c45ff3f835a878a42,01_11_2024_to_02_08_2024.pdf,0.82,unclassified,unclassified,5,01_11_2024_to_02_08_2024,,,,False,,,,,,,14199,True,False,e456dcf026e06bde,False,,True
f7d7322a6c87334000cd6b0e5db7e0a7c4672e76ccda4e7f30036f4e7808f08a,01hofer.pdf,0.32,topology_geometry,medium,5,01hofer,,,,False,,,,topology_geometry,medium,keyword_text,11801,True,False,6ec7ff237fd1f53c,False,,True
9affb948d5b58c57cfd47001b42ff2e3cb2bdda503ee16352273db6ca0232be3,0202060.pdf,0.15,unclassified,unclassified,5,arXiv:nlin/0202060v1  [nlin.CD]  27 Feb 2002,,,,False,,,,,,,8088,True,False,bccbb121483bcd9c,False,,True
71b9263c0682ef6c92a4220c79c53ec3ba56c7789a4597049f0590ad1603873e,0207043.pdf,0.48,unclassified,unclassified,5,arXiv:nlin/0207043v3  [nlin.CD]  19 Dec 2002,,,,False,,,,,,,15737,True,False,23dedfabb67a5c09,False,,True
27f8ae30097cdab96dece8aaa267017c3a50b508d192614be7645276e3c07cff,0208032.pdf,0.65,unclassified,unclassified,5,arXiv:nlin/0208032v2  [nlin.CD]  26 Sep 2002,,,,False,,,,,,,18461,True,False,5a208e617ebe7de9,False,,True
1284f998a5ff0795a4e8054d3ad6c4ea17edb77135324ba2aaa3d54f3232b715,0211039.pdf,0.15,mathematics,low,5,arXiv:math-ph/0211039v1  17 Nov 2002,,,,False,,,,mathematics,low,keyword_text,10713,True,False,2580dc8312e7956d,False,,True
d64b513fe2af428eea1502232e12391f2c97e5cb2325124659fbbd52cd5050a5,02_09_2024_to_03_11_2024.pdf,0.83,unclassified,unclassified,5,02_09_2024_to_03_11_2024,,,,False,,,,,,,15076,True,False,ceb6032e487c744b,False,,True
7a98693e12a75f13d0e80ee5550dc67dce622380a0da93b8d1378c8bb518f8d1,0301OllePV1.pdf,0.58,unclassified,unclassified,5,0301OllePV1,,,,False,,,,,,,37908,True,False,2906450b1971b241,False,,True
e5797aa429e264766eb846c58ba269a08c3873f3253aa1a365fb62c5d3c8371d,0304265.pdf,0.22,dynamical_systems,low,5,0304265,,,,False,,,,dynamical_systems,low,keyword_text,9625,True,False,b347a73f1f229a4c,False,,True
70dc63d631b8cb88efda6eafbe964c85ec5a43158cd344f3f4ada177e9f41d9e,0310022.pdf,0.15,physics,low,5,0310022,,,,False,,,,physics,low,keyword_text,10576,True,False,139a1c9492298f7e,False,,True
c8094639735fda7ed375edcdff07c10ee7b92590bc0c7fd71f7663cedf69dcd7,03_09_2024_to_04_10_2024.pdf,0.8,unclassified,unclassified,5,03_09_2024_to_04_10_2024,,,,False,,,,,,,15280,True,False,679efabd7e5c4cf5,False,,True
1dde608f6d49a405e227ba4a8462fa1a622682220d8a2eda3a9ee102f087cde1,0401022.pdf,0.51,unclassified,unclassified,5,0401022,,,,False,,,,,,,13987,True,False,4a7e4e8f0dbc75f9,False,,True
d5dc4fe33f373ec6832f32aab93f32a8e9bb190d9fa688731867b44735839196,0404058.pdf,0.4,dynamical_systems,low,5,0404058,,,,False,,,,dynamical_systems,low,keyword_text,11763,True,False,5da0fb8daf999b3f,False,,True
65e814328e4870835d02a0910eb5c5834e4e5bfbb9e75c7d04d3caca597efe75,0407028.pdf,1.53,unclassified,unclassified,5,0407028,,,,False,,,,,,,12792,True,False,ec1908bcd6613a60,False,,True
a9db7f6894cee328bc35f2f1b9dd36dcaf2a7a8cc124350b5ba27ef49cebb27e,0411017.pdf,0.28,physics,low,5,0411017,,,,False,,,,physics,low,keyword_text,10659,True,False,68f86b9762072f06,False,,True
bbaabcec55d76a3978bb1968224a38e9818a9331baa2b17c5ffc86f103b99154,04123.pdf,1.73,unclassified,unclassified,5,04123,,,,False,,,,,,,12318,True,False,9424ac950cd42e7a,False,,True
ea458a3518c916c679bd8fd5d59593b9d1423b7c8843868d79cf4c57d789be40,04_11_2024_to_05_09_2024.pdf,0.82,unclassified,unclassified,5,04_11_2024_to_05_09_2024,,,,False,,,,,,,14501,True,False,0ed7022afb7c7fc6,False,,True
f5e73989acaa6637f4c3fdfcf70f9fb3311eb9a5b21296c194e8c8d84ff63cd8,04b_cpt_ops_hsp.pdf,0.18,analysis,medium,5,04b_cpt_ops_hsp,,,,False,,,,analysis,medium,keyword_text,11181,True,False,624ed06f071ce835,False,,True
aebc015188504b1793e7ad632fd60debbf965481a4c27b729ac3e2a42598f20a,0503049.pdf.pdf,0.16,physics,low,5,0503049.pdf,,,,False,,,,physics,low,keyword_text,8553,True,False,5cd2cafe79e5ab35,False,,True
eccc0f2438b8e5749517d9bd165a6f49bf814e006360265b1ecad50333f33e15,0503066.pdf,0.74,unclassified,unclassified,5,0503066,,,,False,,,,,,,7828,True,False,5e96760d947886ff,False,,True
156c0bce943dfc5277b339d31d3eab68e27f49d32b79f556aff64d992192c720,0503066.pdf.pdf,0.74,unclassified,unclassified,5,0503066.pdf,,,,False,,,,,,,7809,True,False,7b3a0317bca93550,False,,True
7bc0fcb2e4044610a9724de6a5352effefc081ea0df58ae69bfc8f3be5554d07,0506043-2.pdf,0.52,physics,low,5,0506043-2,,,,False,,,,physics,low,keyword_text,13440,True,False,67c6c5bbb3b0fa5c,False,,True
6bdb09ed686d40ca09c59091882bd80632dd489c2c89d254e6485b25e61824ca,05_10_2024_to_06_10_2024.pdf,0.8,unclassified,unclassified,5,05_10_2024_to_06_10_2024,,,,False,,,,,,,14339,True,False,6c80582581797193,False,,True
4d9131b8285170f33c20350906f94dd38d7a03d2a878b489fb718a8532db1a61,0605061.pdf,0.14,dynamical_systems,low,5,0605061,,,,False,,,,dynamical_systems,low,keyword_text,10710,True,False,1afe25268f88e8de,False,,True
d087a2c3ce25e8dbb16dc477f2f9b29dea28b71dafdb1006d0e0d4772bbaa11e,0609427.pdf,1.38,unclassified,unclassified,5,0609427,,,,False,,,,,,,20252,True,False,8f74448c72e54009,False,,True
63a59c03205c07b9de4c80958050cb6404c1644f042f1adb8f83883028a32d5b,0611468.pdf,0.2,dynamical_systems,medium,5,0611468,,,,False,,,,dynamical_systems,medium,keyword_text,14574,True,False,c734a83932204ca1,False,,True
d7221965f233ac5da96b4d067afb6c46bfb2618994eb36bfa4ccc7ea46830762,06_11_2024_to_07_10_2024.pdf,0.8,unclassified,unclassified,5,06_11_2024_to_07_10_2024,,,,False,,,,,,,14475,True,False,06353dfe976bf5ea,False,,True
0ae8a8d49cfdbb46276b01ba627407a287ecc95af0aa995dcdc08cad47bc8aff,0703023v1.pdf,0.67,biology_neuroscience,low,5,0703023v1,,,,False,,,,biology_neuroscience,low,keyword_text,28389,True,False,c75d7551f87409f0,False,,True
f3793906e33331678e1497f49316f55cf07fc57ea1ab8a260e83ac582ccad207,07040146.pdf,0.31,unclassified,unclassified,5,arXiv:0704.0146v1  [cond-mat.other]  2 Apr 2007,,,,False,,,,,,,13888,True,False,8ff3822d366377f9,False,,True
90d9c9f1f20b4d9b4ffefa6822ee1574c8ba4002c7c0560ec907dda5302427aa,0707.pdf,0.27,dynamical_systems,low,5,0707,,,,False,,,,dynamical_systems,low,keyword_text,22897,True,False,60179d28dcbb890a,False,,True
66f2ca88ba028e1f94990822710fbfdf29b74614d7b3a6774865c4d8a1c8c949,070707.pdf,0.23,unclassified,unclassified,5,070707,,,,False,,,,,,,12702,True,False,50b89b82381cd689,False,,True
643ba1ea3a0fc62004535c8729c31b74c318475347c924873d9955dba9cda5c4,07121103v1.pdf,0.25,unclassified,unclassified,5,07121103v1,,,,False,,,,,,,8965,True,False,75bba94b8e43310a,False,,True
8f9d8b28523ef4aa4d33c7a50a8acd732bddd7e60a0b522914b9bc7f8a51f20a,07_11_2024_to_08_08_2024.pdf,0.83,unclassified,unclassified,5,07_11_2024_to_08_08_2024,,,,False,,,,,,,14936,True,False,4b0f428d69e7702c,False,,True
c4059952d675861539d0e6b88815630930bbe3620263d26d28f1d064091e6f07,08042347.pdf,0.19,unclassified,unclassified,5,08042347,,,,False,,,,,,,11050,True,False,29cccf52903464ea,False,,True
60adb6b1c74daaf44d16a63750632643181d9992407ffadc52ed54a0e48d372b,0807.0454.pdf,0.38,unclassified,unclassified,5,0807.0454,,,,False,,,,,,,8659,True,False,df8151b328c123d6,False,,True
7d2dd7374b60a3fd5c6f0da173a096d70d986fad9965b6f7ce8e30a17d20c08a,0808.3028.pdf,0.24,physics,medium,5,0808.3028,,,,False,,,,physics,medium,keyword_text,12947,True,False,a5b348ede9a35332,False,,True
a71554a8abf00d2cb9791c7407ea31099c819a0653eaba8cb0c3713dabb52454,0811.1785.pdf,0.3,unclassified,unclassified,5,0811.1785,,,,False,,,,,,,14942,True,False,6c508fcdb550fbc0,False,,True
c42391af9bcf3a561ea496b10117874b04269ced981a9556efdd6ba1ebb1ac23,08121810.pdf,1.98,topology_geometry,low,5,08121810,,,,False,,,,topology_geometry,low,keyword_text,11655,True,False,a6e20f26b4fbd124,False,,True
6e00d39bc130e053c7aaa74aa292ce5728fc362170fdab210ca3bc859d4ef47a,08619441.pdf,0.84,unclassified,unclassified,5,On Unveiling the Community Structure of Temporal Networks,,,,False,,,,,,,26157,True,False,3c89eeb521cd76de,False,,True
f36638bf966f888f81698ddece01634a8ac632f8d8cd8845fca339047d01169b,08882376.pdf,0.6,unclassified,unclassified,5,Consensus Over Activity-Driven Networks,,,,False,,,,,,,27703,True,False,aeb04d4c5deee0ae,False,,True
64a075e5ff941b77eae33932eb51cd64ec74ee44463ab392c9b224181fb3f679,08_09_2024_to_09_09_2024.pdf,0.83,unclassified,unclassified,5,08_09_2024_to_09_09_2024,,,,False,,,,,,,15183,True,False,e17c897a80e7e3bc,False,,True
c3215288b0d8c635951b8d86a2f10696d8d5ec3021c6d3d12c6fcbe361eb1969,09021293.pdf,0.94,physics,low,5,09021293,,,,False,,,,physics,low,keyword_text,7979,True,False,935d7aca993b3db2,False,,True
626d24ad0a428359f7470e110c03a775b18a44d277a2367d1ae36f58bcbb1603,0903.2126.pdf,0.11,unclassified,unclassified,5,0903.2126,,,,False,,,,,,,10858,True,False,85e90bc1d0dd0aee,False,,True
55431a3707a648232bb98204dd72c47b2ab8ae801f205c7aadc256133531576f,0903.2132.pdf,0.28,unclassified,unclassified,5,0903.2132,,,,False,,,,,,,11217,True,False,2389944ac6ba8d3f,False,,True
87f7eef0e97de61479eca793da1a28c17f2b4ba4707b4980cc4907564ccded26,0905.2134.pdf,0.96,dynamical_systems,low,5,0905.2134,,,,False,,,,dynamical_systems,low,keyword_text,12361,True,False,b53bcc9a27f90ae6,False,,True
e06bb8cd4853135e5fc0f51eb65b506410353e8e7ac2ba71afef0c8d5af7bd89,09089218.pdf,0.48,signal_processing,low,5,On Assessing Control Actions for Epidemic Models on Temporal Networks,,,,False,,,,,,,27795,True,False,8a34bf1fdd0979c1,False,,True
fe6f2b2b758c4e5c5312a10f0ab5aa1f1a86f5cccd5507fa9eb10255e9f911af,0909.4513.pdf,0.3,dynamical_systems,medium,5,0909.4513,,,,False,,,,dynamical_systems,medium,keyword_text,25337,True,False,d4cb361ade700a15,False,,True
c5518024a4ca47daf7563eac16e45abcd18e76686b1b10642ecfcf3c739350c4,0910.2575.pdf,0.18,physics,low,5,0910.2575,,,,False,,,,physics,low,keyword_text,10173,True,False,92acc284d7980c49,False,,True
48fe98ad1ca4b1f17e055c7d2dc8f08da1a344c229a775c7185387256ee7c474,0912.0591.pdf,0.16,dynamical_systems,low,5,0912.0591,,,,False,,,,dynamical_systems,low,keyword_text,13342,True,False,b6624c5f00a01d10,False,,True
8923d4b7e392a33b6be50ff57cb14f0ec82bf071abe2d7b3f86f946f09aeae83,0951-7715_27_5_859b.pdf,0.87,dynamical_systems,medium,5,0951-7715_27_5_859b,,,,False,,,,dynamical_systems,medium,keyword_text,13401,True,False,c5de08c66050773e,False,,True
c387d5c6e79ed106b0346c4addabba874c867f9531663dfa5cc5e8c9e06d1e48,1-s20-002203967990069X-main.pdf,0.75,mathematics,medium,5,1-s20-002203967990069X-main,,,,False,,,,mathematics,medium,keyword_text,9198,True,False,bc273fc865e68f18,False,,True
795bfc65163c0c6013eab355b1dad7b8511fb6a8edec7942859f622ce3f4eae6,1-s20-S0022247X10000661-main.pdf,0.15,dynamical_systems,low,5,1-s20-S0022247X10000661-main,Xiaoping Wang,,,False,,,,dynamical_systems,low,keyword_text,9398,True,False,962310d7d0a58fd1,False,,False
05fac68188af16a2451408eced626a66e9b60f5bb3ac96a8a2d6dec539dec28d,1. Standard notations for Deep Learning.pdf,0.25,deep_learning,medium,5,1. Standard notations for Deep Learning,,,,False,,,,deep_learning,medium,keyword_text,2009,True,False,267bbaa489b2ea66,False,,True
ecc77eaebee756f3286bf43e50f60244ee37daa45da3ecc28601fa861d7a1380,1.PDF.pdf,0.18,unclassified,unclassified,5,1.PDF,,,,False,,,,,,,1624,True,False,cefd0186c8fd42b3,False,,True
27e71b4f4219d7a35d01ac6498bfee7aa7fcaff9674be9a83308ee31b7eb00ca,1.pdf,0.38,unclassified,unclassified,5,1,,,,False,,,,,,,2054,True,False,87f65b4c8a9ec5e1,False,,True
209ca177bea5efc31ffbf5f0c3d417e59b2aad7e6acedba068cd8643a650c8c4,10-SO_pre_website.pdf,0.43,physics,medium,5,10-SO_pre_website,,,,False,,,,physics,medium,keyword_text,16999,True,False,0261af5a5e9a6017,False,,True
ddebc679b42ca497c4a21d634a512e08f534dea634f126d386f3a8e4b5bf7acd,10.1.1.152.6512.pdf,0.19,unclassified,unclassified,5,10.1.1.152.6512,,,,False,,,,,,,16243,True,False,eb5fd79a714ac6ce,False,,True
4dcbc6e5ac3c830091e2f86529b4ac50ec82fa1e8b4bec53cc65b616d2a4c5b9,10.1.1.77.3314.pdf,0.35,unclassified,unclassified,5,10.1.1.77.3314,,,,False,,,,,,,11188,True,False,c3aa40cfa21d704c,False,,True
63ec9218dc8ade88edb8ca61361ca447ce32ab3d254cc9a80beb86009a0e7d95,10.1007%2Fs10808-010-0047-5.pdf.pdf,0.28,algebra,low,5,10.1007%2Fs10808-010-0047-5.pdf,,,,False,,,,algebra,low,keyword_text,12245,True,False,2ca6a06ce1bb1f85,False,,True
285270de70ac759ee8b009700a0cf5abc8ec85083b98ed17261ff42e82bdfc4b,10.1023%2Fb%3Anody.0000045547.51598.41.pdf,0.29,unclassified,unclassified,5,10.1023%2Fb%3Anody.0000045547.51598.41,,,,False,,,,,,,12798,True,False,19630d46c748fc8d,False,,True
59155e663f189507925810039cf3fab87c910920ebbe71e1dc4882a573fa36ec,10.1103%2FPhysRevE.69.056501.pdf,0.16,dynamical_systems,low,5,10.1103%2FPhysRevE.69.056501,,,,False,,,,dynamical_systems,low,keyword_text,18332,True,False,4f44fdaff10ffc8f,False,,True
cce8e2b78918021705bcb4b688952d22245a3be547b39fd05ca69c314dfc3440,10.pdf,0.25,physics,medium,5,10,,,,False,,,,physics,medium,keyword_text,15187,True,False,439d19c4f72e8f4a,False,,True
0d6e1f342f16b73bf3903e2149da8f53a0d53d1b5cbd2229bdd319f72ab2d73c,1004.1132.pdf,0.12,physics,low,5,1004.1132,,,,False,,,,physics,low,keyword_text,9111,True,False,8a3f6b499ea8cea3,False,,True
1116c1fd99b6e087fae9524e61f86de7a568bd6354bf8762d23191ea9d8ed686,1006.0346.pdf,0.29,unclassified,unclassified,5,1006.0346,,,,False,,,,,,,15193,True,False,6d48f27715f931a4,False,,True
80478acd8af8330e78a83689b178c378e4559f6934f966d9bec929071f370720,1006.2789.pdf,0.54,unclassified,unclassified,5,1006.2789,,,,False,,,,,,,15795,True,False,a56ec80740110d3f,False,,True
9ac1e2fbf419a3af7c488ccf68190aa24c05c52f69a213cafc1429498631bf53,1010022Fcpa3160290613.pdf,0.78,dynamical_systems,low,5,1010022Fcpa3160290613,,,,False,,,,mathematics,low,keyword_text,10518,True,False,a0e8d12b949b4cbd,False,,True
1a47a7225f4ade8fcb7e941521902e4c621814661f5fb94c6bbee557e31b1871,1010022Fzamm20000801344.pdf,0.35,dynamical_systems,medium,5,1010022Fzamm20000801344,,,,False,,,,mathematics,low,keyword_text,11132,True,False,7e6e70d97c411f53,False,,True
47211e9612412b027231e301deae89326076bf169ca0ba97b121e7ba4fa03317,1010072Fs000330050086.pdf,0.18,physics,low,5,1010072Fs000330050086,,,,False,,,,physics,low,keyword_text,13806,True,False,5d824a55d1158a52,False,,True
d80c0d61a453a470a1f4cdf2744684fc98ca15fc9b4a0399834666afeb6b696b,1010072Fs00205-011-0475-2.pdf,0.22,physics,low,5,1010072Fs00205-011-0475-2,,,,False,,,,physics,low,keyword_text,13856,True,False,9b5abf3285dab785,False,,True
da5e935ec981223221c7a584608c5590430fe9d311a7f6d1d5d33b0f1eadd8d1,1010072Fs10569-011-9380-0.pdf,0.42,physics,low,5,1010072Fs10569-011-9380-0,,,,False,,,,physics,low,keyword_text,12935,True,False,ae2543a05de01a10,False,,True
80861575e92bd5ff7623cc0d500167b212ae95425d4f462f32646336ab74869c,1010072Fs10569-013-9507-6.pdf,0.32,physics,low,5,1010072Fs10569-013-9507-6,,,,False,,,,physics,low,keyword_text,16076,True,False,818afa1dbab60719,False,,True
47d8603714ce50c5ca0542913af8dff003538ba569871f416add91fdf5ac27f3,1010072Fs11071-008-9346-2.pdf,0.79,unclassified,unclassified,5,1010072Fs11071-008-9346-2,,,,False,,,,,,,16635,True,False,d67af14e19d08949,False,,True
69ff41e84e27f2839fb1ba5c0a70a8bf473fd1554aa4585a49c838a50ff8d8a8,1010072Fs11071-011-9950-4.pdf,0.64,unclassified,unclassified,5,1010072Fs11071-011-9950-4,,,,False,,,,,,,16285,True,False,366fd56b4c69e1da,False,,True
be13d7b9b293fb6e37e5e578508664c957607b8f66a5e7490105aab68ed121bc,1010072Fs12346-008-0012-3.pdf,0.46,unclassified,unclassified,5,1010072Fs12346-008-0012-3,,,,False,,,,,,,10479,True,False,9a74f3056383be9f,False,,True
e66760ed110db0505341409f29bb0fbc22be8b6a8f340c5dc0084041ad1a5728,1010072Fs12346-009-0003-z.pdf,0.39,dynamical_systems,low,5,1010072Fs12346-009-0003-z,,,,False,,,,dynamical_systems,low,keyword_text,9970,True,False,2724af77318f6bf7,False,,True
2f4286f2fa635d122c88ac2750c195a83ac50f59c04beed996ad3200f574adb6,1010162F0167-27898590177-0.pdf,0.98,topology_geometry,low,5,1010162F0167-27898590177-0,,,,False,,,,topology_geometry,low,keyword_text,14467,True,False,b880e97b8d2095b2,False,,True
f0b49f7e8a348a65c332c08533c349bdf94a41db8502089eaab825096440ec49,1010162F0167-27898690043-6.pdf,0.61,physics,low,5,1010162F0167-27898690043-6,,,,False,,,,physics,low,keyword_text,9896,True,False,e5ccc337cd7d158a,False,,True
0db3663b0778a8f9c4ccd9462433e55c4288b4830ec64826633c878bdd4e271d,1010162FS0034-48770280013-1.pdf,0.53,dynamical_systems,low,5,1010162FS0034-48770280013-1,,,,False,,,,dynamical_systems,low,keyword_text,8911,True,False,51db91dac1ca1921,False,,True
93a3ef2b261456234c2868d49e532ceb1c1aa765cd2b0a22cc5426d203ed00bc,1010162Fs0167-27899890012-4.pdf,0.77,dynamical_systems,low,5,1010162Fs0167-27899890012-4,,,,False,,,,dynamical_systems,low,keyword_text,17097,True,False,8e8e03d467dc64b4,False,,True
014b64bfd6520e3ba4e4e91934c75c1622c882b28dae14e4fb72005a936f8d15,1010162Fs0167-69110100090-1.pdf,0.18,unclassified,unclassified,5,1010162Fs0167-69110100090-1,,,,False,,,,,,,18183,True,False,6808fdbd23d1521b,False,,True
3f0578e798ef41121c16c134a98a48dbbb300acb0f811441ba56c0d5b402e12f,1010162Fs0375-96019800116-9.pdf,0.94,dynamical_systems,low,5,1010162Fs0375-96019800116-9,,,,False,,,,dynamical_systems,low,keyword_text,16827,True,False,92124b7ba3ce3111,False,,True
737f4bfaf2e793dcb2bc94e7f64bbcd1aa938ba1bd9217cc8263641f01609af4,1010232Fa3A1011117003713.pdf,0.25,dynamical_systems,low,5,Periodic orbits of the Sitnikov problem via a Poincar&#x00E9; map,,,,False,,,,,,,10262,True,False,4174b179d735699e,False,,True
e468866579a0ae8bc54b91353019a44a9bd52af6010ab8caedc9eb8f101bf442,1010232Fa3A1014508619774.pdf,0.12,unclassified,unclassified,5,"On Motions Near the Lagrange Equilibrium Point <Emphasis Type=""Italic"">L</Emphasis> <Subscript>4</Subscript> in the Case of Routh's Critical Mass Ratio",,,,False,,,,,,,10039,True,False,f9714fcdadd30d9f,False,,True
482330e71f88bf64526da8b4bb2b23078fee7bd5b4230098cc24f19513cdba7f,1010232Fa3A1017582218587.pdf,0.41,dynamical_systems,medium,5,Bifurcation Cascades and Self-Similarity of Periodic Orbits with Analytical Scaling Constants in H&#x00E9;non&#x2013;Heiles Type Potentials,,,,False,,,,dynamical_systems,medium,keyword_text,11100,True,False,f04c0c83bf33fdc0,False,,True
1505866df5da4e689b0fa537217f63100f935343779814001cfde4862aa8ee48,1010232Fa3A1021739407472.pdf,0.19,dynamical_systems,low,5,On the Stability of Planar Oscillations and Rotations of a Satellite in a Circular Orbit,,,,False,,,,,,,10260,True,False,dc6cfbb005c9728e,False,,True
8c718edb827e304bf273ecafad5a1f7d268167e161945a8fb1da3ef7f767ea9f,1011032FPhysRevE542033.pdf,0.87,dynamical_systems,medium,5,1011032FPhysRevE542033,,,,False,,,,dynamical_systems,medium,keyword_text,25015,True,False,45ae7df12c42f867,False,,True
0053dd621de65cf49893abd59db4b412053b8e891540cfc0a56ba5a49f0cf408,10111359755.pdf,0.17,physics,low,5,10111359755,,,,False,,,,physics,low,keyword_text,17929,True,False,8b25a8261b5dc128,False,,True
6db1029b66154f6af349443b2611ed6a52c59f9f9378062b9cf23a1cc0e16316,10111905712.pdf,0.1,unclassified,unclassified,5,10111905712,,,,False,,,,,,,16092,True,False,b8dad006ad73030e,False,,True
cd8e9db119bae55c763981cdd4d1c69e4772809209c4b7a2840a0508a8611b7a,101130526.pdf,0.46,unclassified,unclassified,5,bl2.tex,,,,False,,,,,,,14147,True,False,4865d477d64ae55a,False,,True
568c9247cf482fb0a5fca0e0a5a1afcd02a1ff6b95ad5219f56c0a410a5757eb,1011308149.pdf,0.22,unclassified,unclassified,5,1011308149,,,,False,,,,,,,10176,True,False,637252ad2a01a63a,False,,True
b01328a8c9c1380e93dbd2d9e3e2cb4f3a6046d209b9f9137892c4deddea3c24,1011309762.pdf,0.21,physics,medium,5,1011309762,,,,False,,,,physics,medium,keyword_text,13013,True,False,eef7c5f94697265a,False,,True
f9d4efb9b36e8a1ddc8304e38251b8789aa5fe164c54e8c7856a50918c6cbbeb,1011342F11941506.pdf,0.07,dynamical_systems,low,5,On a multiple resonance in linear Hamiltonian systems,,,,False,,,,,,,17915,True,False,53f29729b435058d,False,,True
e13e2db19e886d6ad43bc6ac3aabf0662d16953484a473f09e6092f55657fa41,1011342FS1560354715010050.pdf,0.57,physics,low,5,1011342FS1560354715010050,,,,False,,,,physics,low,keyword_text,12385,True,False,23c82161afff98a4,False,,True
6a72735328d326956d1bf48dd8707941688e6da308db9ba127fe168db5337f0f,1011342FS1560354715060015.pdf,0.68,physics,low,5,1011342FS1560354715060015,,,,False,,,,physics,low,keyword_text,16261,True,False,15a4f25d1570fb34,False,,True
f2d0e0c7fa3f3321e119a90c610ccc59e63e4fa5be2aa6e491080eb6b2847ca3,1011342FS1560354716040018.pdf,0.52,unclassified,unclassified,5,1011342FS1560354716040018,,,,False,,,,,,,11224,True,False,e5cb57dc978f834d,False,,True
c6b49b13f5a8e36f930434a7b73ce22ed8da4b72cfcfb175aa7feebf02666ccc,1011342FS1560354717070048.pdf,0.39,physics,medium,5,1011342FS1560354717070048,,,,False,,,,physics,medium,keyword_text,13485,True,False,b544cd7ac85f117e,False,,True
4efe50da46f0d468e26397e455dd0d043de29a02bd7bf6956a0c0200abbba8a5,1011342Fs0010952511060049.pdf,0.21,unclassified,unclassified,5,1011342Fs0010952511060049,,,,False,,,,,,,15253,True,False,42a674b032a612cb,False,,True
dfe556fefd2a59912eb59f76c6e8c1175966971b93123c778c9d19c6bc2d2dc0,10115385957.pdf,0.72,dynamical_systems,low,5,Geometrical aspects of stability theory for Hill's equations,,,,False,,,,,,,9514,True,False,99c6c7ac4e772bb0,False,,True
7af65ca9661d198455a6fba86a42e6e3bb0b662fa2f56709e0f7c061af8a7f9d,10115471476.pdf,1.0,unclassified,unclassified,5,perturbedsitnikov.dvi,,,,False,,,,,,,7568,True,False,8ddcd329926a9f92,False,,True
8b8847c7fc49ebc315f1dfb719fe8ec1c4bbf9f9f3261250a3dcda8ec8312d8d,1011575367.pdf,0.29,dynamical_systems,low,5,1011575367,,,,False,,,,dynamical_systems,low,keyword_text,17526,True,False,7d5c185c111de837,False,,True
b3f2663285c25fc4a0e72027618c9c9ffc8a88811308658c160dc11368d4c3bc,10115967161.pdf,1.23,unclassified,unclassified,5,PII: 0167-2789(85)90084-3,,,,False,,,,,,,8766,True,False,02dc10072fb28ef7,False,,True
44f5bbdeabbad49765828945bea7dcaedb5d9b65e4c82e837890983d370ca567,10116621606.pdf,0.41,unclassified,unclassified,5,10116621606,,,,False,,,,,,,15690,True,False,2c9a88c8825e5900,False,,True
df30953473461f5e8ea986c4e80f522484b360ff5b371fc868abb1897767fa13,10116708321-2.pdf,0.35,unclassified,unclassified,5,10116708321-2,,,,False,,,,,,,10074,True,False,d658a560dfcdb215,False,,True
919b9e68bd3bc5f29fef1e99e739bee8028b0d8da7e14b0605d80900ddf0653c,1011746493.pdf,0.49,dynamical_systems,low,5,PII: S0167-2789(01)00347-5,,,,False,,,,dynamical_systems,low,keyword_text,15360,True,False,af54de16069fac87,False,,True
5e6ae2e460c4c0992667e036afd45eeedbedd582b8031754013707cf115dc45a,10120079.pdf,0.5,topology_geometry,low,5,10120079,,,,False,,,,topology_geometry,low,keyword_text,14270,True,False,4ef174b1625ffdfd,False,,True
1295ad1c6e3ba02e92933bf39856476c32292d80319e17f64fac2154196355b8,1023072F51822.pdf,0.5,topology_geometry,low,5,Long-Time Symplectic Integration: The Example of Four-Vortex Motion,,,,False,,,,numerical_methods,low,keyword_text,13293,True,False,aeb146b7e2d41b11,False,fuzzy_dup_401,True
2cc717dea70669e2aa27d2e06873e864bff34b4b98355305bfcd409d2c6f38e3,1034091_1_unknown_upload_16664160_qgbdd3_sc.pdf,0.8,unclassified,unclassified,5,1034091_1_unknown_upload_16664160_qgbdd3_sc,,,,False,,,,,,,13190,True,False,af32c0e76c5fd0d0,False,,True
a0b396a5cba56e1ef9830aee98370da9aa7cadd4991287e91a3e77fba1d1ddd0,109-dynamics-and-statics-of-vortices-on-a-plane-and-a-sphere-i_ru.pdf.pdf,0.22,dynamical_systems,low,5,109-dynamics-and-statics-of-vortices-on-a-plane-and-a-sphere-i_ru.pdf,,,,False,,,,,,,17287,True,False,adb72d97403da4a4,False,,True
335a203d5338c901fc9a27b9331dc9472ab35fa8acf6d1430e149138f2dc31cb,11010229v1.pdf,0.12,dynamical_systems,low,5,11010229v1,,,,False,,,,dynamical_systems,low,keyword_text,8719,True,False,38891c356ee6f22f,False,,True
e5d32b089f9a0d6b750f39d9d2ecf2947e8d6d89bdbc80f7c1bcd5ef78ba1b3b,11023315.pdf,0.21,unclassified,unclassified,5,11023315,,,,False,,,,,,,12950,True,False,0b56d44bde2bfd00,False,,True
33a536d1f82fd9fff94fe27424ee721864fe583fd52e8ecb3f3b727e7a104f03,1107.1475.pdf,0.35,unclassified,unclassified,5,1107.1475,,,,False,,,,,,,26721,True,False,043f92b9beebdb4d,False,,True
65e3bf13d362c25f45404afd0d24f68ed84e4e7c4a1ed08b7fe0dc367d3f6d3a,1108.4970.pdf,0.19,dynamical_systems,medium,5,1108.4970,,,,False,,,,dynamical_systems,medium,keyword_text,17733,True,False,97865de5f32840e3,False,,True
d125e3c2a689d0331759f618479101291207427b5b517c4e4d77bf2c3153c4b9,11084970v3.pdf,0.32,dynamical_systems,medium,5,11084970v3,,,,False,,,,dynamical_systems,medium,keyword_text,17667,True,False,910ab07cf9597085,False,,True
96387af6b9a476707599eb549ff1e750855f2f5808bc378a8e1a17589bafec12,111.pdf,0.12,mathematics,medium,5,111,,,,False,,,,mathematics,medium,keyword_text,13024,True,False,99780b8b68464f06,False,,True
4a6c685038cc2dc0a64058266a986bc5aeed9094abb008e1fdf11255636f9052,114-lie-algebras-in-vortex-dynamics-and-celestial-mechanics-mdash-iv_ru.pdf.pdf,1.16,algebra,low,5,114-lie-algebras-in-vortex-dynamics-and-celestial-mechanics-mdash-iv_ru.pdf,,,,False,,,,,,,18187,True,False,06c61e99494c3cc5,False,,True
b4942a5e949fac310b3a602303c3b78a11b9d7d3233d37df152187e3fd016b85,115-dynamics-of-three-vortices-on-a-plane-and-a-sphere-mdash-iii-noncompact-case-problems-of-collaps-and_ru.pdf.pdf,0.64,dynamical_systems,low,5,115-dynamics-of-three-vortices-on-a-plane-and-a-sphere-mdash-iii-noncompact-case-problems-of-collaps-and_ru.pdf,,,,False,,,,,,,17724,True,False,2887e6347a0289d3,False,,True
1d3ce450ada2a6f66e7b28059859ac040bf6876af9f20b791e19104a9d69a326,116-dynamics-of-three-vortices-on-a-plane-and-a-sphere-mdash-ii-general-compact-case_ru.pdf.pdf,0.48,dynamical_systems,low,5,116-dynamics-of-three-vortices-on-a-plane-and-a-sphere-mdash-ii-general-compact-case_ru.pdf,,,,False,,,,,,,20576,True,False,f7de01d8c20a6627,False,,True
a085a1e898463328fdcaa3c48cbe569a7cc023898077940f2cc181fcd1c948c3,1208.3183.pdf,0.83,unclassified,unclassified,5,1208.3183,,,,False,,,,,,,10780,True,False,fb03ca451a9274a5,False,,True
41eeb137cf0bde8e9e68c5100870e52a3aa71292dbe8117537a6b191c01bcd2c,1208.5667.pdf,0.67,unclassified,unclassified,5,1208.5667,,,,False,,,,,,,10920,True,False,812e42fa9711b752,False,,True
21ac936ff0a494604e61c7c55704d73296571427a25256010e885c9919389cbe,1211.pdf,0.33,physics,low,5,main.dvi,,,,False,,,,physics,low,keyword_text,15658,True,False,d5605439fd4ba7fc,False,,True
5e21d42a36bcc897c025bc912b8a002952c4a6f9f246e0d72b8d6171e3b3c89b,12114560.pdf,0.99,algebra,low,5,12114560,,,,False,,,,algebra,low,keyword_text,12698,True,False,4146723011bfc355,False,,True
d0f05b38b518d891247d1213f622d6d8e2e0b8b31c4c80bd696f8d7e85950ac9,12923140.pdf,1.03,dynamical_systems,low,5,PII: S0167-2789(97)00201-7,,,,False,,,,dynamical_systems,low,keyword_text,15826,True,False,b56eb7ca2e0b8d26,False,,True
f12d6063b219553d9f7b2ece625ccc66c4ada57faae9ef8fd702770ddbeaecf7,12976_2013_492_MOESM1_ESM.pdf,0.12,unclassified,unclassified,5,12976_2013_492_MOESM1_ESM,,,,False,,,,,,,4673,True,False,18c4ce53fc1a586f,False,,True
af29ce5a8c392ab3532876cd0c2a423f8506204ef22b3632037968125b31e151,13023301.pdf,0.22,physics,medium,5,13023301,,,,False,,,,physics,medium,keyword_text,10369,True,False,afa84855626ae2bf,False,,True
d2797a12f0c3ea8916f1771a5e95332ed97a9dc8f2686635f0c99a754ede6366,1309.3196.pdf,0.36,dynamical_systems,low,5,1309.3196,,,,False,,,,dynamical_systems,low,keyword_text,13373,True,False,35c06177cf08bf1a,False,,True
1d6f8596d4cef28b79faed183add8433e5a582f0db175237b5c2bddf1bcd06c6,14044922.pdf,1.27,unclassified,unclassified,5,14044922,,,,False,,,,,,,22395,True,False,0bd416f30a20c1a0,False,,True
f06f82c261f8683e217d58ed5aa09a9690d78c2fd5d22c8da0d8d257a17367e3,1407.3151.pdf,0.83,unclassified,unclassified,5,1407.3151,,,,False,,,,,,,21107,True,False,36be628f517611a3,False,,True
905988f4291a3e00b9bb3db13a534512b60184dd7e34c0abfbe1493e1ea86105,1408.1748.pdf,0.18,physics,low,5,arXiv:1408.1748v1  [math.AP]  8 Aug 2014,,,,False,,,,physics,low,keyword_text,13182,True,False,474f913457f09858,False,,True
34f937bac3ffd11f99b2e6afd1e40ec8161f2e4ae4c61844fffeaa5c9714356b,150107018.pdf,0.71,physics,low,5,150107018,,,,False,,,,physics,low,keyword_text,16737,True,False,df1fd029f335766c,False,,True
09f53114d70f77d12892e62a8ca0c17b9ccfccc66cbe144334956aa7e5f8d70e,1503.01805.pdf,0.79,unclassified,unclassified,5,1503.01805,,,,False,,,,,,,24253,True,False,cff409c41321c4d4,False,,True
83cf31c34cd6dd544ae9d6ed4620e42c0c949f01b51c01575786d3ae13b57004,150301369.pdf.pdf,0.37,physics,medium,5,150301369.pdf,,,,False,,,,physics,medium,keyword_text,11341,True,False,ffb79c0625f43efa,False,,True
ca434beb55758420b21d6aa3b6d633793ba069750ff8a261bdd7933aa0fadd9f,150303358v1.pdf,0.3,dynamical_systems,medium,5,150303358v1,,,,False,,,,dynamical_systems,medium,keyword_text,9246,True,False,c5cdadd4aab31506,False,,True
b32dca24901cce90b463f14e475db5df0644d8aca835bd8726d166708014bbd1,1504.02173.pdf,0.59,dynamical_systems,medium,5,1504.02173,,,,False,,,,dynamical_systems,medium,keyword_text,9711,True,False,3e3528f1690c76e1,False,,True
df84e1fd30ada788adf001f56ecd6df03d239dfd4c3f56b103ef8d79a8e4f097,1507.01392.pdf,0.23,physics,medium,5,1507.01392,,,,False,,,,physics,medium,keyword_text,14658,True,False,ce7adff4ec96db22,False,,True
efb3450fbee49f7297ba2c7b652c6ead85a51f95dfbe783113014a597f0f3d54,1510.00949.pdf,0.6,dynamical_systems,medium,5,1510.00949,,,,False,,,,dynamical_systems,medium,keyword_text,10717,True,False,a0965a5ba3f9535f,False,,True
614eb41eac9557f5bc46b422990fc43a216f3d16d06127333be7204066248c3a,151007248.pdf,0.66,unclassified,unclassified,5,151007248,,,,False,,,,,,,14659,True,False,036cd379063193be,False,,True
edbfeac06f201aa56041238c5a7e2eaf97ea79f9572e1a20f18115d4c3989801,151100070.pdf,0.23,dynamical_systems,medium,5,151100070,,,,False,,,,dynamical_systems,medium,keyword_text,13635,True,False,ea518a40606d740a,False,,True
3c8849d469a8a822bc91e92bb2a456ddf726d60eb204122a3dbdc262cbe5e3f1,1512.02302.pdf,0.22,unclassified,unclassified,5,1512.02302,,,,False,,,,,,,15267,True,False,4260050394a104ef,False,,True
953a3adaaffd66762a1c98c884c4616f7a6b3e6c53a09e1d21977bed8fe41d3a,1585.pdf,0.96,unclassified,unclassified,5,1585,,,,False,,,,,,,2166,True,False,276747970670618d,False,,True
ca642aaae140140ce8aba8021743ad0dbcb2a4a5028ccce1ba7b0d387e4da949,160307131.pdf,1.11,topology_geometry,medium,5,160307131,,,,False,,,,topology_geometry,medium,keyword_text,12640,True,False,bcf015bfe57fa947,False,,True
2191284f357d6f83d7e5f12cd1ae0fde8ed996770a7a537b3355974f818a2c54,1607.00636.pdf,0.41,unclassified,unclassified,5,1607.00636,,,,False,,,,,,,13888,True,False,19c2953dc6f453a6,False,,True
a69045393a387844e172f718d447cc3f5a82fd2d84818294b36207de29437248,1607.03753.pdf,0.34,unclassified,unclassified,5,1607.03753,,,,False,,,,,,,13524,True,False,7f608710b0ba92a1,False,,True
3186133dacb9f4a31c004a00150627de1e5cf26e203d1522a25a5444c7dbdf78,160800060.pdf,1.07,machine_learning,medium,5,160800060,,,,False,,,,machine_learning,medium,keyword_text,14978,True,False,d750e9a66343fe7f,False,,True
2a5706eca6db41ac468791e92410a8f0811849b0c92fb0da5b59e536257b66e0,1612.06832.pdf,0.98,unclassified,unclassified,5,1612.06832,,,,False,,,,,,,13022,True,False,d5fd5382cc6046c2,False,,True
36a757392b8930f410e57233412848a33da025170242a7a69ea30b49e9911ffa,1612.07254.pdf,0.54,unclassified,unclassified,5,1612.07254,,,,False,,,,,,,7528,True,False,9d8207c11cc2ba31,False,,True
5b8b3012e91ab1bf6c19d003ce0ef3ba45176e114136c771af9f09b4c979c88c,16p2.pdf,0.11,unclassified,unclassified,5,16p2,,,,False,,,,,,,7709,True,False,a4da5ddf728b291d,False,,True
9c6763a21add5e1f8db780e6cef23c740b419a3a6cd406bdc1f6222ec5aa96ef,1701.04882.pdf,0.25,physics,low,5,1701.04882,,,,False,,,,physics,low,keyword_text,23204,True,False,02218904cf153e94,False,,True
c180be96c37ece33f18b0732e65815d2b3b216bf3c58e1f9da67d427ec814567,1703.02482.pdf,0.65,unclassified,unclassified,5,1703.02482,,,,False,,,,,,,25460,True,False,e3b999e337b930a3,False,,True
018a3628c4181d4a912bc3717b59ee5a9d5e5e46f7c3785303f186eeec631032,170307857.pdf,0.38,unclassified,unclassified,5,170307857,,,,False,,,,,,,11288,True,False,a1fe9d6c535c3fbb,False,,True
472daaec770ede531d9546b598805c2dc935e047948abd318fec6a5907a6e6bc,1705.02373.pdf,0.16,unclassified,unclassified,5,1705.02373,,,,False,,,,,,,8512,True,False,f8d8c9e7d8bd7e32,False,,True
a1882e269af491419594ca766d66a05e8ec706c7e0b876fd0d18a381dc6d8fa7,1705.05645.pdf,0.73,unclassified,unclassified,5,1705.05645,,,,False,,,,,,,12697,True,False,9b133f9af33f22ec,False,,True
2255772e03051af6650dc4695f7ac3637c9a8af12d3febe6c6ef04b911c5d10a,170510484.pdf,0.2,physics,low,5,170510484,,,,False,,,,physics,low,keyword_text,10402,True,False,35e35c2cc95a8414,False,,True
13c9e99493d6099b6083691fbf21a669a243fb865776f7251daed31436fc9f74,1707.04970.pdf,0.79,unclassified,unclassified,5,1707.04970,,,,False,,,,,,,10513,True,False,05cc8c6d16508eb1,False,,True
96cd7095634861cbfe1957dacf00628e3920bcfeafaf92c303689dc594e2016b,1707.07138.pdf,0.24,dynamical_systems,medium,5,1707.07138,,,,False,,,,dynamical_systems,medium,keyword_text,12189,True,False,2e4cbd4404af318f,False,,True
eaca0477c617b41951b1d2db4498b0ec318618e7ff019c7f8c6548a1352c1085,171008782.pdf,0.44,machine_learning,low,5,171008782,,,,False,,,,machine_learning,low,keyword_text,12078,True,False,6d70fd981076bef5,False,,True
a5ae39545c76025dd622ae8d48411b0d0bf09f51134fcada086bfd9a4beebb02,171011256.pdf,0.14,unclassified,unclassified,5,171011256,,,,False,,,,,,,16020,True,False,8b3cd4bf195265b7,False,,True
ea9369bf8f61c37c7f287c3dbe61dacc8bc43357c3ac5d712e8ba9290fe3c19a,171103330.pdf,1.84,unclassified,unclassified,5,171103330,,,,False,,,,,,,21306,True,False,cf73d3b75b4125d2,False,,True
c0efa8f6203d308fc9b731f51fb68dedd1661d3ab18924ba418ab579b448ec10,18-046.pdf,0.69,dynamical_systems,low,5,18-046,,,,False,,,,dynamical_systems,low,keyword_text,16455,True,False,de0e83666ccd9396,False,,True
a4faaf1c1e846559aeee1dada39eb24ce883165c5b424ae5a57d3bf922f83591,1801.07412.pdf,0.36,unclassified,unclassified,5,1801.07412,,,,False,,,,,,,23190,True,False,cb832b04172b1bc1,False,,True
d1050fcccf05384b23a614050f4cda5d82b6f08f426e3bf70f09eb2cca96ea50,180107275.pdf,1.53,dynamical_systems,low,5,180107275,,,,False,,,,dynamical_systems,low,keyword_text,15720,True,False,bc53cf0e9e88c8a5,False,,True
fee3b5a0d36efdd0105811189fac42de45358fddcbfd9d06be85efec12495173,180201353.pdf,0.48,deep_learning,medium,5,180201353,,,,False,,,,deep_learning,medium,keyword_text,9936,True,False,d6a3b0f45b259596,False,,True
20f4e85032fbec7bd680b09e2c1f48db39c1d0f4a4e598d874cd19f6b55e5183,1803.01507.pdf,0.31,unclassified,unclassified,5,1803.01507,,,,False,,,,,,,11783,True,False,bcc2caa513b34245,False,,True
c1bc96df9ae457f39b41a412fefb161a07141b119850bf5312024f8feb9d27b4,1803.07888.pdf,0.69,unclassified,unclassified,5,1803.07888,,,,False,,,,,,,22260,True,False,72f080085b9fafee,False,,True
d4e65933adf561ab482c9fe59d2b8bde4eb6df54e418cb91ee85944a95bd2c48,180304043.pdf,1.06,unclassified,unclassified,5,180304043,,,,False,,,,,,,9408,True,False,8031d93a9512f5ca,False,,True
e9b7b63a8544862eead4a1fd592f59565bf83c1a038cb064079d927df8ab314f,180403127.pdf,0.39,unclassified,unclassified,5,180403127,,,,False,,,,,,,13752,True,False,61f7e12c2ffc1b40,False,,True
3b376da5a33aed1ea32a3a8bd5aa436bdbaded4c6ad572697a51eaaaca13ed11,1805.10417.pdf,0.16,unclassified,unclassified,5,1805.10417,,,,False,,,,,,,7823,True,False,b3d0f47fb17ff3c6,False,,True
2b0bfc47d2612c2c97cbc1c9a985f440b5e568149ff224680bc04ff8ffce2c43,1809.09964.pdf,0.16,physics,medium,5,1809.09964,,,,False,,,,physics,medium,keyword_text,10429,True,False,a428431b2bd47212,False,,True
b543c39ee7731b8b6b9cf229a3304ba6b6dd14058a3310d84871107283514815,181005987.pdf,0.57,physics,low,5,181005987,,,,False,,,,physics,low,keyword_text,9866,True,False,c2addf5e27c9e9d7,False,,True
97283010657c240dc982f3ae10aea903f35a3d02e3a8069078a90eafa97be3e8,181105897.pdf,0.66,unclassified,unclassified,5,181105897,,,,False,,,,,,,12873,True,False,ad45e4d4b0766172,False,,True
d8006e3f6b2cd1f30bcc6db9789ea64eeba3095bcc3205fd868fb09eb0a3394b,1812.05073.pdf,0.55,unclassified,unclassified,5,1812.05073,,,,False,,,,,,,27242,True,False,23d89c9472fa8ab7,False,,True
a671fdcbfa3e1997758a6b8357ceeed91770531ccec4f4dfa54541aca962baa0,181202328.pdf,1.81,dynamical_systems,medium,5,181202328,,,,False,,,,dynamical_systems,medium,keyword_text,14127,True,False,252b40205d2fc347,False,,True
24e106ea8d8c2a3005ec59885da4e50e90f91aaf90375cc9bd690f8cb12b829d,181210852.pdf,0.55,unclassified,unclassified,5,181210852,,,,False,,,,,,,13098,True,False,477836632d8b7b24,False,,True
112de591d80624563df41cb21c8b44b0ec164bfffad4a570b9ee1d45ad1ebf0f,1875520.pdf,1.05,unclassified,unclassified,5,1875520,,,,False,,,,,,,2746,True,False,958dcc3e2921d182,False,,True
9026a888b16a840be754877485d098d8c22592e58890aca95fd9f67d2f62ca1d,19-04-11-Cheat-Sheet-TensorFlow-2-0.pdf,0.8,deep_learning,medium,5,19-04-11-Cheat-Sheet-TensorFlow-2-0,,,,False,,,,deep_learning,medium,keyword_text,11194,True,False,cba50b4dfe94121a,False,,True
12bfb6051561595eb2c6bea0a5ce2fbd2d95ec3fada105645500f949ff442f76,190100705.pdf,0.58,physics,low,5,190100705,,,,False,,,,physics,low,keyword_text,11234,True,False,2e5ff1da79f8e67b,False,,True
227fb34cc5e2ff78433733bbcbb4dc95e7394531812b1a82d2074e5862636b92,1902.05463.pdf,0.96,unclassified,unclassified,5,1902.05463,,,,False,,,,,,,17754,True,False,082b1b5e4dc603d8,False,,True
a99db654f5c1687ff07522dbf1a212adb12bba81abbf02e1b0611be6f8c38fe9,190208219.pdf,0.43,physics,high,5,190208219,,,,False,,,,physics,high,keyword_text,27354,True,False,56b516e69d67bded,False,hash_dup_154,True
08914dbca28b8500d0386c076c044b0666e1184ed8c77ee6d677f478cde848ef,190209957.pdf,0.31,unclassified,unclassified,5,190209957,,,,False,,,,,,,9567,True,False,af9edb1b3f808fec,False,,True
3e81aaba85be9b082ca4a4a1cba3514e6849123e53ace2897e7c571e8952f811,190403924.pdf,1.52,unclassified,unclassified,5,The title of my PDF,My name,,,False,,,,,,,9610,True,False,91c8514b259cbfe3,False,fuzzy_dup_402,True
4e7b63cc90142becff66a75f184970157f7d9f11741fcdb4c36d75d073cd157b,190503451.pdf,0.25,unclassified,unclassified,5,190503451,,,,False,,,,,,,12900,True,False,bb544ad1518a382a,False,,True
59eb7d879c1ace78822c985ed09861f4220ab752bc174bd09bc3cfe7e6054fcc,190511647.pdf,0.29,unclassified,unclassified,5,190511647,,,,False,,,,,,,15958,True,False,a2fa0c77161dae0a,False,,True
c82f5492ebf0e8cb34b7abe20dccdfc80f983c8da9cea77f564687448b3313cd,190601298.pdf,0.12,unclassified,unclassified,5,arXiv:1906.01298v1  [math.DS]  4 Jun 2019,,,,False,,,,,,,6372,True,False,40e5e753e39df6e8,False,,True
b0f165e28c0b3fb05f01f33d0f8baa73f044804ff555ca82b60fa998273f9ec2,190607515.pdf,0.57,topology_geometry,low,5,190607515,,,,False,,,,topology_geometry,low,keyword_text,17199,True,False,5bce6849b7594398,False,,True
68f6922821978319977d72573d4c0b717fa32bb8597df84c3f8566c2e613ec13,190713475.pdf,0.84,physics,low,5,190713475,,,,False,,,,physics,low,keyword_text,9454,True,False,946d4ffb783a39f9,False,,True
e426131913034ca07ac3669c2c562202230b9e247de890c66cf258511e9afed3,190800075.pdf,0.74,physics,low,5,190800075,,,,False,,,,physics,low,keyword_text,13005,True,False,ace49777b90d731e,False,,True
6a37ac0a8209be2131f2c0ca0c111180bb0d3b9ec225124cc84a42a9c4d31d0b,190804871.pdf,1.26,dynamical_systems,medium,5,190804871,,,,False,,,,dynamical_systems,medium,keyword_text,17504,True,False,b490e5fc7b18c0e1,False,,True
3a2db1da2ee234d78be81c98b45fb61226d3f25e1e92d4e7ba11683a60affa66,190806088.pdf,0.48,deep_learning,medium,5,190806088,,,,False,,,,deep_learning,medium,keyword_text,10628,True,False,42b6cc488f2fa7fc,False,,True
2827c368cb9c4b7719c8fd54f3a754510930b05547e70751c9fcab6d5592a526,190906053.pdf,0.69,physics,medium,5,190906053,,,,False,,,,physics,medium,keyword_text,10498,True,False,1abb75de080cad6c,False,,True
da1b5b346ab01231fed02413e0e10dc49d919180a8bc2491b339bb00a299cae1,191105593.pdf,1.93,unclassified,unclassified,5,191105593,,,,False,,,,,,,12943,True,False,db1040f5e25c026c,False,,True
207a40df57277bcc6358786d49a1c6fec6e9e375d1a2e805ef6ba81331342775,1911AJ_____27___11M.pdf,0.44,unclassified,unclassified,5,1911AJ_____27___11M,,,,False,,,,,,,13741,True,False,9d24b5fa19b9da88,False,,True
ed4e6cfde57617afcc3b6bdc32e832064af524725f9f1986cd61037403ebc88a,191206716.pdf,1.35,unclassified,unclassified,5,191206716,,,,False,,,,,,,17947,True,False,4b845e9d358c7fe3,False,,True
15937b1ec6a9e4a0a556ed6d51cc4f88e99c3eeadde03de72eb358075ef09744,1981CeMec__23__231W.pdf,0.82,unclassified,unclassified,5,1981CeMec__23__231W,,,,False,,,,,,,18601,True,False,044d30e3eb5743e0,False,,True
d696a61380652645fd87d35802cc4f16c4c9c4a28d168c101d85336b900d7b34,1982CeMec__28__171S-2.pdf,0.65,mathematics,medium,5,1982CeMec__28__171S-2,,,,False,,,,mathematics,medium,keyword_text,16298,True,False,f2add8f4725d8f56,False,,True
f3482f28d9bda9949ab47777a1eb9e5caf5b636a8fb014006018d8aaf17d3060,1982CeMec__28__171S.pdf,0.08,mathematics,medium,5,1982CeMec__28__171S,,,,False,,,,mathematics,medium,keyword_text,2037,True,False,d704c860539f64b1,False,,True
cf5ce78c71f575822e342861d55a58fdfb3bd5bcbf772308d83de547835df09c,1996ApJ___471____1H.pdf,0.19,biology_neuroscience,low,5,1996ApJ___471____1H,,,,False,,,,biology_neuroscience,low,keyword_text,48961,True,False,9ddac1efcdfa6ed8,False,,True
fb5b65c4fca54986d0f6af6603815d2a5067eaa62d13b629d1aaead32a24edbc,1s20002072259290069Smain.pdf,0.27,physics,low,5,1s20002072259290069Smain,,,,False,,,,physics,low,keyword_text,7652,True,False,6295fc4da71d4dd8,False,,True
386884c415d04fc157e760e5034e77e9fea37152f1b2ec1acdedaf3b1f7af9e9,1s200167278982900677main.pdf,0.44,unclassified,unclassified,5,1s200167278982900677main,,,,False,,,,,,,12144,True,False,c73d4445d9634417,False,,True
91ab2e955e64fbadc3e19c748717e777e18782bef8dfced9a640c032c8a8c6be,1s200375960180903758main.pdf,0.3,unclassified,unclassified,5,1s200375960180903758main,,,,False,,,,,,,11063,True,False,e52f44b1691cd7dc,False,,True
07e6552da78c209b1d2e997e6e59a9c7d4458158d24fa1feb3e460b83c63691e,1s20S0375960100006472main.pdf,0.07,physics,medium,5,1s20S0375960100006472main,,,,False,,,,physics,medium,keyword_text,16799,True,False,2473d34a263342eb,False,,True
5c250bdbbf3eecfa73f0486c33944e464a40364f396026c65b70af2ba40af5a0,200201263.pdf,0.58,physics,low,5,200201263,,,,False,,,,physics,low,keyword_text,12391,True,False,596678438bce17ff,False,,True
00e469a89b8d48dae5caed96af317915b3d60f7eae0e8d394ec4e0edce2a491b,200411826.pdf,0.13,dynamical_systems,low,5,200411826,,,,False,,,,dynamical_systems,low,keyword_text,24072,True,False,2891a878ceaedb79,False,,True
43326b943021f7bf6bb9d53b7952543c2eaaada9e4d721732c6b097c9e8d4fcc,2015NationalHMOBrochure.pdf,0.83,unclassified,unclassified,5,2015NationalHMOBrochure,,,,False,,,,,,,20845,True,False,6c94185c45e16009,False,,True
1d51dffad897599ea63c6049bb935477c8eda521fc7a3cc48f00ef4ea86ad00e,201706 Double Debiased Machine Learning for Treat.pdf,0.76,machine_learning,medium,5,201706 Double Debiased Machine Learning for Treat,,,,False,,,,machine_learning,medium,keyword_text,14738,True,False,0d367c4a50d3e2bb,False,,True
5436708a1eeb94ce19caff9a5779f6d46bef4557561a68f32d7e9139075f1749,209C HW3.pdf,0.25,mathematics,low,5,209C HW3,,,,False,,,,mathematics,low,keyword_text,7507,True,False,78126c9261a6cd42,False,,True
b6ee0e5012b761f27313cffc83a90220c53e6f3d13d705c9d9359fe1ac6da3b4,210300181.pdf,1.65,unclassified,unclassified,5,210300181,,,,False,,,,,,,13726,True,False,ddba8c62a3bd9d2d,False,,True
056e681a2ddf02528c94e512e67067afd018e6c750c31f705d5b44e0f88fef64,2108.08845.pdf,0.66,linear_algebra,low,5,2108.08845,,,,False,,,,linear_algebra,low,keyword_text,19604,True,False,0431ae4db01eff7b,False,,True
45192a2729d467a44f7d32f077e223c9602da294e8e89ed2d191e555b6413d96,220501068.pdf,1.67,rag_llm,medium,5,220501068,,,,False,,,,rag_llm,medium,keyword_text,20641,True,False,1b5628d6fc8eb682,False,,True
d8b8d209722754ffd0ce7a32e7894741e94614c1d3bf7f49ffe1cbfb2543c753,231215282.pdf,0.66,time_series,medium,5,231215282,,,,False,,,,time_series,medium,keyword_text,26383,True,False,b90efe09a2a882f1,False,,True
05f721b51452d8b5be3c9db7c2b71f538f123c339e9e49bbe589f43a5f77ba13,240813556.pdf,1.86,machine_learning,medium,5,240813556,,,,False,,,,machine_learning,medium,keyword_text,14888,True,False,959cc22396648172,False,,True
8b50b62bc056ae4954530c50674f413fe2bcdea61ece45251c8a16fabe4addb4,2all.pdf,0.4,unclassified,unclassified,5,2all.dvi,,,,False,,,,,,,9717,True,False,9dd3d30bc68a5807,False,,True
a1f5ac99b8e4a15b9bdd79b1a9433b7ba592593aa3d94dbca7d776759570de64,2sql.pdf,0.59,sql,low,5,2sql,,,,False,,,,,,,2064,True,False,648ae5c23c1328d1,False,,True
537b840ae82e0d8f51716f1da6e6f3c7774362df610f203e8cabc96f21d771b3,3-16.pdf,0.74,dynamical_systems,low,5,3-16,,,,False,,,,dynamical_systems,low,keyword_text,10494,True,False,6a1f5174a6be6b44,False,,True
f6b34b71a78789e2bb9f2fc198f4f8c6dc5821c89bcf886cb8e88a1d6ff5f3f4,32326161316237372d373138342d343730372d383465352d636161363861303964616337.pdf,0.7,linear_algebra,low,5,A Generalized Hill’s Method for the Stability Analysis of Parametrically Excited Dynamic Systems,,,,False,,,,linear_algebra,low,keyword_text,26701,True,False,65b5894a2e3e232b,False,,True
72f1a56e215ec6c0b8d63076926f4406f223202d992b0b51afc72d9b6ec542b7,3631d3cbd44c093826f2cdcaab65fccf277f.pdf,0.16,physics,low,5,3631d3cbd44c093826f2cdcaab65fccf277f,,,,False,,,,physics,low,keyword_text,12080,True,False,961df1d47036809a,False,,True
99b53f8dcf37e46fee949fff36b282c986d554ec44fc6a51e71ce61cce7216ba,41598_2018_20908_MOESM1_ESM.pdf,0.47,unclassified,unclassified,5,41598_2018_20908_MOESM1_ESM,,,,False,,,,,,,16119,True,False,e2bb4f63ba8b2a64,False,,True
3623f7be8b4b843b52eca348a195e1821518cdec6b5d994c4fd6358f8d4cf9de,4368199289_1.pdf,0.06,unclassified,unclassified,5,4368199289_1,,,,False,,,,,,,462,True,False,1ab4d67a57bd78d9,False,,True
9a34d24f4eaf49ac40f232de1d80f1c04ca2258a1ec3b1d357a0f7a982b87295,46xbtfx8l3_bronxzoo_vouchers_1872368.pdf,0.32,unclassified,unclassified,5,46xbtfx8l3_bronxzoo_vouchers_1872368,,,,False,,,,,,,14395,True,False,c41c270ac16069aa,False,,True
f470cb1f4cf10fe804eaaaa085c2e41e81c34e8a77e8ee26f52c78188951ee04,51822.pdf.pdf,0.67,topology_geometry,low,5,Long-Time Symplectic Integration: The Example of Four-Vortex Motion,,,,False,,,,numerical_methods,low,keyword_text,13409,True,False,024c1640127f300c,False,fuzzy_dup_401,True
ac3232bbb81bbaae58c0223aa292b06e824fad6781fdb7d5205c170bbb1a4ce4,5233-l14.pdf,0.07,unclassified,unclassified,5,5233-l14.dvi,,,,False,,,,,,,8497,True,False,0e827f47f734728e,False,,True
d9aedba70615c77ed86e2d559aa7f751fe3060bbd5caa57d409bc70761d6c44e,529_3_231271_1645725485_Databricks - Generic.pdf,0.11,unclassified,unclassified,5,529_3_231271_1645725485_Databricks - Generic,,,,False,,,,,,,190,True,False,89cb097e294143bb,False,,True
1e966799314a1cfd694354212f7267a611cd5bfe86d42febcbd82fd650c7fb76,531 BB.pdf,0.07,unclassified,unclassified,5,Your 4 Week 5/3/1 Routine,,,,False,,,,,,,2417,True,False,bfd202a6d32d2a26,False,,True
48885d922ec36901c9896f24e8405797ef4b839159dcc3c4538559a594796527,531a.pdf,0.06,unclassified,unclassified,5,531a,,,,False,,,,,,,1775,True,False,e383c3a64a5d3a6c,False,,True
82fc2e2a37a98835208392d958bd373e7342749817f56cece9dc2263d047816b,531b.pdf,0.06,unclassified,unclassified,5,531b,,,,False,,,,,,,3915,True,False,dc80fa4aabb7473e,False,,True
beaa8f660fd19b50ca23a1110106b2ac7c8bbad47a0b4406b9786ab00cc35b1e,551e176bdbd4c3d3bae4dd956196e7a01478.pdf,0.24,unclassified,unclassified,5,551e176bdbd4c3d3bae4dd956196e7a01478,,,,False,,,,,,,9138,True,False,7e3659eb8706db6e,False,,True
cb877d75dd13a03551af8bc79c7a7fda731f9fbe50b9c222efd3a6a8b400980b,565-ch4.pdf,0.1,mathematics,medium,5,565.DVI,,,,False,,,,mathematics,medium,keyword_text,7715,True,False,ac87555573320e6e,False,,True
5c93e0fc254b5751b53d833656eb5738dfedc3eb2ae633d2badd9f2b4ede8e0b,5e10f11b4585159aa4b2ad09.pdf,0.68,unclassified,unclassified,5,5e10f11b4585159aa4b2ad09,,,,False,,,,,,,9441,True,False,dc6e6ac0fa87ffcd,False,,True
0e594fdfa5e814c03e9b73743da6db1b820f0a767989039295d36e0c07dc6603,605_ham.pdf.pdf,0.12,physics,low,5,605_ham.pdf,,,,False,,,,physics,low,keyword_text,7963,True,False,b269868b5990408b,False,,True
cd8e0e52d97a7ce5c1fb24339115711b2a4cc637d5019db4d80376e09f0123f8,68758.pdf,1.59,physics,low,5,68758,,,,False,,,,physics,low,keyword_text,8569,True,False,98d3508796a8fe5f,False,,True
33311b1bb0ef4cb5588e029033beabcd1a49973653804f22e165a73943d9bf86,745N1.pdf,0.11,unclassified,unclassified,5,745N1,,,,False,,,,,,,14382,True,False,e8f12d4ace27d65a,False,,True
fccac32268c3c1699567c9188c0af659c933ea3c1f6425a5ad90ba6ad7fd5ff3,82186253.pdf,0.86,unclassified,unclassified,5,PII: 0022-0396(84)90180-3,,,,False,,,,,,,7492,True,False,5281a3683d422112,False,,True
02c083d74aa835497558ce22bc58173c025b8454394fa08328115d7ffb51d1e9,82265845.pdf,0.25,physics,low,5,PII: S0022-247X(02)00504-8,,,,False,,,,physics,low,keyword_text,14207,True,False,ee16eb2eee028a3e,False,,True
6af872f4fc227f54b250dff209e9a3e041a05d7e0b051349a27ceff9d10dae9d,82698059.pdf,0.98,unclassified,unclassified,5,PII: 0001-8708(77)90107-4,,,,False,,,,,,,10100,True,False,f2a4ab718f651308,False,,True
6770e2c424e1a1dc28fe3e6e2eacbe626ffdcb963f89cc76a31b5948f601a718,82734735.pdf,0.92,mathematics,low,5,PII: 0022-247X(86)90326-4,,,,False,,,,mathematics,low,keyword_text,10603,True,False,8d7373ae5e193fb4,False,,True
8da35033b96f1eb269db14cf0451ec785921bb50b1176f1eb485baa82cee9e38,9401jorba.pdf,0.2,physics,medium,5,94.dvi,,,,False,,,,physics,medium,keyword_text,12872,True,False,efe55a92cbf37a6a,False,,True
909b4e1a1be74be6db2f00dc02d7a7afd27d2941854b543e2eed92bc39a3c90b,9512042.pdf,0.94,dynamical_systems,low,5,9512042,,,,False,,,,dynamical_systems,low,keyword_text,11720,True,False,d33adbbae8e0cf00,False,,True
e22f063e22f253e63aa4df0929b6eda4b4803fdae1d8d74d2fdd8ed10f5dc2a3,9606223.pdf,0.28,unclassified,unclassified,5,parresff.dvi,,,,False,,,,,,,12190,True,False,dae4c8de558c493b,False,,True
3b61fb4f4e0462e8558c27c3249e0cb8908dc02b1e40785b761a2ff3326ed048,9705023.pdf,0.32,unclassified,unclassified,5,arXiv:physics/9705023v1  [physics.comp-ph]  19 May 1997,,,,False,,,,,,,13265,True,False,fb1b9c47826e9ff2,False,,True
8aa7a4b69e57a418c6ebb25d0334eeafee8a1ae2c865d50fc6c4aef382b0967f,9711013.pdf,0.65,dynamical_systems,medium,5,arXiv:chao-dyn/9711013v1  12 Nov 1997,,,,False,,,,dynamical_systems,medium,keyword_text,24381,True,False,f424f887c411b7e9,False,,True
5d24e6424cb3acb9c1d511a954b58732306631dd6de58ae0121fe8b9594cc903,9780387236193-c2.pdf,0.31,numerical_methods,low,5,9780387236193-c2,,,,False,,,,numerical_methods,low,keyword_text,5407,True,False,2bc3428cd45e83c1,False,,True
8777bc61d2b42a618a92a7d8465c446df6cf68e73515d8e60ac9c97c2a52ba33,9809015.pdf,0.64,dynamical_systems,medium,5,arXiv:chao-dyn/9809015v1  18 Sep 1998,,,,False,,,,dynamical_systems,medium,keyword_text,8215,True,False,a4b12ed461011b77,False,,True
ab6a16f31d663979164f52c2029321c73c803d280477a5d6489f540f5fc1126e,9812025.pdf,0.16,unclassified,unclassified,5,arXiv:solv-int/9812025v1  21 Dec 1998,,,,False,,,,,,,12664,True,False,42d84f7985c78bf8,False,,True
bb056da68e1b49768c2bf3dc43d94a4abe227dd3132189495a1fc6b95588e72d,9905002.pdf,0.51,dynamical_systems,low,5,arXiv:chao-dyn/9905002v1  3 May 1999,,,,False,,,,dynamical_systems,low,keyword_text,21915,True,False,e9e673dfd6d4749d,False,,True
90644436a81813c6e3f4bd0879408900ecbee0ffdd139cfa88bf730956d3a9d1,9909040.pdf,0.16,physics,low,5,arXiv:chao-dyn/9909040v2  28 Feb 2002,,,,False,,,,physics,low,keyword_text,9200,True,False,26f5abc6f86a8a96,False,,True
e3d4b540aea518ae9ca7a9538fbcec6ac3b9e1b7ec8cc6ce2465c41d07af7d7f,9910012.pdf,0.4,unclassified,unclassified,5,arXiv:math-ph/9910012v2  24 Mar 2000,,,,False,,,,,,,10501,True,False,7b063a1bf314f9c5,False,,True
c2e8d7ee5e432e44176a025d8512ef8e97156175c7c34bbf84cd724c3f76a77d,9912015.pdf,0.32,unclassified,unclassified,5,arXiv:gr-qc/9912015v1  2 Dec 1999,,,,False,,,,,,,11339,True,False,abd76c3d2451b65f,False,,True
9bb57deb23ec315a8b5d62556136df7fdc4effb97d667746d66394c1f6188c3c,9ec5f6c0a15f0318b8242fb510a21ddf8ef6.pdf,0.91,physics,medium,5,9ec5f6c0a15f0318b8242fb510a21ddf8ef6,,,,False,,,,physics,medium,keyword_text,22485,True,False,48d9920ac6d3ab79,False,,True
b0dcbbb27c2f41a5af182cbe89b8a0a6d5e3f6cb3e6823c0703591c11d50096f,A Complete Reinforcement Learning System (Capstone)_Learning Objectives.pdf,0.06,reinforcement_learning,low,5,A Complete Reinforcement Learning System (Capstone)_Learning Objectives,,,,False,,,,reinforcement_learning,low,keyword_text,1489,True,False,66ad7105144cf7a6,False,,True
13dabde879050f97442eec5e1d85d67e3ff9cfb30854f3f6325fc42561bb0fed,A Minimizing Property of Homographic Solutions.pdf,0.19,physics,low,5,b20110299.dvi,,,,False,,,,physics,low,keyword_text,10733,True,False,d165c99d306815b0,False,,True
1c56c6b5984654ec10129df06841b0446dfcc53b7d2ab3b13fe85cdc9da9c7b3,A2_Problems_w_Solutions.pdf,0.07,unclassified,unclassified,5,A2_Problems_w_Solutions,,,,False,,,,,,,2975,True,False,26ac73b48046f634,False,,True
285af9a5843006eaea114127c474498218be92f47052462df9b5aebeded7053b,A2_Random_Sampling_Handouts.pdf,0.06,unclassified,unclassified,5,A2_Random_Sampling_Handouts,,,,False,,,,,,,2576,True,False,c5bf065c5a1a02ae,False,,True
11eac460b521fe3ae4e9470ac14e7744e6acb8616930919d7924796ae518fc4e,A3_Problems_w_Solutions.pdf,0.09,unclassified,unclassified,5,A3_Problems_w_Solutions,,,,False,,,,,,,2892,True,False,a512afabcabb226c,False,,True
eee3e2870c20e522b43ea33bdf138105c116fd886df8f115b4803a77f5ef4e65,A3_Sampling_Distributions_Handouts.pdf,0.21,unclassified,unclassified,5,A3_Sampling_Distributions_Handouts,,,,False,,,,,,,2200,True,False,13f25b00f7fe52b6,False,,True
a59eda085e410920512ee6163fae29628da3723d443b9c10d6d69664406829f8,ACFrOgA6kxZlsuTlWvb2yPfatxWAt9fpbZuYI_LtKV4Z-3yciyajXN3Z_hVaGuRGkCz9HgtvtjhRW6av4zkVg01jJAXEwGJaH35D9aOGWaUmT_TdL_vrIqz0Nv60sFo=.pdf,0.07,unclassified,unclassified,5,ACFrOgA6kxZlsuTlWvb2yPfatxWAt9fpbZuYI_LtKV4Z-3yciyajXN3Z_hVaGuRGkCz9HgtvtjhRW6av4zkVg01jJAXEwGJaH35D9aOGWaUmT_TdL_vrIqz0Nv60sFo=,,,,False,,,,,,,2101,True,False,e7435a04f9726f6f,False,,True
e76c49126b7c020bb7c9b7d7b5822ebb6a5b23bf3fc0c39c07dd1c9e5f247bf3,ACFrOgCWMs3eCdq_KtzS9cgsE3WwTSvzu9Ae4w-5yIUIODfdUGR4mpavw_8dI9EKLCwOdSSoPj51EeTI8qAA5eHc3_k_ghwa_0RgqAZjNwlbMVjtLYOkiMcPwskXmn82PLt4sWcDzIkfOJCn-qLU.pdf,0.05,unclassified,unclassified,5,ACFrOgCWMs3eCdq_KtzS9cgsE3WwTSvzu9Ae4w-5yIUIODfdUGR4mpavw_8dI9EKLCwOdSSoPj51EeTI8qAA5eHc3_k_ghwa_0RgqAZjNwlbMVjtLYOkiMcPwskXmn82PLt4sWcDzIkfOJCn-qLU,,,,False,,,,,,,5495,True,False,a551eef0bbeb78ad,False,,True
ce67484334207529d0dcee18de368d0221fedfcfa40c00b929411919b7723e3b,AMvortex.pdf,0.39,dynamical_systems,low,5,AMvortex,,,,False,,,,physics,low,keyword_text,9356,True,False,8821f05f09dedba5,False,,True
0ee6942dbb19a8bd0426a8aab355394f82cb6d5c184cd2f56a259636ae858f24,ARNOLD 3.pdf,0.13,unclassified,unclassified,5,ARNOLD 3,,,,False,,,,,,,0,False,False,,False,,True
6af90d277fcfc50924163eea10e7b793df1c1a55c233c10631b2045c8a69e87d,AWS Certified Cloud Practitioner.pdf,0.05,unclassified,unclassified,5,AWS Certified Cloud Practitioner,,,,False,,,,,,,2671,True,False,6e14358038963af6,False,,True
048281dfa131c26c5d91281649923a7d7d0a087078bd257dc317dabe33f9a8ab,AWS Certified Data Analytics - Specialty.pdf,0.05,data_science,low,5,AWS Certified Data Analytics - Specialty,,,,False,,,,,,,2751,True,False,acedc9df99cf38f9,False,,True
fe0555a5dbd811fbf044a8913d619c4d1d13adfe193002161d91ea615b42fde2,AWS Certified Database - Specialty.pdf,0.05,unclassified,unclassified,5,AWS Certified Database - Specialty,,,,False,,,,,,,2762,True,False,b976ad5930529452,False,,True
16a3bab335d1b7b7e84287ad456ec7d4da1f4e69e8bedf17c46e4d3acc1d78e4,AWS Certified DevOps Engineer - Professional.pdf,0.05,software_engineering,medium,5,AWS Certified DevOps Engineer - Professional,,,,False,,,,software_engineering,medium,keyword_text,2853,True,False,9deedb05b23b86ba,False,,True
c36c890a5342db3ef07908b8a1a75ca6376dd0de4a6c621a5d77aa0cd74871e8,AWS Certified Solutions Architect - Associate.pdf,0.05,unclassified,unclassified,5,AWS Certified Solutions Architect - Associate,,,,False,,,,,,,2811,True,False,9d5f9462508828a3,False,,True
0651626a0bc580325bf840274eb3c9f8e80d57bbc0e7eff542b8e9aa583c05c3,A_Comparison_of_Automatic_Differentiation_and_Cont.pdf,0.59,unclassified,unclassified,5,A_Comparison_of_Automatic_Differentiation_and_Cont,,,,False,,,,,,,13288,True,False,90f78f477f20aebc,False,,True
4811d65e628377108327d9df732e72a75fce2d3c4b83d1c0103ab815a06cd4f7,A_Summary.pdf,0.11,unclassified,unclassified,5,A_Summary,,,,False,,,,,,,744,True,False,2d858f6f9c0b60dc,False,,True
d6dd30b61ca6aa86363b9f74f3912b35bc4bf4118265e035b27836f98eade904,A_quantitative_dynamical_systems_approach_to_diffe.pdf,0.39,dynamical_systems,medium,5,A_quantitative_dynamical_systems_approach_to_diffe,,,,False,,,,dynamical_systems,medium,keyword_text,21776,True,False,407f7b92c0fea86b,False,,True
bc8d26dcc42ff21f2880fea60be0ff4fbbd859250482a24b62af8f18fb8ed34e,Abaid_application 2.pdf,0.07,unclassified,unclassified,5,Abaid_application 2,,,,False,,,,,,,15100,True,False,1a2e9123a7505560,False,,True
d71172aab7483fe8b1a3a5a74f25639654760d9bb512ba400f850c1db8e2c09f,Abstract.pdf,0.14,unclassified,unclassified,5,Brandon_Behring_Proposal_Short_ver3,,,,False,,,,,,,1601,True,False,c1f4edb60b9a3862,False,fuzzy_dup_406,True
6d6c1b50dea3e1fd5320759e0198e986810fc3f3601aa556138f5c4b112714fe,Accounting_LO5_6_Solutions.pdf,0.18,unclassified,unclassified,5,Accounting_LO5_6_Solutions,,,,False,,,,,,,5247,True,False,7f449b936cdf9943,False,,True
994045ff2215f1bf11de65bf34674bb31be7fb2ce507d792abd02bf8228228e8,Algorithm_map.pdf,0.17,reinforcement_learning,medium,5,Algorithm_map,,,,False,,,,reinforcement_learning,medium,keyword_text,738,True,False,0fcfab719d6b5993,False,,True
a920b26418086b9bc4522d080836c3bf2f08a1713061d31d2bba2b12d9aa2d3a,Allaire_CV (3).pdf,0.13,unclassified,unclassified,5,Allaire_CV (3),,,,False,,,,,,,6110,True,False,f4f1ef7a5a7aa4e0,False,,True
a904172f4851b718616a40b286cfa7c87b70f921233249d54fcf80a6f787b937,AnalysisNJIT.pdf,0.1,unclassified,unclassified,5,AnalysisNJIT,,,,False,,,,,,,3676,True,False,0ae2ef392fe17e13,False,,True
a7e0fe5af465ed2980a0dbea1a44d1d0e0c870e6bbb981d251cfca1ffba48c50,AnalysisNJIT2.pdf,0.1,unclassified,unclassified,5,AnalysisNJIT2,,,,False,,,,,,,2417,True,False,7ac1e13adaaedbfe,False,,True
b6c75e7ca9cfcd0366809454dce16236c5d48299e18ae56cb3ac0bfb2eec2b44,AnalysisNJIT3.pdf,0.12,mathematics,medium,5,AnalysisNJIT3,,,,False,,,,mathematics,medium,keyword_text,4591,True,False,e2db9f3cfee42d67,False,,True
753970a8c91a8597e68eb345a8dcf62f2fffc9e17b0bc95c62b52d80f4e3c75c,Antiresonance_in_switching_systems (7)_AT.pdf,0.64,unclassified,unclassified,5,Antiresonance_in_switching_systems (7)_AT,,,,False,,,,,,,22296,True,False,e17875cb73cc5e61,False,,True
169af235ea944b8c68bf5bb26dc27ea30b1f7da7b51936e7ea86ae6d2912fc73,Antiresonance_in_switching_systems.pdf,0.74,unclassified,unclassified,5,Antiresonance_in_switching_systems,,,,False,,,,,,,21828,True,False,24dc6c4b57a8d246,False,,True
ca82ed91b1d70d7e15f486f252b24b0cf3c91ba3edda437b4286caa43d32d6ca,Appendix - Learn ALTAM - Coaching Actuaries.pdf,0.32,unclassified,unclassified,5,Appendix - Learn ALTAM - Coaching Actuaries,,,,False,,,,,,,414,True,False,a4c5200008e14974,False,,True
fd63b981feefffb8a1434b754d68051fdeb2220c0a772ccebebeb49d4010261e,Applied_Numerical_Methods_Lab9-merged.pdf,0.16,unclassified,unclassified,5,Applied_Numerical_Methods_Lab9-merged,,,,False,,,,,,,4723,True,False,2a099f4a9cdbfe48,False,,True
57003b6ac88f77e29e14e6c79e78cf33f34d8951d1fe5d85b7a1c815536fbc26,Are medical errors really the third most common cause of death in the US Sc.pdf,0.55,unclassified,unclassified,5,Are medical errors really the third most common cause of death in the US Sc,,,,False,,,,,,,4898,True,False,94d1666a173e4aa4,False,,True
f03a7372e94bb61a92a2b0b2d376db3b5767dc60f030b5630004538654d76500,Aref.pdf,0.3,unclassified,unclassified,5,Aref,,,,False,,,,,,,17209,True,False,f7a052882abb12f8,False,,True
91eb8c29be616fc86ebd244eaebc120548b93bb54528820e269600d6aa1b446e,ArefRott_PP1 2.pdf,0.23,unclassified,unclassified,5,ArefRott_PP1 2,,,,False,,,,,,,70,True,False,81337949b53e1f52,False,,True
01f525be51094269cfd94f3ce576ea6cc146b9547e766d193ee576ce6f29fb04,Arzela-Ascoli Theorem and Applications.pdf,0.09,mathematics,low,5,Arzela-Ascoli Theorem and Applications,,,,False,,,,mathematics,low,keyword_text,4757,True,False,9da5464c5499111b,False,,True
5a92c64dd7737fa407da7f0e9f3ef6e8b35ee7a6036399dfa6be81b728dbe9f6,Assign12015.pdf,0.11,unclassified,unclassified,5,Assign12015,,,,False,,,,,,,6341,True,False,9f886fed281b1d1b,False,,True
613bf8afa396824260a2e396fcac47a22d9de2b7a9e44293c5f7e6e0b63ffa71,Assign2 Solutions.pdf,0.18,unclassified,unclassified,5,Assign2 Solutions,,,,False,,,,,,,5845,True,False,8ce41162a25a053d,False,,True
b3b3c758b3a3a74c1286e0ef1d5302237b90cefd7e17a3658a3cc9bed0c96871,Assign5.pdf,0.13,unclassified,unclassified,5,Assign5,,,,False,,,,,,,7438,True,False,392e895d5077f8dc,False,,True
b2eec189c9f95ebe937a14f9d51dd98a38f39251326f0986ab6c1fb82ded0909,Assign_1 1.pdf,0.13,unclassified,unclassified,5,Assign_1 1,,,,False,,,,,,,3866,True,False,90377765f167e01d,False,,True
b2648586f2f916ae2cd7cfba6d73e5a9e93a09049f9c4eec29b1f3a4c2d78fb2,Assign_1.pdf.pdf,0.1,unclassified,unclassified,5,Assign_1.pdf,,,,False,,,,,,,3213,True,False,0fbb3d654442f6d3,False,,True
08414994bcea8bd26cb5c1b1f63555edac83deeb1b6732e10ca4dbf7007bb6ca,Assign_2.pdf.pdf,0.15,unclassified,unclassified,5,Assign_2.pdf,,,,False,,,,,,,4025,True,False,40f91d180699587e,False,,True
bbfd3e0a098d3a3b4404421223affdd97b64a0045ae3a511ab72c72037f4e00e,Assign_3 1.pdf,0.17,mathematics,medium,5,Assign_3 1,,,,False,,,,mathematics,medium,keyword_text,6641,True,False,453d463262d732fa,False,,True
2363223c157fe0b7019098d294fc8027b983c97906d4446f67a2eefa554383dc,Assign_3.pdf.pdf,0.2,mathematics,medium,5,Assign_3.pdf,,,,False,,,,mathematics,medium,keyword_text,5669,True,False,5024706a5057c06f,False,,True
17993b03976f68bc54273f6ff4b9c0a72c400af5ca7752c78b0b99c9420f4319,Assign_4_v2.pdf.pdf,0.14,unclassified,unclassified,5,Assign_4_v2.pdf,,,,False,,,,,,,7112,True,False,3cc68bdefaa20373,False,,True
363732526bbf03d9a6b6c0633197c6d2bdef0d71ff6f51c8feb7e4f0fa5d9f4f,Assign_5.pdf.pdf,0.16,deep_learning,low,5,Assign_5.pdf,,,,False,,,,deep_learning,low,keyword_text,7247,True,False,73cb0c4230440151,False,,True
3b533826a5d575b7683280c56d772b9c39854a27c3498c6f74e9bce106cac497,Assign_6.pdf,0.17,unclassified,unclassified,5,Assign_6,,,,False,,,,,,,9712,True,False,e698c984fd491dae,False,,True
728a8d6247e50148c96add2bad851009b244a7eb47789e1668a55bb4f7422add,AvendaÃ±oCamacho-Vorobiev2011_Article_HomologicalEquationsForTensorF.pdf,0.45,algebra,low,5,AvendaÃ±oCamacho-Vorobiev2011_Article_HomologicalEquationsForTensorF,,,,False,,,,dynamical_systems,low,keyword_text,12095,True,False,47d62c5ed063cab1,False,,True
ad29849a81858beafb1026f0794b74b3f789c73bbf7a3c6375893de02b143d74,AvendaÃ±oCamacho-Vorobiev2013_Article_OnTheGlobalStructureOfNormalFo.pdf,0.43,physics,medium,5,AvendaÃ±oCamacho-Vorobiev2013_Article_OnTheGlobalStructureOfNormalFo,,,,False,,,,physics,medium,keyword_text,14311,True,False,ea0e1064eb2b0dca,False,,True
346b63fca01c86ebf89ffe28c52392f9f50ce4266458605e6434d0aa52c41519,B2_Problems_w_Solutions.pdf,0.09,statistics,low,5,B2_Problems_w_Solutions,,,,False,,,,statistics,low,keyword_text,2276,True,False,c73102774bab463b,False,,True
47bdce6dc213202f1d444becb9b20b594fe8f9e0294831521edcc4351f3a7ee5,BFG-100-Status-Light-Does-Not-Blink-Consumer-JC-Rev2B.pdf,0.75,unclassified,unclassified,5,BFG-100-Status-Light-Does-Not-Blink-Consumer-JC-Rev2B,,,,False,,,,,,,8533,True,False,d35c0c77c7d3f20d,False,,True
b90aef058dd29181e9b7439fe911bf3578628a443607556749db2011f9176bbb,BIFURCATION_BEHAVIOR_OF_THE_FURUTA_PENDU.pdf,0.67,dynamical_systems,medium,5,BIFURCATION_BEHAVIOR_OF_THE_FURUTA_PENDU,,,,False,,,,dynamical_systems,medium,keyword_text,13950,True,False,2f258b0e95df72ef,False,,True
73ac76e5d1b011adac6da5fc822df2409f51a8af0b8e96772cad2e60fa919977,BTH240SL_Silver_V3Darck Blue Back.pdf,0.91,unclassified,unclassified,5,BTH240SL_Silver_V3Darck Blue Back,,,,False,,,,,,,3144,True,False,93aebbb15e27c7b7,False,,True
16c43f3ba8505fc02cd21b6f1306e232366c167c72dfd9b9655fdc9d3a9071f1,BTH857_Black Gold_Wave_V2.pdf,0.7,unclassified,unclassified,5,BTH857_Black Gold_Wave_V2,,,,False,,,,,,,2218,True,False,d997d662406f0801,False,,True
fec27677eb4620d1ac980f1284777f1bc1d73284c22349d246d4c8566806e906,B_Summary.pdf,0.17,unclassified,unclassified,5,B_Summary,,,,False,,,,,,,5873,True,False,63dcace81b01b589,False,,True
1c3809e7e7b2612ce41467bb24b74943bdafc9ea1880237aedb10ae5a02dc2c9,Behring.pdf,0.11,unclassified,unclassified,5,Behring,,,,False,,,,,,,4997,True,False,62a6f7f470c6aac6,False,,True
3b92a7b210f903a9f55a503202e857b8238fb85d96824418f7014ddc95fe147a,Behring_Resume.pdf,0.08,unclassified,unclassified,5,Behring_Resume,,,,False,,,,,,,6681,True,False,fd86a0af20efb7ea,False,,True
554ff286b79bb013848bdcd371bcd4846dc6c3a627015da11c295053c7025388,Better data quality with.pdf,0.27,unclassified,unclassified,5,Better data quality with,,,,False,,,,,,,1920,True,False,62b4fe8487a45263,False,,True
e4682ee6e17dece4acbe3c2d93527947bb76d2c59a16020cfc464be18c61bec3,Bonus_&_One-Time_Payment_History.pdf,0.08,unclassified,unclassified,5,Bonus_&_One-Time_Payment_History,,,,False,,,,,,,957,True,False,7202282af6417591,False,,True
21e34c9ab3036c0176eb614bacc60d8f57b49d9ac069b32ebb1a02f7d4c52a2c,Borge-Holthoefer2013_Article_EmergenceOfInfluentialSpreader.pdf,0.49,unclassified,unclassified,5,Borge-Holthoefer2013_Article_EmergenceOfInfluentialSpreader,,,,False,,,,,,,15119,True,False,bc4e7aa07f4c14dd,False,,True
47fbef88538540fb610e74d421195dcba161c6a29e6148af0ccc1b5d4829c105,Brandon_3.pdf,0.07,unclassified,unclassified,5,Brandon_3,,,,False,,,,,,,2110,True,False,8ac63c2f819a0c03,False,,True
ef10fc9a02eabfb6552bdefdbd09f08adc349163ec79d64944b53d36948ad1ab,Brandon_Behring_1095.pdf,0.38,unclassified,unclassified,5,Brandon_Behring_1095,,,,False,,,,,,,13549,True,False,3690ca065824267b,False,,True
1155a12421fcfa86100d7c969b59fa40011cf827f4bed1451ee4a867072e9631,Brandon_Behring_ADN_Draft_2_AT.pdf,0.6,unclassified,unclassified,5,Brandon_Behring_ADN_Draft_2_AT,,,,False,,,,,,,18612,True,False,d996e088cd7ba4a9,False,,True
959ca7cefd3de52d17795c95e049be6d71c559b6a19c8ab929d08f59fddbb0d9,Brandon_Behring_Abstract_ver2.pdf,0.13,dynamical_systems,low,5,Brandon_Behring_Abstract_ver2,,,,False,,,,dynamical_systems,low,keyword_text,1630,True,False,f689c48b45d2764a,False,,True
16764c8be2b6f7aa123ab1d7b4bf66273f119d789affbfab42b11da02ef99852,Brandon_Behring_CSV.pdf,0.09,unclassified,unclassified,5,Brandon_Behring_CSV,,,,False,,,,,,,2733,True,False,63ebea66466dd975,False,,True
66598538c547405b1554dc718db91fee3dcec297550d3540000aca3ea5fca796,Brandon_Behring_Chase_Subaru_1.pdf,0.28,unclassified,unclassified,5,Brandon_Behring_Chase_Subaru_1,,,,False,,,,,,,8613,True,False,d4afe137aa5b8842,False,,True
0748ec313981aafc78e9d20c5c898f5d420cb0f33230c6b5ededc97648709709,Brandon_Behring_Feb_2024_CHASE.pdf,0.31,unclassified,unclassified,5,Brandon_Behring_Feb_2024_CHASE,,,,False,,,,,,,19601,True,False,781dd4ca65a99f37,False,,True
fb74fcd265aee33fedde424508df1e81c5911969ea393873502f155b81b234a2,Brandon_Behring_M671_HW_3.pdf,0.56,unclassified,unclassified,5,Brandon_Behring_M671_HW_3,,,,False,,,,,,,5952,True,False,ebf9b913683a28a9,False,,True
ad65d73f720ec043b13a19cae457e6eb4a7c713ef702530dd79cf59fab4d9dd1,Brandon_Behring_NJM_Home_Insurance.pdf,0.24,unclassified,unclassified,5,Brandon_Behring_NJM_Home_Insurance,,,,False,,,,,,,8826,True,False,c98b2f48265dd1c6,False,,True
db4e84d3dc2609fcc241a0b7afc7ae80afcc1f366d985c4cc212a2b06dcf5db7,Brandon_Behring_Resume.pdf,0.08,unclassified,unclassified,5,Brandon_Behring_Resume,,,,False,,,,,,,2600,True,False,8e9d3f507567f9fd,False,,True
908a2053e708365e5dab1297e1cd53aa937aaad148665e2e1bd1426616eec932,Brandon_Behring_Resume_2025_12_16.pdf,0.09,unclassified,unclassified,5,Brandon_Behring_Resume_2025_12_16,,,,False,,,,,,,4750,True,False,47961b5063dc9ecf,False,,True
24e54d3351c6afec7098c1fd5fab5f9b4a4fc0d8384daa98502b2b02ba7c7612,Breaking New Ground - The Actuary Magazine.pdf,0.24,unclassified,unclassified,5,Breaking New Ground - The Actuary Magazine,,,,False,,,,,,,19831,True,False,223a4a3c0a6f7791,False,,True
2c1526eeabb55193b5f7ab0b59852e16f6c04599bba13293c651d3299219a296,Brezinski_EA_JAMAD_2015.pdf,0.69,unclassified,unclassified,5,Brezinski_EA_JAMAD_2015,,,,False,,,,,,,29804,True,False,5d1650de3a95923b,False,,True
27fbf3cf2bb6a13fcc5883e600a6a2567233b3ee83d04d5f45200d7691a7adee,Burke-2020_Data driven control.pdf,0.31,unclassified,unclassified,5,Burke-2020_Data driven control,,,,False,,,,,,,12494,True,False,d364598aaf9773dc,False,,True
18d52371832701c09c5f3e66eef1b8ad040db83a0a9d4059c8d53c59d39e2c0c,C2_W3.pdf,0.71,unclassified,unclassified,5,C2_W3,,,,False,,,,,,,724,True,False,790613a3785d2cb8,False,,True
1bd88f9fccdcd1c40cab2915ea218041a1ce2989edd92e644a69b21039d9af4c,C5_W1.pdf,0.87,unclassified,unclassified,5,C5_W1,,,,False,,,,,,,1170,True,False,c9a22cc14cdefad9,False,,True
99e3d9499a54007fb42593045d0d8eaad840e96668237e10a24aea4448202598,C5_W3.pdf,0.69,deep_learning,low,5,C5_W3,,,,False,,,,deep_learning,low,keyword_text,1585,True,False,92a4c4e20833b7b7,False,,True
892ff6c1d8a3e47fe5d62998ac6b4b724f6089adc92a0e4f1066d2618ba7597b,CA_sectionIVnotes.pdf,0.11,unclassified,unclassified,5,CA_sectionIVnotes,,,,False,,,,,,,8729,True,False,95613dc08e01af44,False,,True
7a1af4f49340aef2ba1e37a57544e15df5432e3185ad347168bfdd188de1d60a,CFA_2025_L2_Quicksheet.pdf,0.28,unclassified,unclassified,5,CFA_2025_L2_Quicksheet,,,,False,,,,,,,36679,True,False,616a8feffd2451ed,False,,True
db8bf05854c5811b3ae3b5ed006f82a9311d94e60f0966b635a539573f7d04a1,CFA_LEVEL_3_APPOINTMENT.pdf,0.13,unclassified,unclassified,5,CFA_LEVEL_3_APPOINTMENT,,,,False,,,,,,,3120,True,False,cebadd4cd966a40a,False,,True
928a7a48a5e49e2b2c439b22ddf5edb1d9f4416e41726498e536a95092fae1d7,COMBINEDHOMOTOPYANDGALERKINSTABILITYANALYSISOFMATHIEU-LIKEEQUATIONS 1.pdf,0.93,topology_geometry,low,5,COMBINEDHOMOTOPYANDGALERKINSTABILITYANALYSISOFMATHIEU-LIKEEQUATIONS 1,,,,False,,,,topology_geometry,low,keyword_text,16129,True,False,28ea268d69b0ad01,False,,True
4145bc913e43afd3e920b70810e1e267b4a1607577fd90973a75f79c38212734,COMBINEDHOMOTOPYANDGALERKINSTABILITYANALYSISOFMATHIEU-LIKEEQUATIONS.pdf,0.93,topology_geometry,low,5,COMBINEDHOMOTOPYANDGALERKINSTABILITYANALYSISOFMATHIEU-LIKEEQUATIONS,,,,False,,,,topology_geometry,low,keyword_text,16112,True,False,2c54c4d8ea29ae65,False,,True
8aca5cedc739ece4de8612961bb7d03c0603460298e7459e3e938a52cecfec6a,COVIDProbabilities 2.pdf,0.12,unclassified,unclassified,5,COVIDProbabilities 2,,,,False,,,,,,,2079,True,False,66608c2ce6ba9fc4,False,,True
b02ebb1bdc4993ccbe6d8b3b6d718f263784ec847e27294b125c411183a55ee7,COVID_ABM_Supplementary.pdf,0.27,unclassified,unclassified,5,COVID_ABM_Supplementary,,,,False,,,,,,,11670,True,False,187d6b817df66c7d,False,,True
040cd81c8665b482551593d6a3a9037ee0a61fe9256e84451fc9467083160623,C_Summary.pdf,0.14,unclassified,unclassified,5,C_Summary,,,,False,,,,,,,2545,True,False,e47982fa8afeac24,False,,True
32b7c6e8dea942f5e1485b59daae0817f633b8c855a0d10a337d72dd7275ebf4,Canonical_perturbation_theory_for_the_elliptic_res.pdf,0.74,dynamical_systems,low,5,Canonical_perturbation_theory_for_the_elliptic_res,,,,False,,,,dynamical_systems,low,keyword_text,10421,True,False,050a7965c6e03de0,False,,True
72ada07ea3bac171c8e79add16ce05498db53d99078dc633ff80c6bfce7cb096,CardShufflingBayerDiaconis1992.pdf,0.47,rag_llm,low,5,CardShufflingBayerDiaconis1992,,,,False,,,,rag_llm,low,keyword_text,11987,True,False,772603ff3979ee91,False,,True
1055201631ba024ad1fcc05359dab2f5ed0088148cc5d2588d5ecd6f43a7183f,CertificateOfCompletion.pdf,0.12,unclassified,unclassified,5,CertificateOfCompletion,,,,False,,,,,,,297,True,False,1b8bb123dba5daf0,False,,True
b3449549a7ce65b65a0f199a9e25bbaac5e7913beb6497a49bf96b31dd55bc2a,Ch2_Statistical_Learning.pdf,0.81,unclassified,unclassified,5,Ch2_Statistical_Learning,,,,False,,,,,,,5919,True,False,c4e69d0b2baf4330,False,,True
a756a7949dbaec9f5d7a6f7a45565fefdfdcf6ff901a8a887d8e4fa0bf5b1863,Ch4_Classification.pdf,2.13,machine_learning,medium,5,Ch4_Classification,,,,False,,,,machine_learning,medium,keyword_text,2627,True,False,6f92d438df4faae1,False,,True
60a4bdf4b1b46d9ffd87e348128f469c255efad5d3ff8c9f9e44038b5ebaf146,Ch5_Resampling_Methods.pdf,0.4,machine_learning,medium,5,Ch5_Resampling_Methods,,,,False,,,,machine_learning,medium,keyword_text,1978,True,False,bbbb054ad0b2489c,False,,True
f178910be60868aa3ef1b1339e64156782a935b8757fb9ec065edc3ac8ede300,Ch6_Model_Selection.pdf,0.6,mathematics,low,5,Ch6_Model_Selection,,,,False,,,,machine_learning,low,keyword_text,2524,True,False,6e08553a775f5f5c,False,,True
4d2311c31c1b054653084378f998e1d371cce9744cc8f2ba4b3548f9b30dffef,Ch7_Moving_Beyond_Linearity.pdf,1.24,machine_learning,medium,5,Ch7_Moving_Beyond_Linearity,,,,False,,,,machine_learning,medium,keyword_text,6777,True,False,6ef2d25fe1b8b3d2,False,,True
5d2c250be3123d4be19897f259a593e2f8a9b905cfcb8bac5e1c755b1b649615,Ch9_Support_Vector_Machines.pdf,1.24,unclassified,unclassified,5,Ch9_Support_Vector_Machines,,,,False,,,,,,,1725,True,False,4f09c34a8aca5f01,False,,True
b723cec1c58fef5a422b369b6fbb09ea16c1611ea16a010be6a7e1113584de59,Chapter 3.pdf,1.85,unclassified,unclassified,5,Chapter 3,,,,False,,,,,,,2741,True,False,edc9da7e231541ff,False,,True
13aa52bc66928b792252d13b490d66ccaabee27cb507d8e97d8a995d1ff02034,Chapter 4.PDF,3.06,unclassified,unclassified,5,Chapter 4,,,,False,,,,,,,4054,True,False,c423fb62a3a821c0,False,,True
4dec3efe18f9959d8c43bc28011875e8fe6a0de3eca38090b10c694c848052cd,Chase_Auto_Balance_aug_2705.pdf,0.28,unclassified,unclassified,5,Chase_Auto_Balance_aug_2705,,,,False,,,,,,,8438,True,False,1d3884fd9c688a62,False,,True
22cfffbdbafc2bc720755fc073c6c8ebcaeaf0e395666c7ceb8234e238cc8cd8,Chase_Auto_Balance_sep_2705.pdf,0.27,unclassified,unclassified,5,Chase_Auto_Balance_sep_2705,,,,False,,,,,,,8103,True,False,18fb30e5cbf47a29,False,,True
6d57cbf85a26b9d32240fda5369bdcdab03d85145a1a129fdcacc13bea45022e,Color Scheme BTH870_V2.pdf,0.24,unclassified,unclassified,5,Color Scheme BTH870_V2,,,,False,,,,,,,354,True,False,48cc8a3a2c462bed,False,,True
65611d73bdbc433252b92f468fc0a76c71479447f2fde42d7a157d91454c746c,ComplexAnalysis1.pdf,0.11,unclassified,unclassified,5,ComplexAnalysis1,,,,False,,,,,,,4637,True,False,f3359e1e8f1354ba,False,,True
73e3af795dc5413040712a51a63a66892d05baab5a8bc1164637bf912ff498c4,ComplexVariables7.pdf,0.13,unclassified,unclassified,5,ComplexVariables7,,,,False,,,,,,,4440,True,False,9a255d6b304cd084,False,,True
e33c95cfb38fdf6c16ef47c46f87a12b418fb4e7a527ece03251f9ad2d7afaa0,ComplexVariables8.pdf,0.13,unclassified,unclassified,5,ComplexVariables8,,,,False,,,,,,,3314,True,False,74932ccf7799b8ea,False,,True
0dc378c635ffc7599d2e2fd2ddd8e1fd58f77a669562a93835e2aceb809477dc,ComplexVariablesMidTerm.pdf,0.14,unclassified,unclassified,5,ComplexVariablesMidTerm,,,,False,,,,,,,5523,True,False,4c702b87ee2e1d85,False,,True
a150a7da5bf32f065343772dc22c0ae0214dd151825ca12c1a9671be6693a2cc,Complex_dynamical_networks_Modelling_synchronizati.pdf,0.2,mathematics,low,5,Complex_dynamical_networks_Modelling_synchronizati,,,,False,,,,,,,10709,True,False,9ff963611431d4b8,False,,True
3104a6890d2b8a99234f662b9fad77079814b72e645254326fbefa5c694dc4a2,ConvRate.pdf,0.18,unclassified,unclassified,5,ConvRate.dvi,,,,False,,,,,,,9076,True,False,304e1ecd9ee09c8e,False,,True
ddf0ead7e3e029bccd0ee2b0bd6d833e9c2240fc034faf2d95417391e2b72c52,Convergent_approximation_of_non-continuous_surface.pdf,0.73,unclassified,unclassified,5,Convergent_approximation_of_non-continuous_surface,,,,False,,,,,,,12477,True,False,5c38d3f215d8a5fb,False,,True
eb698a170be8e7a99a5dff4bf82f485e0a28dba879fe2fdf7ce7a7b8f9929e94,Convol Minkowshi Young Inequal.pdf,0.11,mathematics,medium,5,Convol Minkowshi Young Inequal,,,,False,,,,mathematics,medium,keyword_text,7552,True,False,dee4be2a5381f06e,False,,True
3e2d51a512bbe45674d4b071779971702b9f8bf2fcb3134a20a08fd0f425303d,Coursera T2EJ9QZLWBNP.pdf,0.33,unclassified,unclassified,5,Coursera T2EJ9QZLWBNP,,,,False,,,,,,,2471,True,False,75e6cfc9727d5a8f,False,,True
94854328485d29318fb8295d9551306a627267cd4d438ce02db1288c0ed88631,D22_Cont_Bayes_problems.pdf,0.09,unclassified,unclassified,5,D22_Cont_Bayes_problems,,,,False,,,,,,,3584,True,False,7843ab406ecdacf2,False,,True
d4befa862ffb0744668e135c1c41d23d1b9520cc84f1844c2d7f4c324e4906a9,D22_Cont_Bayes_problems_1pp.pdf,0.09,unclassified,unclassified,5,D22_Cont_Bayes_problems_1pp,,,,False,,,,,,,2526,True,False,27e9f6300255d45c,False,,True
b19837e2d495b893559813292b28ceb36ceedd129f56d1ea9ca461aae10b5330,D22_Cont_Bayes_solutions_combined.pdf,0.11,unclassified,unclassified,5,D22_Cont_Bayes_solutions_combined,,,,False,,,,,,,6385,True,False,d81b4b0888e44dde,False,,True
1a68fe60a4e05636643ec71a6f0d016cf3777731f82ca4e97ced05d73bd0c16a,D23_Poisson_Gamma_problems.pdf,0.08,unclassified,unclassified,5,D23_Poisson_Gamma_problems,,,,False,,,,,,,3101,True,False,1cf4923352594615,False,,True
8b2526fe02da9bd08a579f6b3198ea5b87f4b816a62ffba6c30674366e2739e3,D23_Poisson_Gamma_problems_1pp.pdf,0.08,unclassified,unclassified,5,D23_Poisson_Gamma_problems_1pp,,,,False,,,,,,,2901,True,False,c6ccd2c4dca48973,False,,True
d710540fdcb2b5ca08f1208f547a351a8e4015b790878b2c1911af57c6742069,D23_Poisson_Gamma_solutions_combined.pdf,0.09,unclassified,unclassified,5,D23_Poisson_Gamma_solutions_combined,,,,False,,,,,,,4624,True,False,e5b0ee8071de4130,False,,True
069fb5c678ed2936de0bbddbd52f003a501b19df511332067a57c8e2ab05989e,D34_Exact_Cred_problems.pdf,0.09,unclassified,unclassified,5,D34_Exact_Cred_problems,,,,False,,,,,,,2066,True,False,0364427e82d55cfc,False,,True
a61aa3b87282a745ddd7df5c378a850107658469bb989543f3a9c162982d890e,D34_Exact_Cred_problems_1pp.pdf,0.09,unclassified,unclassified,5,D34_Exact_Cred_problems_1pp,,,,False,,,,,,,2174,True,False,0ad42e6c4f6e4534,False,,True
5badea835e7ed11ef3a846f19bec02c7bcbcd45367d104943be8430601c9c742,D34_Exact_Cred_solutions_combined.pdf,0.1,unclassified,unclassified,5,D34_Exact_Cred_solutions_combined,,,,False,,,,,,,4442,True,False,2d9ee41ec00c426b,False,,True
bff802657869964f592aeb546648b109414cfd00c9a630c0a1113f96e638b9bc,D41_Nonparam_uniform_problems.pdf,0.09,statistics,low,5,D41_Nonparam_uniform_problems,,,,False,,,,statistics,low,keyword_text,2721,True,False,84653e492d09c1ae,False,,True
e3eaa76fa8d38cd4f20ba48bed6048544219622e751ee1381495aeda1b30dfe7,D41_Nonparam_uniform_problems_1pp.pdf,0.09,statistics,low,5,D41_Nonparam_uniform_problems_1pp,,,,False,,,,statistics,low,keyword_text,2882,True,False,51d1edf1d40ea3bd,False,,True
200ea7856478aff64b8ece16d88c093f0d212f36c0df31e8ccf56f11fac9b517,D41_Nonparam_uniform_solutions_combined.pdf,0.1,statistics,low,5,D41_Nonparam_uniform_solutions_combined,,,,False,,,,statistics,low,keyword_text,4498,True,False,d55dabd7386286be,False,,True
ffbccf2d9c30c86e4ae4e2a5632536327e240cf296989b860db0f2a54fca5ae0,D42_Nonparam_general_problems.pdf,0.07,statistics,low,5,D42_Nonparam_general_problems,,,,False,,,,statistics,low,keyword_text,2411,True,False,9fd14ad7f632af40,False,,True
0c2ba4f1b61b097335ad43a3dc6edc88406955d249e0b8f32024aa8b9bc61af2,D42_Nonparam_general_problems_1pp.pdf,0.07,statistics,low,5,D42_Nonparam_general_problems_1pp,,,,False,,,,statistics,low,keyword_text,2519,True,False,8ac655d0f738515a,False,,True
022fb498e98ce6f4ce9a26ae0339f4ddcde996091089b9f94b9dc4bb81a0bbb2,D42_Nonparam_general_solutions_combined.pdf,0.1,statistics,low,5,D42_Nonparam_general_solutions_combined,,,,False,,,,statistics,low,keyword_text,3843,True,False,48ae2205761ca1a9,False,,True
194821a3d44e66bd7cc19518e0a4780cd7ee213ad3c368e5f247b9a168901523,D43_Semiparam_Poisson_problems.pdf,0.08,unclassified,unclassified,5,D43_Semiparam_Poisson_problems,,,,False,,,,,,,4399,True,False,3b2eeb346143adde,False,,True
4af889e4cb7c8b23de8db663b5339d3333b98ae285cba190cfb8ae490ceae5da,D43_Semiparam_Poisson_problems_1pp.pdf,0.08,unclassified,unclassified,5,D43_Semiparam_Poisson_problems_1pp,,,,False,,,,,,,3277,True,False,cbe93c57ac88bce4,False,,True
3301bde4e9d19c9a223e41be7fcc67a21ab33224235002c49b6d4ea8d5b5b8cf,D43_Semiparam_Poisson_solutions_combined.pdf,0.11,unclassified,unclassified,5,D43_Semiparam_Poisson_solutions_combined,,,,False,,,,,,,5976,True,False,b72d31cffe4687f9,False,,True
69ec5c1d100d92adeae13bcd1f4fa15610e24853dbb2373ad3a16a8017b6a7a7,DDE-chapter3.pdf,0.99,unclassified,unclassified,5,DDE-chapter3,,,,False,,,,,,,7586,True,False,383e9ae9a356165f,False,,True
a620313bf0752e6b1e8776a1b814bf5a97f07959ca32f31a723956670f65295d,Data_Driven_Methods_to_M3.pdf,0.87,unclassified,unclassified,5,Data_Driven_Methods_to_M3,,,,False,,,,,,,12265,True,False,638ec087225d587c,False,,True
327370a742c472c05d005be15e8ea1159904649ae5b3679d5c796f5d322e0d90,Deprit2001_Article_TheRelegationAlgorithm.pdf,0.19,dynamical_systems,low,5,The Relegation Algorithm,,,,False,,,,dynamical_systems,low,keyword_text,10489,True,False,3a6aa552d29e71b5,False,,True
a70303882e5dc6d6cf70819ece5e4bbcb46a18c1fcd3b1381379738802087dde,Differential_expansion_ionic_membranes PRL_cmp_MK_DB_JH_RBV.pdf,0.76,unclassified,unclassified,5,Differential_expansion_ionic_membranes PRL_cmp_MK_DB_JH_RBV,,,,False,,,,,,,25604,True,False,ade1f05aeb2d1050,False,,True
880bf5a22cfdc229a064a38bb4d84d0ced6ed54590dfbf608baa49ebd6a60648,DistSob1 1.pdf,0.1,mathematics,medium,5,DistSob1 1,,,,False,,,,mathematics,medium,keyword_text,13588,True,False,3733e3c90185b929,False,,True
fa4e2500d9e9a23d9ef33be30d1c300d0fb92d6e1e704efb63295a83dce84cf5,DistSob1 2.pdf,0.11,mathematics,medium,5,DistSob1 2,,,,False,,,,mathematics,medium,keyword_text,13686,True,False,e10429ff4ecbbfb9,False,,True
05df1fde07adb669dbc395363bbcb08e40b8e7b5ef04d237c0fd05f2d86e4ad7,DistSob1.pdf,0.09,mathematics,medium,5,DistSob1,,,,False,,,,mathematics,medium,keyword_text,13882,True,False,902e671c96a80672,False,,True
4ad89fd5cf7a7b01444a058ac50240af706a780ac76b6897c565cb3482d3fd2b,DownloadBill-2.pdf,0.79,unclassified,unclassified,5,DownloadBill-2,,,,False,,,,,,,16187,True,False,cebe3d175d7529f0,False,,True
9203765b3daf6ff7ab7c72f360188ae5c94b69a4c6e4cd62d45549c5e6d78e3d,DynamicalSystemsjl_A_Julia_software_library_for_ch.pdf,0.15,dynamical_systems,medium,5,DynamicalSystemsjl_A_Julia_software_library_for_ch,,,,False,,,,dynamical_systems,medium,keyword_text,12132,True,False,fa8839180af3d731,False,,True
dbe6f33428b4d0b4595bfc14150b60ba173460d6f8de379169d7d9b2e4f481fe,Dynamics_and_Bifurcation_Near_the_Transition_from_.pdf,0.32,dynamical_systems,medium,5,ollpavil.dvi,,,,False,,,,dynamical_systems,medium,keyword_text,9730,True,False,968633781950e65f,False,,True
7b8f83dadd591a31cf1a02e5e302a62f5c3b12d8b551f3f80e1357367edaf4b5,E16_handout_2024_01_23.pdf,0.12,unclassified,unclassified,5,E16_handout_2024_01_23,,,,False,,,,,,,4078,True,False,e0a7360ce1420f8b,False,,True
9e9d756f003927937ed1c9660ab9934dac3bb639c7a900db28bee12ed35af884,E18_handout.pdf,0.11,unclassified,unclassified,5,E18_handout,,,,False,,,,,,,4181,True,False,c48ac37b8999a8fa,False,,True
7fc2793fffeb8d6ca8384969f4f996d7063b14e772c6a3e067cc19fd6189eb0e,E25_handout.pdf,0.09,unclassified,unclassified,5,E25_handout,,,,False,,,,,,,4493,True,False,bf6ddd9634a42e20,False,,True
33938ef69d6cf2d70f65ac63b42aa1e2b8b2a378e53d8d7ddb8368fa1199deed,ERM-standard-normal-table.pdf,0.18,unclassified,unclassified,5,ERM-standard-normal-table,,,,False,,,,,,,6825,True,False,7ff2c6cf389950c6,False,,True
567582b81ece389a7a27b07baa0e53d71fd049de331f68c568a263f410e08d8e,ERM_QuickStartGuide_Fall2024-V1.pdf,0.11,unclassified,unclassified,5,ERM_QuickStartGuide_Fall2024-V1,,,,False,,,,,,,3618,True,False,0bcce22bd8d0dc29,False,,True
0003aa3d752f74f4b5f6fc12b048641f3cedc2c4620889252c154ce64e52a209,ERM_Spring2025_Changes.pdf,0.06,unclassified,unclassified,5,ERM_Spring2025_Changes,,,,False,,,,,,,527,True,False,d3b739dc4497ae12,False,,True
5bb513e39c9cbc6efa23f3a8ed9ba040bace0f38e862001d6e006cff31b380d9,ERM_s2_Anatomy_Debacle.pdf,0.16,unclassified,unclassified,5,ERM_s2_Anatomy_Debacle,,,,False,,,,,,,7895,True,False,ce001ad6b278876f,False,,True
0ecef5cf53aecaace9a416a820951f6268f8c740fe3ec536828bb1afbe5a27c6,ERM_s2_Crouhy_Ch2.pdf,0.34,unclassified,unclassified,5,ERM_s2_Crouhy_Ch2,,,,False,,,,,,,12919,True,False,cc1d10e964bab59a,False,,True
8a80fcd527cb3b7bba49fd8c14ac59908dd2eda2a6d64710e056ed170ee034fb,ERM_s2_Crouhy_Ch2_2.pdf,0.81,finance,low,5,ERM_s2_Crouhy_Ch2_2,,,,False,,,,finance,low,keyword_text,11600,True,False,ee99e9bed61dd55a,False,,True
f81b74cd041f4ff7daef2d5ea8dba6dcbbf8834b962b9cd8e35e80ae59f01976,ERM_s2_ERM_Briefing.pdf,0.93,finance,low,5,ERM_s2_ERM_Briefing,,,,False,,,,finance,low,keyword_text,7262,True,False,7760d30e41b9f691,False,,True
36add5b8f00be05f624afe781c9a1e44781a087e5afd0f601b6470c1bbfad600,ERM_s2_ERM_Economy.pdf,0.12,unclassified,unclassified,5,ERM_s2_ERM_Economy,,,,False,,,,,,,7018,True,False,4f53c5c219e01540,False,,True
8229e31efe9b0b138af2b8c9cab5c9fcdae6191c0fe3f6ce53affb1280ec1c3d,ERM_s2_ERM_Perspectives.pdf,0.34,finance,low,5,ERM_s2_ERM_Perspectives,,,,False,,,,finance,low,keyword_text,18761,True,False,94a13eb1cba4fee4,False,,True
39efcbe71b2d87ad82432fc2f2d250cfb08da37f9bcd83965d46dbbc318e1094,ERM_s2_Evolution_ERM.pdf,0.09,finance,medium,5,ERM_s2_Evolution_ERM,,,,False,,,,finance,medium,keyword_text,15308,True,False,6b117c67996aaf3b,False,,True
4389a2e162eb3b28e694377a89c66e1948de1767a4185088848b1056ee448852,ERM_s2_InternalAuditor.pdf,0.62,finance,low,5,ERM_s2_InternalAuditor,,,,False,,,,finance,low,keyword_text,9788,True,False,74787461b5b65819,False,,True
ce23a8e350a57777e060934473df61c659d79965b0205677dc4dffcfb3dbd57c,ERM_s2_Survey_Emerging_Risks.pdf,0.33,finance,low,5,ERM_s2_Survey_Emerging_Risks,,,,False,,,,,,,12380,True,False,f6cc1f75d0194315,False,,True
892db41a0ee2ca2ea429eaed82384e4c2d864ee637cd8c8901a9877de8b177ba,ERM_s3_Crouhy_Ch15.pdf,0.29,unclassified,unclassified,5,ERM_s3_Crouhy_Ch15,,,,False,,,,,,,11034,True,False,97ebf314068ad549,False,,True
4b8a69fe494760df1f4e0e03730a5ac9353f36682d631882a7f87665a4409947,ERM_s3_Segal_Practical_Modeling.pdf,0.32,mathematics,low,5,ERM_s3_Segal_Practical_Modeling,,,,False,,,,,,,11427,True,False,dd04e0aa76667ab7,False,,True
bd1ebda601bd2e35d580fd5f10bdf0016d74508d73e5031e98611bb16f2f023d,ERM_s4_AM_Best.pdf,0.94,finance,medium,5,ERM_s4_AM_Best,,,,False,,,,finance,medium,keyword_text,16101,True,False,92a7c7dc08f6aad8,False,,True
e0dd9e2bb4237649a2a0c8efe091f78ce3594d0c3f37d942755c338d7f34bee2,ERM_s4_Basel_III_Transitional_Arrangements.pdf,0.12,unclassified,unclassified,5,ERM_s4_Basel_III_Transitional_Arrangements,,,,False,,,,,,,1905,True,False,bb4a0c26e008d27b,False,,True
a494c7bde98fa1930b3fbf3e72b5e2589aebb535d933ee5da13b2aedc1a3c71e,ERM_s5_Enron_Arthur Andersen.pdf,0.17,unclassified,unclassified,5,ERM_s5_Enron_Arthur Andersen,,,,False,,,,,,,12967,True,False,1d34103ded7464d3,False,,True
66fdf66fb3383db263f5f57dcd53544d85127689e8fb8f60b6df92f82b676f02,ERM_s5_The_New_Frontier.pdf,0.2,finance,low,5,ERM_s5_The_New_Frontier,,,,False,,,,finance,low,keyword_text,14489,True,False,641cccbea899daec,False,,True
75544c57cfa558fae57c666fffc56de26e36dda5f5f66d570c70e2299ea82076,ERM_s6_Data_Quality_Verification.pdf,0.14,unclassified,unclassified,5,ERM_s6_Data_Quality_Verification,,,,False,,,,,,,6867,True,False,9771b41e05576c76,False,,True
4f37ac265f7e1fdeb6a50bea7c927f9f83153f93fc39fb1f0e6c9741f403156d,ERM_s7_EVT_Example.pdf,0.22,unclassified,unclassified,5,ERM_s7_EVT_Example,,,,False,,,,,,,16837,True,False,558c00ae3e882740,False,,True
9c510e243aaa6872c169d36cd2ec9c4320d56f99b3b052fc5017cc78cbd02931,ERM_s7_Formula_for_Disaster.pdf,0.48,unclassified,unclassified,5,ERM_s7_Formula_for_Disaster,,,,False,,,,,,,14042,True,False,d72f8546558ade70,False,,True
509f0080b014b777dd8f83d9e4fc3a3b9ef473e56a2632ba157f5de09aa0dbde,ERM_s7_Quantifying_Regulatory_Capital.pdf,0.23,unclassified,unclassified,5,OPRiskWeb.dvi,,,,False,,,,,,,22389,True,False,9a901c8545244839,False,,True
56e780e8fb2ea87e7942a29a71badfb9d250e84b97eae9fdcc70206a19148389,ERM_s8_Economic_Capital.pdf,0.6,unclassified,unclassified,5,ERM_s8_Economic_Capital,,,,False,,,,,,,5826,True,False,06461a8fa6c214f6,False,,True
58da08afb41afd5a3507a4dfc62a0ad190371bf9070c5046002a9291413ec1b3,ERM_s9_ERM_Competitive_Advantage.pdf,0.48,unclassified,unclassified,5,ERM_s9_ERM_Competitive_Advantage,,,,False,,,,,,,12438,True,False,bd0d89f996edb9a3,False,,True
c4e76a16901db776adb4d91dc238f4340684dabc23025c99d5a53580a176cdba,E_Summary.pdf,0.12,unclassified,unclassified,5,E_Summary,,,,False,,,,,,,2584,True,False,1a32b4c3e421ed2c,False,,True
00d32451ea322d71d2cc4afeccf58b91493a9b6abc2bb0147ee533d25082e47c,Empire Safety Council.pdf,0.08,unclassified,unclassified,5,Empire Safety Council,,,,False,,,,,,,1044,True,False,8261f3fb0670b29c,False,,True
36acded9602d482deaf5e7fb8cbcde31ac705cfaa38d79bff72af74190aa2c68,Eps-Tiff-Conversion.pdf,0.08,unclassified,unclassified,5,Eps-Tiff-Conversion,,,,False,,,,,,,10674,True,False,1a212f5a03aab743,False,,True
c9be3f57614bdd82c38794072d197f89a8d4a6b3de113b1f169e79da2a988394,Equilibrium_statistics_and_dynamics_of_point_vorte.txt.pdf,0.57,unclassified,unclassified,5,Equilibrium_statistics_and_dynamics_of_point_vorte.txt,,,,False,,,,,,,18256,True,False,75218c66135d877d,False,,True
ac148dbdd956dcad2363b1da35b03335664d89e40258a13603d89ef6fbdd6e70,Eulers_Equation.pdf,0.13,unclassified,unclassified,5,Eulers_Equation,,,,False,,,,,,,5615,True,False,67207c6f9dd8e548,False,,True
be69dbc21aa0a4cb76af4157fdd046bd792aa038735941168c0386e6a49a9640,Examples_of_Lie_and_Balinsky-Novikov_algebras_rela.pdf,0.41,algebra,low,5,Examples_of_Lie_and_Balinsky-Novikov_algebras_rela,,,,False,,,,algebra,low,keyword_text,16499,True,False,d541775934e09ba6,False,,True
cbfd2729ba07f797b61196c4e1d883339d3e917c090ff34efd5269c9fcc348c4,Exercise2_solutions.pdf,0.12,fitness,low,5,Exercise2_solutions,,,,False,,,,,,,4717,True,False,cd9702301ebb4b38,False,,True
9e310516e48e65f15b3dc8b315e0ce4e276d1fa492dc91b5c5abe2cb9f5382ac,Existence_and_stability_of_periodic_solutions_in_t.pdf,0.2,unclassified,unclassified,5,Existence_and_stability_of_periodic_solutions_in_t,,,,False,,,,,,,7828,True,False,89fd85f20e8c5f82,False,,True
9c8244626814ed323560d10256c310157960d175b939c9fdc7477c5b8673b778,FAML_FS.pdf,0.94,unclassified,unclassified,5,FAML_FS,,,,False,,,,,,,5865,True,False,2976982f5099e403,False,,True
eb98077485affdeee4170fd68e7702f14eeef3e0252663d8fd84b1d88bac567e,FH10099_redline.pdf,0.18,unclassified,unclassified,5,FH10099_redline,,,,False,,,,,,,12336,True,False,15416c0ef091959c,False,,True
039098ab02efe2d5712b8d824a166d2872cb2f4bda4758f5a2462139c6dd995c,F_Summary.pdf,0.15,unclassified,unclassified,5,F_Summary,,,,False,,,,,,,3721,True,False,8eef447e4072f9ee,False,,True
b560eba1d9372b822f8e45f479044dc3110875911fd9034123c05befa7eabe0d,Figure_5b 2.pdf,0.27,unclassified,unclassified,5,Figure_5b 2,,,,False,,,,,,,71,True,False,12252ed1660e30b4,False,,True
433f1349cccb24bfe54af78dbf159c7df5309b7263f20e1d59752b53d36f48d8,FirstAuto.pdf,0.08,unclassified,unclassified,5,FirstAuto.dvi,,,,False,,,,,,,7278,True,False,a48b208af97dd264,False,,True
09425999a4237f76e56755e94a0a7bcc79f4322ebb47585d719f481c64d7436c,FirstEqn1.pdf,0.11,unclassified,unclassified,5,FirstEqn1.dvi,,,,False,,,,,,,8512,True,False,8364afeda000caf9,False,,True
cf6779c3df378f8116dc12725bf0067421bc7d997717b1a87eb51a2e6009c675,Floquet_Leap_Frog.pdf,0.14,physics,medium,5,Floquet_Leap_Frog,,,,False,,,,physics,medium,keyword_text,4436,True,False,a22db355c112df3b,False,,True
77287354eb0da632617382fbfcdbd39fa8d20527a420904e4aad24454faf7db3,Floquet_Time_Reversal.pdf,0.08,unclassified,unclassified,5,Floquet_Time_Reversal,,,,False,,,,,,,1182,True,False,6bfd0e079113c844,False,,True
1e547e7b166bdd5a9b0c5d02cd810b6949915acef4aad93cb63bafb09c9b7eac,FloquettheoryWard.pdf,0.34,mathematics,low,5,FloquettheoryWard,,,,False,,,,mathematics,low,keyword_text,6254,True,False,21d9716e9e8e2258,False,,True
f70ba859bf6508c30e46b916abc9914ef6f954b77d138f054374585e79631ea2,Forward-Mode_Automatic_Differentiation_in_Julia.pdf,0.15,mathematics,low,5,Forward-Mode_Automatic_Differentiation_in_Julia,,,,False,,,,,,,16406,True,False,2161303d1f36db2d,False,,True
8d51c683e56857c05de2982348b877e4f6b9ea81b530ff7fe35f23ecb7ee4fa7,FourVotexDimer.pdf,0.12,physics,low,5,FourVotexDimer,,,,False,,,,physics,low,keyword_text,5081,True,False,179c9e2d85b9e2b0,False,,True
b8a2d895641720fe71c8352008740b78d40b7c91145076e1ec3c9ca352be5433,Framing_an_ML_Problem_Discussion_PDF.pdf,0.06,unclassified,unclassified,5,Framing_an_ML_Problem_Discussion_PDF,,,,False,,,,,,,1407,True,False,e9ebb156ea8e8e8f,False,,True
f355d95bc2f4560901ae2c18466dbe9cd4e5e8da9fadf1a4c34e18d6f4ea4094,Framing_an_ML_Problem_Discussion_Prompt.pdf,0.18,unclassified,unclassified,5,Framing_an_ML_Problem_Discussion_Prompt,,,,False,,,,,,,2877,True,False,8980dd228a3155f0,False,,True
c0afa9ad00fed06c83c741d68779f2616d4b583ab53432bcea1ecdbfd099e96a,FunctionalAnalysis1.pdf,0.1,unclassified,unclassified,5,FunctionalAnalysis1,,,,False,,,,,,,4551,True,False,854e4cfb2e082659,False,,True
4173c2cefc2a000af963f181b71445a13867934769da4676f02bd6a709734952,FunctionalAnalysis2.pdf,0.14,unclassified,unclassified,5,FunctionalAnalysis2,,,,False,,,,,,,6662,True,False,c521004527d5bf4e,False,,True
ac2b444f5563b33df1690a4d7bc03d6c0f1573232535a89cd0c3ca34c6088bfc,FunctionalAnalysis3.pdf,0.12,unclassified,unclassified,5,FunctionalAnalysis3,,,,False,,,,,,,3973,True,False,671e804204212eb5,False,,True
346a3d172391193746228dada2acd65dd2e2969323a056ef4bf5ff6d85281fe3,FunctionalAnalysis4.pdf,0.14,mathematics,medium,5,FunctionalAnalysis4,,,,False,,,,mathematics,medium,keyword_text,4608,True,False,cb42bcbe8718655d,False,,True
fd115af1edfb4bac91b98eeb999cb22a266aa2d5e2c9bad340c27b57c4471525,Fundamentals of Reinforcement Learning_Learning Objectives.pdf,0.06,reinforcement_learning,medium,5,Fundamentals of Reinforcement Learning_Learning Objectives,,,,False,,,,reinforcement_learning,medium,keyword_text,4825,True,False,91e9f3dd16253953,False,,True
50fb522a2824885d025c0393f6bfee4a79eda6b324fe61c6d48540438809e496,GAU_to_print.pdf,1.8,data_science,low,5,GAU_to_print,,,,False,,,,data_science,low,keyword_text,2293,True,False,de291d9813a80712,False,,True
fd98516591c9671f928f444908d5119edb7c5cec1c9794cf362a32c7e76a9c60,GC1GAZoeRFCtRgGaHlRQ2w_87b4a35f6c5b461ab7a8c904c68927c3_file-quiz-answers_en.pdf,0.34,unclassified,unclassified,5,GC1GAZoeRFCtRgGaHlRQ2w_87b4a35f6c5b461ab7a8c904c68927c3_file-quiz-answers_en,,,,False,,,,,,,6696,True,False,2a669038aef14bef,False,,True
b2ac6cbd7f9869c554f6acc7b600370333b936604bc840b5c964e1d732fa62df,GRE Scores.pdf,0.12,unclassified,unclassified,5,GRE Scores,,,,False,,,,,,,4508,True,False,f4ddb12ec7c7b045,False,,True
82db74aa21080c4dafee841d8035e91fe5f173ed948769f6e0a97288b40b4cf0,GRE-math-subject-test-68-solutions.pdf,0.99,mathematics,low,5,GRE-math-subject-test-68-solutions,,,,False,,,,mathematics,low,keyword_text,6837,True,False,9c5421d6e101ef8c,False,,True
3a44b6ad062479eb9f7093b590d46b89a9283c1315f6d26c44020c8898e0ada7,GRE2.pdf,0.93,unclassified,unclassified,5,GRE2,,,,False,,,,,,,5776,True,False,f3649fe2e0688fba,False,,True
25236987742e3ba5bc24a676022e82093f90fcacb303152b8cdbd8a6f71b2344,GRE3.pdf,0.75,unclassified,unclassified,5,GRE3,,,,False,,,,,,,5844,True,False,fadea06f992e782a,False,,True
ceb883ebc087a09f486cdd21902b4c528146c3fb092f2a647639b468f2a6d3d0,GarageGymWarrior.docx.pdf.pdf,0.11,unclassified,unclassified,5,GarageGymWarrior.docx.pdf,,,,False,,,,,,,5261,True,False,5ec7c95841677e21,False,,True
1edf8aedd2b1179d598529188578497e5d524c4174aa969deac93b9c3cd336b0,Generating Bootsraps.pdf,0.6,unclassified,unclassified,5,Generating Bootsraps,,,,False,,,,,,,614,True,False,8694807d408f0443,False,,True
f5d130b3dd8c667409d9a4b7e8c0a8930bb1af7ecf2f7871fd038a0a0c48b6e0,Generating random numbers using the np.random module _ Python.pdf,0.99,unclassified,unclassified,5,ch3_slides.key,,,,False,,,,,,,341,True,False,7fc8fc5d34a0f68e,False,,True
fd35a11340bfd90f7ee3767e7b0f2793f4ce77f1c3aa71a52f27bd16bc9a1c8d,Graded Quiz_ Final Quiz _ Coursera_1.pdf,0.06,unclassified,unclassified,5,Graded Quiz: Final Quiz : Coursera_1,,,,False,,,,,,,1027,True,False,72b42f2769d2d5ea,False,,True
94ae329ca1423e6d9ebbb48d3cef01d559676739ea11638d1750c7e97c735e1f,Grobli_Translation.pdf,0.12,mathematics,low,5,Grobli_Translation,,,,False,,,,mathematics,low,keyword_text,5525,True,False,5aec5164ded019a5,False,,True
93b681120973992408e02f5303105323b66cace9655c30e8bc33372160fc2fb9,HW2a.pdf.pdf,0.35,mathematics,low,5,HW2a.pdf,,,,False,,,,mathematics,low,keyword_text,1310,True,False,2f720e1f73d98f34,False,,True
2ece6d60e8c060143bcb16145df0b8e4193c49ed06eab922f22e4655aa518a2a,HW3.pdf,0.13,mathematics,medium,5,HW3,,,,False,,,,mathematics,medium,keyword_text,1891,True,False,58c9b4a2bd1cfd30,False,,True
661527955f327f52375f302bfdc8b4489908f9124f435dcb2090d6bb1f4be66e,HW3_solutions.pdf,0.16,unclassified,unclassified,5,HW3_solutions,,,,False,,,,,,,7209,True,False,f72e94916357c237,False,,True
6d87f81b19ab92abab24b2bf4f24f061c4f53dda0d4a8b66ab303412730c2381,HW4 2.pdf,0.92,unclassified,unclassified,5,HW4 2,,,,False,,,,,,,2021,True,False,f2d6befa09b08561,False,,True
5a95cda4fc8a8216a617aa89217ade152307ca75a93a72a24503bcac0cf1039b,HW4_Pocci_ME_GY_6003.pdf,0.25,unclassified,unclassified,5,HW4_Pocci_ME_GY_6003,,,,False,,,,,,,10568,True,False,a6df520cd1d382e0,False,,True
02f0f5e9b24582a349cbd63aab74acb366b3377710b099b8843f54eee6417bd9,HW4_Solutions.pdf,0.15,analysis,medium,5,HW4_Solutions,,,,False,,,,analysis,medium,keyword_text,5461,True,False,4d6c66477cfca3d9,False,,True
3b1d5f6155857e2051c2f220003416c4464c49ef32a1ff055af06ffe61274866,HW5.pdf,0.63,unclassified,unclassified,5,HW5,,,,False,,,,,,,377,True,False,90894801fd6cbd69,False,,True
2fab7e68b512205e5b30fa67c708ee56960383801bae116e9c01d6feb7b52cce,HW5_2.pdf,0.14,mathematics,medium,5,HW5_2,,,,False,,,,mathematics,medium,keyword_text,3502,True,False,140166d123e8fe42,False,,True
5ee971ec870e3cd2f6996a06f705a295d9c931b18d93ad753b638c8147dab503,HW5_Solutions - Grading.pdf,0.25,mathematics,medium,5,HW5_Solutions - Grading,,,,False,,,,mathematics,medium,keyword_text,8714,True,False,d5fc43cefeed221b,False,,True
12a0135d8a2e1d72de2e2501ea09fc9128f133aee0f824d693897ac002a46f0b,HW5_Solutions.pdf,0.24,mathematics,low,5,HW5_Solutions,,,,False,,,,mathematics,low,keyword_text,7193,True,False,df7383d32b1f8e3d,False,,True
5f5bec2403aaf25d3972f22d9e82b6050a4e5cc95f59c9729574b02e0e663769,HW7-solutions-1.pdf,0.08,unclassified,unclassified,5,HW7-solutions-1,,,,False,,,,,,,6226,True,False,02566285ee5b1e86,False,,True
795390576d2f9735f6d892d98598af1e740a894444ce6b75764f5402e6f84ef6,HW7.pdf,0.49,unclassified,unclassified,5,HW7,,,,False,,,,,,,476,True,False,4f0d116b8c0d5546,False,,True
06b462d6aed0fad719e3e2899fbf2307681f23744d289020646cf149cfc8b3a4,HenriquesLab_bioRxiv_Brandon_Tatyana (1).pdf,0.25,unclassified,unclassified,5,HenriquesLab_bioRxiv_Brandon_Tatyana (1),,,,False,,,,,,,31040,True,False,dff9f5657a23044d,False,,True
e31e1bc3981cf3e7ab15e401358a29367ed7dd25e151eb6a08dee56e420a02a2,High_order_normal_form_construction_near_the_elliptic_orbit_of_the_Sitnikov_problem 2.pdf,0.49,dynamical_systems,low,5,High_order_normal_form_construction_near_the_elliptic_orbit_of_the_Sitnikov_problem 2,,,,False,,,,,,,12635,True,False,a684e46f2fbd97bb,False,,True
a282b84486d8bd5e8c1fa2ec82df612c120f0910ce174a1276c6551fca2874aa,Homework Solutions Fall 2017docx.pdf,1.4,unclassified,unclassified,5,Homework Solutions Fall 2017docx,,,,False,,,,,,,6530,True,False,5a59d17614fa5e34,False,,True
68205a4f2b99ebf74c8be0df0d823efc0ce5d63214d73457ad721ee640716486,Homoclinic.pdf,0.78,unclassified,unclassified,5,Homoclinic,,,,False,,,,,,,6960,True,False,63147e6cbb66e12b,False,,True
b3cfe05cf9b9236a7ee3411fb3871f4797b979e680e29d9bcfbdb6b1b4b2dae4,HospitalizationsAll60.pdf,0.71,unclassified,unclassified,5,HospitalizationsAll60,,,,False,,,,,,,295,True,False,9f2799a17722d068,False,,True
16e8102444452f5f17414f66b2373310a95014dd9f1420b17c8f339543160f98,How chaotic is chaos How some AI for Science - SciML papers are overstating acc.pdf,0.47,dynamical_systems,low,5,How chaotic is chaos How some AI for Science - SciML papers are overstating acc,,,,False,,,,mathematics,low,keyword_text,13071,True,False,667c1e57cbe1c9a2,False,,True
0139ad412a4212c512733e046a434f34f6affeea7aa7cad34ffc749c02f17e8a,Hu_Final.pdf,0.33,unclassified,unclassified,5,Hu_Final,,,,False,,,,,,,7277,True,False,16d4df5ec85bd9fe,False,,True
3c136f9016dad46106f39769129779f7d5ef3e7fe53ee78c5efdfd0068c449d5,ICUAll 2.pdf,0.78,unclassified,unclassified,5,ICUAll 2,,,,False,,,,,,,154,True,False,60bda9c530877c26,False,,True
bc76122c8a499837b6bf352d5f85f2ca50faf61ed314606fc14f0b1b34c20803,ICUAll60.pdf,0.84,unclassified,unclassified,5,ICUAll60,,,,False,,,,,,,318,True,False,29dfdd10a3360bb4,False,,True
21ce02873296fcd82cbc196107fa2f3b2e8d99311798cdf2dc7fdcd8cf328a3b,ID Cards _ UnitedHealthcare.pdf,0.16,unclassified,unclassified,5,ID Cards : UnitedHealthcare,,,,False,,,,,,,669,True,False,d948c2f13559c4cb,False,,True
4f3211677f0600970836587de5175da509766e420f5e7a2e3f454687b0e1ae10,IJBC_2010_P3345.pdf,0.13,dynamical_systems,medium,5,IJBC_2010_P3345,,,,False,,,,dynamical_systems,medium,keyword_text,16052,True,False,c8fb5190d2d243e4,False,,True
587f49c34bc6f377cbc8f7edae66d22b904981ce43646ba918c5f529f14e9b21,ILA-201-U_DSM_Intro_F2025_v1.pdf,0.19,unclassified,unclassified,5,ILA-201-U_DSM_Intro_F2025_v1,,,,False,,,,,,,6820,True,False,b2645c1f177aa204,False,,True
4083054bbe9d0a5c7fd54fa24602847a5e8bad6e003c56cb434216c73833f83e,ILA-201-U_DSM_SecD_F2025_v1.pdf,0.46,unclassified,unclassified,5,ILA-201-U_DSM_SecD_F2025_v1,,,,False,,,,,,,4591,True,False,18395eebe4b3d8b3,False,,True
0120c8f3cf0bada1fa316833cf9db8bc45efba4cc9cd01522906616d2c76c386,ILA_s1-06_ModelGovChecklist.pdf,0.2,mathematics,low,5,ILA_s1-06_ModelGovChecklist,,,,False,,,,,,,8825,True,False,d206679173c4e4e6,False,,True
e66ae4ce08e56513dcbdf0e18289c5d1bb6b9fc723b4c911649e6ca2fce0463d,ILA_s2-06_Volatility_Control_Index.pdf,0.45,unclassified,unclassified,5,ILA_s2-06_Volatility_Control_Index,,,,False,,,,,,,5944,True,False,465bd9d090899a3d,False,,True
55e1a88942d028796bfd866cf5fc6f12b09f0cdbe932b8f336ec4526a5237917,ILA_s3-03_ Improvements_Intro_IFRS17.pdf,0.14,unclassified,unclassified,5,ILA_s3-03: Improvements_Intro_IFRS17,,,,False,,,,,,,3790,True,False,482e1693dc93027e,False,,True
c80566717a40147ae5c9a9147cf6f4520efa214b2e1727512bf785d58aa6d7e9,ILA_s3-10_SolvencyII.pdf,0.31,unclassified,unclassified,5,ILA_s3-10_SolvencyII,,,,False,,,,,,,20156,True,False,c5cd5b052a2e6f85,False,,True
fc5f8eb1f9ea8c5364712f3a2ef2cdf288c87c2a6b29b1113ee4f2777dc1d044,ILA_s3-15_Audit_Committee.pdf,0.38,unclassified,unclassified,5,ILA_s3-15_Audit_Committee,,,,False,,,,,,,8333,True,False,5f0c1af270156976,False,,True
bbcd6a24645e7e8599dd70ff4c9de5cad3a80defbd4652417f430861e179b174,ILA_s3-16_Finance_Committee_Fundamentals.pdf,0.05,unclassified,unclassified,5,ILA_s3-16_Finance_Committee_Fundamentals,,,,False,,,,,,,4180,True,False,02673293649e3ecf,False,,True
1e0c604dc616ea1537d4973a223cda64ea44956b59932c9f0cfbab98d38f3d4a,ILA_s4-13_LIPF_Section_11.5-11.6.pdf,0.93,unclassified,unclassified,5,ILA_s4-13_LIPF_Section_11.5-11.6,,,,False,,,,,,,15253,True,False,4b2cfa2073e10a5e,False,,True
ad9198de72d6ba3ba4a060f08df7829fddc8e0c9890fe7a1f1bf9d762914f701,ILA_s4-14_LIPF_Section_1.5.pdf,0.21,unclassified,unclassified,5,ILA_s4-14_LIPF_Section_1.5,,,,False,,,,,,,7321,True,False,5475d84ab9c612ef,False,,True
4f48f7a89c6895377ffd3be5ea883d52a75e96efa8ee50b26b087dc7583c2b35,ILA_s4-15_LIPF_Section_10.2-10.6.pdf,0.52,unclassified,unclassified,5,ILA_s4-15_LIPF_Section_10.2-10.6,,,,False,,,,,,,16875,True,False,497031ccb9580af7,False,,True
f1822c1608bf8e818e5cf8152a2966997bb79f83f3c1b2da37cde6b53745c377,ILA_s6_08_Genetic_Testing.pdf,0.2,biology_neuroscience,low,5,ILA_s6_08_Genetic_Testing,,,,False,,,,biology_neuroscience,low,keyword_text,13826,True,False,8d16954acff39446,False,,True
d7727e93e14a033df30136f76dea03637d9d3d7917ca037a7b6ea9971a8cb74d,INV000718.pdf,0.52,unclassified,unclassified,5,INV000718,,,,False,,,,,,,2483,True,False,3901b5e4e2819952,False,,True
3ad06ffd21b4fd0f6a1c7b6dfca04c1a9bae759abc48206be75c7d31c4ad63ba,In_silico_schooling (1).pdf,0.74,unclassified,unclassified,5,In_silico_schooling (1),,,,False,,,,,,,18834,True,False,4c637106d9c32de8,False,,True
a076d27e70b03abbc975f1ac293bfe78ccf424f134a0c050a83417f9ec5d4352,In_silico_schooling.pdf,0.74,unclassified,unclassified,5,In_silico_schooling,,,,False,,,,,,,18797,True,False,1ef58d3504435b24,False,,True
0100ba50d37c9679a735938682f0409abdfe7dac34a96c4c4a5ff66f0e5a980c,In_silico_schooling_explanation.pdf,0.18,probability_theory,low,5,In_silico_schooling_explanation,,,,False,,,,probability_theory,low,keyword_text,8395,True,False,21dc0efeb6778a6c,False,,True
889237ccbdcb33c2bc53d1cf4ccf5c3b1966b3fe456c183b15a0107a379845ac,Index_Theory_for_Symplectic_Paths_with_Application 1.pdf,0.38,topology_geometry,low,5,Index_Theory_for_Symplectic_Paths_with_Application 1,,,,False,,,,physics,low,keyword_text,7719,True,False,9aec58e24d0e93f7,False,,True
8910c4e34510f09a4e8fc9ae182640433fa100e1d7d4bbcab838dc5eda3ce1b1,Index_Theory_for_Symplectic_Paths_with_Application.pdf,0.38,topology_geometry,low,5,Index_Theory_for_Symplectic_Paths_with_Application,,,,False,,,,physics,low,keyword_text,7719,True,False,9440c5d5fec46653,False,,True
3f2863ec2c52825e2a632d913e6d91784f02957b6c4f08818a49284f6505f040,Index_and_Stability_of_Symmetric_Periodic_Orbits_i.pdf,0.16,dynamical_systems,medium,5,Index_and_Stability_of_Symmetric_Periodic_Orbits_i,,,,False,,,,dynamical_systems,medium,keyword_text,2014,True,False,b1e1eea914ac8517,False,,True
4e3f2c8243c2e2b2ce66d533dd6384ca9765b462c2d75ca41c2455f937a10b69,InformalMathDemo.pdf,0.26,unclassified,unclassified,5,InformalMathDemo,,,,False,,,,,,,1126,True,False,aedb6dcdef51c545,False,,True
a96b1d065a359abe8f13487c910af523cde552def27dab750b05bfc153b017f7,Information-Entropic_Stability_Bound_for_Compact_O.pdf,0.52,unclassified,unclassified,5,Information-Entropic_Stability_Bound_for_Compact_O,,,,False,,,,,,,17823,True,False,d6de95d3957d2aef,False,,True
b695bab6bf181515333c680f4a74fba62d64d1cb27b009103553aa8ea176a924,IntOps.pdf,0.26,analysis,low,5,IntOps.dvi,,,,False,,,,analysis,low,keyword_text,11636,True,False,225dd187af093a6e,False,,True
8c17a5a0c3bb5470469a56a7c8b7dc549620bcab04280b13c337f06194e21993,InterimLicense-WX202121800000790.pdf,0.15,unclassified,unclassified,5,InterimLicense-WX202121800000790,,,,False,,,,,,,954,True,False,b325d89c84a2bef7,False,,True
53cfa3abf70c7dd0553994941b5db7b392aca8d5d176a2afa660f28632b727af,Invariant_tori_in_perturbed_three_vortex_motion.pdf,0.13,dynamical_systems,low,5,Invariant_tori_in_perturbed_three_vortex_motion,,,,False,,,,physics,low,keyword_text,10425,True,False,1681e214c0d6aea9,False,,True
5a1dbaa697d07a90d4bf64d3ea58c3f1b5bad880b4812227cc46cbb8752fadcd,J153-14-Kimon-curing.pdf,0.22,unclassified,unclassified,5,J153-14-Kimon-curing,,,,False,,,,,,,26412,True,False,f44999ce879857c2,False,,True
920582b7a027b362b251f5eab3e1543ceb36a99f24ac7bd468718890d25aa8b1,JOIN IN G DATA IN S Q.pdf,1.0,unclassified,unclassified,5,JOIN IN G DATA IN S Q,,,,False,,,,,,,308,True,False,30ae19a910085759,False,,True
d8aad89a0bfa7061440c4064c52316f5ae9941862add6b7964b6f9635cddc3ce,JUPYTER.pdf,0.77,data_science,medium,5,Jupyter_Cheat_Sheet_Basics.indd,,,,False,,,,data_science,medium,keyword_text,3741,True,False,a711a2eb4edb7558,False,,True
2bb135885c106d81db47024edf4935e679731e5e4a7407d09dcaeea4e910f581,Jared.pdf,0.14,physics,medium,5,Jared,,,,False,,,,physics,medium,keyword_text,4429,True,False,4bfe644ad354d894,False,,True
d791c472413ee4c1cac459298e7f9a753cd04ceeb27ae1f406e558fe14ef820a,"Job_Description_JREQ195790_Lead Applied Scientist, NLP_GenAI.pdf",0.09,unclassified,unclassified,5,"Job_Description_JREQ195790_Lead Applied Scientist, NLP_GenAI",,,,False,,,,,,,6394,True,False,2e80e564cbf0d637,False,,True
2c5d523fd23ff51992eb270494c46dc340531d45ea352b06c00002a4140ecb18,Keras.pdf,0.13,data_science,medium,5,Keras,,,,False,,,,data_science,medium,keyword_text,6963,True,False,8e8d4980b090f8bd,False,,True
117332525c8edcda21c12c0e0e889c0667dae97dd58e4cffb76e97851abb3545,Kholostova-Safonov2017_Article_AStudyOfTheMotionsOfAnAutonomo.pdf,0.54,dynamical_systems,low,5,C:\work\RCD\N7\FINAL\RCD_07_17.dvi,,,,False,,,,dynamical_systems,low,keyword_text,14039,True,False,d48cae5ed47203a3,False,,True
bfe968b61e48492b135fc88c579e70f719faeab6e844da8307acfb5faf9637b3,Kudryavtseva2015_Article_MultipliersOfPeriodicHillSolut.pdf,0.58,unclassified,unclassified,5,Kudryavtseva2015_Article_MultipliersOfPeriodicHillSolut,,,,False,,,,,,,47894,True,False,40f01e1d667e6cea,False,,True
da4ddf7589e939b13f0cbf1006fe89645c1ff8f2c97b5f63b205416f23cdcc67,LEAP.pdf,0.14,mathematics,low,5,LEAP,,,,False,,,,mathematics,low,keyword_text,3793,True,False,9c22b66a30ee3be9,False,,True
4b775cf7b43cf6d2c1ffc25da74f3e195426fb3fd23b27741989ab697e496ce6,LEAP_APPENDIX.pdf,0.09,unclassified,unclassified,5,LEAP_APPENDIX,,,,False,,,,,,,1235,True,False,35cc6d895391b4f6,False,,True
6bd81d342c232fb6632effaf0000855243de83af9d6d31e0e519f6f0de19dd3a,LEAP_LIE_FLOQUET.pdf,0.11,unclassified,unclassified,5,LEAP_LIE_FLOQUET,,,,False,,,,,,,3501,True,False,d1371b308b6a1855,False,,True
ea7209e9ef8ff6002be03b1ac42517729b50b4ba7d9a3068d437024a67609844,LPM_SecA_FC_F2024_FrontBack_v2.pdf,0.38,unclassified,unclassified,5,LPM_SecA_FC_F2024_FrontBack_v2,,,,False,,,,,,,4059,True,False,5f0a7cb4565e27a5,False,,True
58a368a7eb53ec60dc81e1014fb03b565258f2862b5e04a931844e36bee272af,LWW.pdf,0.41,unclassified,unclassified,5,LWW,,,,False,,,,,,,9542,True,False,975b79a9624eade5,False,,True
1afbeaaa013000a5623c9eb5c0911e21ae66ab2d94ba23899de51113b1cd648a,Lab5Assignment.pdf,0.19,unclassified,unclassified,5,Lab5Assignment,,,,False,,,,,,,5613,True,False,f08284552b715f89,False,,True
b3077578eda6ebd6b72a5e5a3d3c5f12629acff12355634b9445edf0b98776bb,Lab7Assignment.pdf,0.09,unclassified,unclassified,5,Lab7Assignment,,,,False,,,,,,,2007,True,False,a6d875419083d2c0,False,,True
53580a797b10a0757de40a2e957e9c7c604e0ef33cb6fee07e0b4761f2a7d2b8,Lab8Assignment.pdf,0.09,unclassified,unclassified,5,Lab8Assignment,,,,False,,,,,,,3223,True,False,38051a98ef99b925,False,,True
278ad11b1933b49c5f22bd0a30cadb946551f29d0612db1fbe078ce9733454b7,Leader_Follower_Consensus_over_Activity_Driven_Networks_REV (1).pdf,0.92,unclassified,unclassified,5,Leader_Follower_Consensus_over_Activity_Driven_Networks_REV (1),,,,False,,,,,,,15768,True,False,e74131d8421607e7,False,,True
7dd0263ca0e4d447fc5ea10a10205c00c6d1d3f0723da9ad67a4e16526119a2d,LeapActionAngle.pdf,0.11,unclassified,unclassified,5,LeapActionAngle,,,,False,,,,,,,1425,True,False,3f085faee0f99c42,False,,True
7c6c6cfb874026a56fcf06cc4de85192a02244ff12368e27ec89272ce7ea0978,LeapFrogDimerReduction.pdf,0.08,physics,low,5,LeapFrogDimerReduction,,,,False,,,,physics,low,keyword_text,1444,True,False,8d92aee4ec16e627,False,,True
1f8cb3958ef7d586ce1d1856a53750eea8deed2f0a3987cdcce58c50a48d2941,LeapFroggingCoordinates.pdf,0.1,unclassified,unclassified,5,LeapFroggingCoordinates,,,,False,,,,,,,1643,True,False,e0ea54d87e2868b9,False,,True
35bec7598bbe2037d95223300fb748f10cfb5489658acd61d1747e8be9f0f8ca,LeapQuestions.pdf,0.1,unclassified,unclassified,5,LeapQuestions,,,,False,,,,,,,1738,True,False,61713ef799016c76,False,,True
4e65b349d3233961a0dba34d2e1ecb46b9bbdf083aa9b7130807ec88c838bbeb,Leap_Pertubation.pdf,0.1,physics,medium,5,Leap_Pertubation,,,,False,,,,physics,medium,keyword_text,3062,True,False,2dfe3e1b7d958b97,False,,True
01dd9bb57d50e4d4926a77f2c6b94e299ddb2c6f47356760e5393a8ebbc76756,Lecture10.pdf,1.21,unclassified,unclassified,5,Lecture10,,,,False,,,,,,,4651,True,False,a962a2acf22c9cd6,False,,True
9defac6f4e8a726210ee549014a7c03f82a5a4d5bdf54bbc1c663334c2849fa5,Lecture11.pdf,0.75,unclassified,unclassified,5,Lecture11,,,,False,,,,,,,3206,True,False,bb5222b919f7ea51,False,,True
b1f4dbbafdea3cd492e9e1ae96e33b605a56ed48d5a733ea326663f6b85deadc,Lecture12.pdf,0.75,unclassified,unclassified,5,Lecture12,,,,False,,,,,,,3539,True,False,0a6d3d66ff020e26,False,,True
ebe2f7f2ee0b938d221f8453ee89eff819f8c7b374cc3575190077649e59fa68,Lecture19.pdf,0.83,unclassified,unclassified,5,Lecture19,,,,False,,,,,,,1696,True,False,416a39accaab75e6,False,,True
736161ab2d1017deed92074ccf95d613632ad48c7d9f55a72eeb37f3a9806867,Lecture20.pdf,0.91,unclassified,unclassified,5,Lecture20,,,,False,,,,,,,2792,True,False,845d8b140d5974e1,False,,True
644a152b8168cac855d0a0458ab575362a7ed62d3e2eb9b96e3f6623c3122ca8,Lecture21.pdf,0.85,unclassified,unclassified,5,Lecture21,,,,False,,,,,,,2400,True,False,a6868a81c7c9bdd5,False,,True
f7bb8fad7748cef25cb6bd2f16481b14dbe650acf885f9cda4fead0a58770cd1,Lecture22.pdf,0.57,unclassified,unclassified,5,Lecture22,,,,False,,,,,,,1225,True,False,10814b73d5384290,False,,True
b3b49ee868ef7490507c2a666e7e62aad4c2e84925e44a8880cdeccf6c839c90,Lecture23.pdf,0.76,unclassified,unclassified,5,Lecture23,,,,False,,,,,,,1403,True,False,0c738c1f76394695,False,,True
2cb50bc4c9ee76ba9665f45d4593f46263078aae0467a727a608ba2542e1a38f,Lecture24.pdf,0.91,unclassified,unclassified,5,Lecture24,,,,False,,,,,,,537,True,False,592262ba36365d73,False,,True
149cb4533314059ead5da68017ce45f358cc82ad576295ceb013419cbd18f014,Lecture25.pdf,1.25,unclassified,unclassified,5,Lecture25,,,,False,,,,,,,3372,True,False,978b15b0e4c768ce,False,,True
775c745f2a760fb3bf4caa08c7a15493d045399aa840b916080460a9d475f2e0,Lettmath.pdf,0.1,dynamical_systems,low,5,A Note on the Integrability of Hamiltonian Systems,,,,False,,,,physics,low,keyword_text,10156,True,False,d97b11878e6e8859,False,,True
c77a62d34b3ad4ddd50e4c18bef0f200b56368220b75696ba623dd28ea49b29c,Level 9 Homework.pdf,0.47,fitness,low,5,Level 9 Homework,,,,False,,,,,,,15308,True,False,e915d85979f82377,False,,True
0cbaa0caae53dfee413b8f0c0da89e9f06e73fd545c892b4c1b9ada70e2cfcd8,Li2016_Article_ComparativeEffectsOfAvoidanceA.pdf,0.36,unclassified,unclassified,5,Li2016_Article_ComparativeEffectsOfAvoidanceA,,,,False,,,,,,,18481,True,False,b783035a980be528,False,,True
ebec67c67910a917077deedb2d17dfe3d095696538c705bf5ffe9e2db9823af8,LiePerturbCary.pdf,0.18,dynamical_systems,medium,5,LiePerturbCary,,,,False,,,,dynamical_systems,medium,keyword_text,14638,True,False,112877b29f6a40d9,False,,True
fe72b9ab80323f90215647a49f2107bbb953d9eb57001ce2d051f12cc2c2fb4a,LinearAlgebraConditioning.pdf,0.12,algebra,low,5,LinearAlgebraConditioning,,,,False,,,,,,,2332,True,False,4bcea7284ada1c1f,False,,True
5f80a9cff9306a962134d40fddab40642d210bee47cb9b82a3dbe1b0ed4ed5a9,LinearAlgebraNorms.pdf,0.13,algebra,low,5,LinearAlgebraNorms,,,,False,,,,,,,2843,True,False,f2b84f32fe71ea2f,False,,True
e3bc9d8c44a233c0620300b4952bdebe715d361656dd2ef9d495f79125d58a23,LinearAlgebraSVD.pdf,0.1,algebra,low,5,LinearAlgebraSVD,,,,False,,,,,,,4358,True,False,5f76a8ee93a59dcb,False,,True
f43481f79c8453cf3076a166dd7917df3ddd85811ad3e6cf22c17b0cd0e6eba7,Linear_Stability_of_Elliptic_Lagrangian_Solutions_.pdf,0.55,physics,low,5,Linear_Stability_of_Elliptic_Lagrangian_Solutions,,,,False,,,,physics,low,keyword_text,14129,True,False,be0afa5f079d1872,False,,True
b33bac9c295e778e2f9d3ab961f8a6bbd0d0a8c91ab7525455df887e0c545e8f,M340F17Lab 1.pdf,0.07,unclassified,unclassified,5,M340F17Lab 1,,,,False,,,,,,,6056,True,False,3858187d5e67df35,False,,True
4bf22959c3f2b834a39bf604005d9794748937eb507adcb4ec56bffd663f9f68,M614Spring2016HW4.pdf,0.09,mathematics,low,5,M614Spring2016HW4,,,,False,,,,mathematics,low,keyword_text,1279,True,False,9133f14e24013bb0,False,,True
175fdd0c7ee5bc0bcaac40e85ccbf559335b76d07243fc0f50e54f117ef564e0,M707LectureNotes_3_MIresonances.pdf,0.89,unclassified,unclassified,5,M707LectureNotes.jnt,Administrator,,,False,,,,,,,142,True,False,8512519e3f5ddb24,False,fuzzy_dup_434,True
32f09d2aa716d5a318eb45ac1cf5dcd37e1a88619cf23bb6168f80507a94ca9f,M707LectureNotes_7c_scatteringDataEvolution.pdf,0.48,biology_neuroscience,low,5,M707LectureNotes_7c_scatteringDataEvolution,rmoore,,,False,,,,,,,92,False,False,06d91c2811e81a94,False,,True
346ea4a91f89e6654ac818de3a8e88269608e7613db0d4d443f548ae422cd588,MATH340_S19_Lab3.pdf,0.11,unclassified,unclassified,5,MATH340_S19_Lab3,,,,False,,,,,,,7069,True,False,c1c601b95ca20ddb,False,,True
b60a0d54425aab0909f0e23b26ceefd15c3d5e07f5683df2d23bf641d010ac90,MATH340_S19_Lab4.pdf,0.11,unclassified,unclassified,5,MATH340_S19_Lab4,,,,False,,,,,,,7691,True,False,fadc58d8b4c824b4,False,,True
bdfe1e4f9a3c03cd7620e6b2248c9e890ec961d6e532a9b65ecc9191937d48df,MATH340_S19_Lab5.pdf,0.12,unclassified,unclassified,5,MATH340_S19_Lab5,,,,False,,,,,,,7374,True,False,590c0e9e963206c4,False,,True
d0e1d912f7c9c14034dfe94c2e47f9548d63144ad059714a5f77b473ceb1a344,MATH340_S19_Lab6.pdf,0.39,unclassified,unclassified,5,MATH340_S19_Lab6,,,,False,,,,,,,3781,True,False,e65a716c1a16ccd5,False,,True
d269df3ff429d4b370e4f90c96f3affe374f7265738dbde429915b9bfc226068,MATH340_S19_Lab7.pdf,0.12,unclassified,unclassified,5,MATH340_S19_Lab7,,,,False,,,,,,,4229,True,False,2e6f9d1e65e056b1,False,,True
2362b0e92f60fbae7c816ff85ba93f069785ed9ab78405f6f6a32763ea8f1d7a,MATH_675_final.pdf,0.11,unclassified,unclassified,5,MATH_675_final,,,,False,,,,,,,3240,True,False,4b8452c571f9b0ef,False,,True
12fc7537abfc68c14b3fa4b5fc8b06298443c788069d190869819f9493df8986,MATH_675_final_2.pdf,0.13,unclassified,unclassified,5,MATH_675_final_2,,,,False,,,,,,,4877,True,False,31070a7981381605,False,,True
ad3f100610a8f17f9856a01fbf4ed499548f23697fd82ec4ff07219bcc4d9244,MATH_GREProb.pdf,0.56,unclassified,unclassified,5,MATH_GREProb,,,,False,,,,,,,4457,True,False,96c4b32f7b3c18aa,False,,True
19c4681e1114a60b05f5b37e86fdb4409bbfd89285eeb39b879f05187be201c2,MATH_GRESol.pdf,0.2,mathematics,medium,5,MATH_GRESol,,,,False,,,,mathematics,medium,keyword_text,9960,True,False,4534100a23380a71,False,,True
83e5c784cf6cc3debc3694444c19d52b00067d4ee906ea772ffea44d7e369bc3,Python_cheat_sheet_matplotlib.pdf,0.22,data_science,high,5,Python_cheat_sheet_matplotlib,,,,False,,,,data_science,high,keyword_text,6319,True,False,768715e4bd6882fb,False,hash_dup_287,True
26efc2490dc285928121e8a868fcbd98bf8dffbef6365461cf037e84391565f0,ME-GY 6003 Final Exam Haocheng Zhai.pdf,4.01,unclassified,unclassified,5,ME-GY 6003 Final Exam Haocheng Zhai,,,,False,,,,,,,3959,True,False,3df40a7190b6a4f1,False,,True
fa53e641bef04016514f79f54bcb6bd2845f391615d96456ba47a9fdbf8a9e34,MLOps Fundamentals - Module 1 - Why and when we need MLOps .pdf,0.95,ml_engineering,low,5,MLOps Fundamentals - Module 1 - Why and when we need MLOps,,,,False,,,,,,,323,True,False,679687e67e29bd47,False,,True
f3f4e61368ed82a75db4578e9d8395b51120024889192e1f524e6066bf037f26,MVTTaylorSeries.pdf,0.1,mathematics,low,5,MVTTaylorSeries,,,,False,,,,mathematics,low,keyword_text,7084,True,False,221f7fe767374a3b,False,,True
5607c5e98bc704113a22f73e4eede47d6f608ed7e0344a03deaae9f8c0235738,Mansur_Abdalla_M_201211_PhD.pdf,0.62,unclassified,unclassified,5,Mansur_Abdalla_M_201211_PhD,,,,False,,,,,,,2861,True,False,8cb872ba6f98ebd8,False,,True
041366e1245ebdcb63ae093a92e40aeab8c2061a37d1d50d1f48afdecf72ae08,Maslov.pdf,0.41,physics,low,5,Maslov,,,,False,,,,physics,low,keyword_text,13185,True,False,4624778979101dc4,False,,True
7aa3fa07c691689ad86bfae4fa249cb645475fbe3176d302254ada0277822f28,Math112SP16.pdf,0.06,unclassified,unclassified,5,Math112SP16,,,,False,,,,,,,11214,True,False,3fec7f6b6a165e38,False,,True
993bf547017b554d52b21ecd3049ac624dfaab727886d431cf217ba7418c4d1d,Math614Spring2016HW2.pdf,0.09,unclassified,unclassified,5,Math614Spring2016HW2,,,,False,,,,,,,1407,True,False,b65aa4efbe1902ca,False,,True
9cd0cbf32896f8b23b9560625354132ea6910101c41b92260620c47e1e3d7a4e,Math614Spring2016HW5.pdf,0.1,numerical_methods,low,5,Math614Spring2016HW5,,,,False,,,,numerical_methods,low,keyword_text,2164,True,False,20a5bcae0c7e575b,False,,True
f2279d7f396cbc3084abe451c9693081a50b221687c1645fc619a7cc8d543592,Math675.pdf,0.11,mathematics,medium,5,Math675,,,,False,,,,mathematics,medium,keyword_text,4861,True,False,95b0a18849445d67,False,,True
252bedcdb64af378c81abedf3292270d5b0af033de92cb36160a152589dd7742,Math_112-F16.pdf,0.06,unclassified,unclassified,5,Math_112-F16,,,,False,,,,,,,10164,True,False,fd911cff13d97aed,False,,True
b621e7ef9a3ce71091e74d22e10e64387adae1da26467085fee081664d076169,Math_112-SP20.pdf,0.06,unclassified,unclassified,5,Math_112-SP20,,,,False,,,,,,,10829,True,False,742104e224eb9637,False,,True
5fea38d3ba31f09ba935411ee836204b9f37f9490e5389000956c812bd5ce7d5,Math_645-F15.pdf,0.06,unclassified,unclassified,5,Math_645-F15,,,,False,,,,,,,5937,True,False,b601ac08633cebf0,False,,True
8657ef5d01a0c5870c1d9205e396792daa216fb370c2901e38e98e419a44731a,Matheiu_Leap_Frog.pdf,0.12,unclassified,unclassified,5,Matheiu_Leap_Frog,,,,False,,,,,,,5130,True,False,bcb11fd5999ebce6,False,,True
4883f985a1b26b45eaff82b85f6d90a18a0eb3621d4aa52996d64931085eddf0,Mazda Mazda3 Hatchback New Car Inventory Price Request Form has been submitted.pdf,0.16,unclassified,unclassified,5,Mazda Mazda3 Hatchback New Car Inventory Price Request Form has been submitted,,,,False,,,,,,,2514,True,False,b1ae13cc07b7a78b,False,,True
c99ec6f29548eebfb577fb867ec9d81bcecd55b4e4513912f930aa07a96c8ef5,Methodsfinalcompressed.pdf,0.99,unclassified,unclassified,5,Methodsfinalcompressed,,,,False,,,,,,,726,True,False,6792ad1adec129a3,False,,True
69fee2e898ff2cb36e25a84bb6662e8ed3c8ae8e4841b4a7b14af2a195804ad4,Midterm - Requires Respondus LockDown Browser + Webcam.pdf,0.14,unclassified,unclassified,5,Midterm - Requires Respondus LockDown Browser + Webcam,,,,False,,,,,,,2988,True,False,ab61c4b47a1aa7c1,False,,True
2a0b07fc2b85ccfc7c0b238d78144d82ee8f3617faea749c33364f444ef38a31,Midterm 3.pdf,0.07,mathematics,low,5,Midterm 3,,,,False,,,,mathematics,low,keyword_text,2992,True,False,c3d5bcb22533a443,False,,True
257b22b22b60053c5f5c33d58320edf8b3ae993f30a05da4a23a11511d77c8b8,Midterm.pdf,0.15,unclassified,unclassified,5,Midterm,,,,False,,,,,,,5362,True,False,0aa42d9df222dc9a,False,,True
4237966d9e9c467cbbf1b9a2887118610255f8f30e7df771674e596447293cb2,Midterm1 2.pdf,0.14,unclassified,unclassified,5,Midterm1 2,,,,False,,,,,,,2622,True,False,0ff2c812e8b9cde6,False,,True
47df75a008a513661c24672d154e76deb124fcc038006f5e42a68c6b208a9b03,Midterm1_solutions 2.pdf,0.15,unclassified,unclassified,5,Midterm1_solutions 2,,,,False,,,,,,,6758,True,False,0d7a76321d21b09a,False,,True
25c5dbe172ca899683a2bb4a60a4033d9d60f14903ca6b5495397633603d68f0,Midterm2 - with formulas.pdf,0.26,unclassified,unclassified,5,Midterm2 - with formulas,,,,False,,,,,,,3066,True,False,4908d1a8d38538ac,False,,True
6789a09d79db79bc20b7ede769783adffad2b53fe277fe9b63b2c3f0b9e1970b,MillerLecture02.pdf,0.08,unclassified,unclassified,5,MillerLecture02,,,,False,,,,,,,9485,True,False,488b60fbc1d03a70,False,,True
25db8b9891148193129a48b977d40b45ed2a0d4a9ae71793773468c6a999cb37,Model 1:N relationships.pdf,0.46,mathematics,low,5,Model 1:N relationships,,,,False,,,,,,,2634,True,False,4048ea795fe486b8,False,,True
b39fe757c4dd5f4d7334fdf3a88b8e14af160e712b95eb1baf089c51cda1ba9b,My_Pay_History.pdf,0.08,unclassified,unclassified,5,My_Pay_History,,,,False,,,,,,,1829,True,False,241a409f4a265272,False,,True
6af574e3fb2843f2f82bb83eab4237caa983ef095f4a53216f4edf61267041c7,NJITAnalysisFinal.pdf,0.16,unclassified,unclassified,5,NJITAnalysisFinal,,,,False,,,,,,,5361,True,False,00d48799ac02c29c,False,,True
169a49ce2ea1ab8cb261b5e88f9f1a83e14426d8ac15e8cf3c62fb71146ba3e3,NRT Preproposal_Dec15_BB.pdf,0.17,unclassified,unclassified,5,NRT Preproposal_Dec15_BB,,,,False,,,,,,,28579,True,False,88ab55fd8ebfc774,False,,True
f9f91cbec506e8b1114002efe851158617ff8fe071ffed0b5cf7196b8bc58c49,Nakahara_HW_Littlejohn.pdf,0.51,unclassified,unclassified,5,Nakahara_HW_Littlejohn,,,,False,,,,,,,12104,True,False,0c3eb226de0528fc,False,,True
2ae464c797487b16a086c47ea4600817f0404798675f09b2027b912d1b291dbf,Nature-summary-paragraph.pdf,0.28,unclassified,unclassified,5,Nature-summary-paragraph,,,,False,,,,,,,3130,True,False,0caf392b3fe1ea01,False,,True
e9faed3e8bea606515b969199d9a15c269e9179f511463fe3232d07c47a541d8,NonInstabNegKrein.pdf,0.75,unclassified,unclassified,5,NonInstabNegKrein,,,,False,,,,,,,19978,True,False,345d3e3cba526e98,False,,True
33489e5d818d220ffe2224807030322aa2422da34b4f8894ee34d48de9002288,NormalFormsJNS.pdf,0.14,dynamical_systems,low,5,NormalFormsJNS,,,,False,,,,dynamical_systems,low,keyword_text,8923,True,False,c5936dea0cf26bf6,False,,True
e1779737412996a3d5ebaa6ff58c2ba07c5df0d9470059b950fc8eca57d4b9be,Normal_Forms_and_the_Structure_of_Resonance_Sets_i.pdf,0.26,unclassified,unclassified,5,Normal_Forms_and_the_Structure_of_Resonance_Sets_i,,,,False,,,,,,,13132,True,False,ce580bc643489f8c,False,,True
67f3f8e107773b9d30dd8dd86af2ff3e0441eb28a8e4c4279781f37a5c0b1273,NotesI.pdf,0.06,unclassified,unclassified,5,NotesI,,,,False,,,,,,,10064,True,False,07c15b9a681d2995,False,,True
b27d47acf9cff4fc7bb03610336ad4b425e087d8d5534ba9628aaf793a9e26c5,NotesIII.pdf,0.06,mathematics,medium,5,NotesIII,,,,False,,,,mathematics,medium,keyword_text,4517,True,False,537c51b961efb8f0,False,,True
dae2107fd3f9fc3905484052f1570d8a1971aa8dc2d1f404636fced0a21cf270,Numerical_Methods_HW3.pdf,0.12,unclassified,unclassified,5,Numerical_Methods_HW3,,,,False,,,,,,,4437,True,False,55658513f9979cd5,False,,True
64c061fce50330db67de0f7330a33f37071cbe3608d786fef586127ce6f0af05,OOP.pdf,0.37,unclassified,unclassified,5,OOP,,,,False,,,,,,,2025,True,False,d248c244363d9172,False,,True
465adaa8c1e90ded966285120f1773c13a9e6162303b141ecb69806a4c9bfa96,ORAL_GUIDE.pdf,0.15,dynamical_systems,medium,5,ORAL_GUIDE,,,,False,,,,dynamical_systems,medium,keyword_text,6802,True,False,93e8e43c16c20377,False,,True
1c714a00e7809bcc8fe75d9d788bdb935858914b474db6e97afab081507c1818,OllePV98.pdf,0.21,dynamical_systems,low,5,OllePV98,,,,False,,,,dynamical_systems,low,keyword_text,7061,True,False,52c5e35e918ceed4,False,,True
286cfa384c1df1782d09c42333821a028fc8696dbf889b8840fc94271a9755af,On_bifurcation_of_eigenvalues_along_convex_symplec.pdf,1.0,dynamical_systems,low,5,On_bifurcation_of_eigenvalues_along_convex_symplec,,,,False,,,,linear_algebra,low,keyword_text,10777,True,False,07467501c565669a,False,,True
c6685d901556f378cfe68e4ca0e598fb1f55c7cb41d8d16422369192c563c225,OnlineEdCard_CB.pdf,0.12,unclassified,unclassified,5,OnlineEdCard_CB,,,,False,,,,,,,114,True,False,13ae0781098522e8,False,,True
e4151c4945e72ff84b7e097121781d434da1c33dd88ec702635501beaade49d8,OpenMyBill.pdf,0.86,unclassified,unclassified,5,OpenMyBill,,,,False,,,,,,,14731,True,False,aef18276f3cc9165,False,,True
ae51c036751919e930ed10c077d2cded2af8e5a37066ff6f0f2e8351899eb70e,OpenMyBill_Brandon_and_Tatyana_Behring.pdf,0.83,unclassified,unclassified,5,OpenMyBill_Brandon_and_Tatyana_Behring,,,,False,,,,,,,14671,True,False,601a96ded4144ae8,False,,True
a121bb855dd81568b1a0ce29ba062354abd598d2790e0448fb5c2d207f7699f3,OptimalCompletion.pdf,0.64,unclassified,unclassified,5,OptimalCompletion,,,,False,,,,,,,14376,True,False,fddadd6cb99705e2,False,,True
4c902ba8ecdb9f8a85c03cc3175b59a6bcc017fab66412eb4a42602e4d8b1209,Optimal_control_of_epidemics_with_limited_resource.pdf,0.66,unclassified,unclassified,5,Optimal_control_of_epidemics_with_limited_resource,,,,False,,,,,,,13375,True,False,68113235d4861952,False,,True
1555fae54196899c7f7aa78a0870283988f8bf557ab9a928dabf2745ba72fddc,Orders - Apple.pdf,0.11,unclassified,unclassified,5,Orders - Apple,,,,False,,,,,,,4291,True,False,701fc55a17176f71,False,,True
985d7e363c74ee814a3bed8c976856c9899378ae2171e5226c825d9543e9af86,Oscillating_mushrooms_Adiabatic_theory_for_a_non-e.pdf,0.71,unclassified,unclassified,5,Oscillating_mushrooms_Adiabatic_theory_for_a_non-e,,,,False,,,,,,,12811,True,False,c4e793a0eef18e8c,False,,True
399152707fe736d7e83ecbb967e8a0eefb1c45c660daf622038a937eb279346d,Outputting a sequence.pdf,0.72,unclassified,unclassified,5,Outputting a sequence,,,,False,,,,,,,1122,True,False,f1ec3e8ec7d0e505,False,,True
5f9a29d3fd959880158610f9e6c2c61a52e68e3da3ef8449eecbf7f4e6447798,Python_cheat_sheet_2_Pandas.pdf,0.54,data_science,high,5,cheatsheet2,,,,False,,,,data_science,high,keyword_text,4809,True,False,dfbe95f0f50dcee1,False,hash_dup_301,True
eeeff3bb98aa9530a95c7d59707bd9b39ce51eadec4a9f4e3687ebdb5704e1c8,PA_FS.pdf,0.71,unclassified,unclassified,5,PA_FS,,,,False,,,,,,,12707,True,False,f4cf513ce19934c7,False,,True
1bf4a8891f29170b0c700495ad9c087374bc062ae8d88ea7f94738f9077395f1,PC3vortices-numREF.pdf,0.73,dynamical_systems,low,5,PC3vortices-numREF,,,,False,,,,,,,24335,True,False,5dbe13c84a6cbad0,False,,True
3ffb0c414086d98435a5b5bebe47b41e92a477a580b190549ebade2455e5732e,PDF document.pdf,0.1,unclassified,unclassified,5,PDF document,,,,False,,,,,,,64,True,False,ddd012a8698c6653,False,,True
2e4e334906be0a0ccc1369d5e7557a456921f11026a99c73a0fec7673301a41d,PEKjmp98.pdf,0.21,unclassified,unclassified,5,PEKjmp98,,,,False,,,,,,,17203,True,False,570344bb2a993d7a,False,,True
bdbbb875f21a98c2a047219399c2ba0ce8b716a158dabf0630fa5d4bb54d291c,PF19-1.pdf,0.64,unclassified,unclassified,5,PF19-1,,,,False,,,,,,,18797,True,False,eda81dae41e60918,False,,True
599b54afd46f0d5aca6e87ec6c1f20d306ab55728b6c8f1f8f655f668aa1de60,PRE_2006_vol73_p056206.pdf,0.33,unclassified,unclassified,5,PRE_2006_vol73_p056206,,,,False,,,,,,,23817,True,False,1e2e67f2d9590734,False,,True
63d50fb8474a8ba71de6612c1e02fe484bae2cb5643ccac4670cb96340ca157e,PRL.pdf,0.1,unclassified,unclassified,5,PRL,,,,False,,,,,,,20740,True,False,05edde91e9bb28ed,False,,True
6f4d108d69c813d55c2911d39960cb21b50aadcd007f0916d7b9914ced9acc73,PRU_-_Employee_View_Compensation_Profile.pdf,0.08,unclassified,unclassified,5,PRU - Employee_View_Compensation_Profile,,,,False,,,,,,,336,True,False,ba2e302b0743f2a0,False,,True
99eb48237b2a95d6858c4918bbf869be71d4e1f2c1cdaa938c41e3dc0a401c5b,P_FS.pdf,0.83,probability_theory,low,5,P_FS,,,,False,,,,probability_theory,low,keyword_text,4892,True,False,fe936d814bca3c22,False,,True
f6f53189d3d6cd938440ae7a2117679360723c4f6697e6bf36ed602003e1639a,Pandas_Cheat_Sheet.pdf,0.33,data_science,medium,5,Pandas_Cheat_Sheet,,,,False,,,,data_science,medium,keyword_text,8077,True,False,a15a0ccaa5bf56f4,False,,True
62be5140dfc37d9cfffcc0b6220d923409f80204e36d90125e58998d3808b0f6,ParametersGeneral 2.pdf,0.08,unclassified,unclassified,5,ParametersGeneral 2,,,,False,,,,,,,370,True,False,d7ffe0cdd79f8856,False,,True
4f2e38e74323f3633a7044c6c5ae90b41bdf60a9bf72bfdb26ef6e8cb4b7476e,ParametersTests 2.pdf,0.15,unclassified,unclassified,5,ParametersTests 2,,,,False,,,,,,,72,True,False,559cabae64d6e209,False,,True
a7ef6324e3289441965849befa7be79aaaad2c5430bc518ebca5e8955e027bf3,Payslip_to_Print_-_Report_Design_-All_Employees_Configured 09:15:202.pdf,0.07,unclassified,unclassified,5,Payslip_to_Print - Report_Design_-All_Employees_Configured 09:15:202,,,,False,,,,,,,1995,True,False,bbc1fb5bb4a74eb5,False,,True
296220d20d14e8399583be0de3df6ea72d61b8e8d38afeff2e193615af43b655,PeriodDoubling.pdf,0.69,linear_algebra,medium,5,PeriodDoubling,,,,False,,,,linear_algebra,medium,keyword_text,5072,True,False,5b4f0e3c8f2b60e0,False,,True
c28b24b0ca55cf4b38325d3303abec35f5ce8cbe128372179c55aeeba2e441aa,Periodic_Trajectories_near_Degenerate_Equilibria_i.pdf,0.21,dynamical_systems,low,5,Periodic_Trajectories_near_Degenerate_Equilibria_i,,,,False,,,,dynamical_systems,low,keyword_text,13180,True,False,97f3fa60fec3760e,False,,True
19e28e4a91627a84c477cd4dc4bf49baa972247e2a61b53be17f553f763da45a,Periodic_and_Chaotic_Orbits_of_Plane-Confined_Micr.pdf,0.84,dynamical_systems,low,5,Periodic_and_Chaotic_Orbits_of_Plane-Confined_Micr,,,,False,,,,,,,19492,True,False,744c3cc7d6949fc8,False,,True
7f60c92826c8266ded7e84fecdf2c556f0efd20560a106f7a0f38b7c7f3cbaa6,Perturbation_Analysis_of_Parametric_Resonance.pdf,0.32,dynamical_systems,low,5,Perturbation_Analysis_of_Parametric_Resonance,,,,False,,,,,,,10849,True,False,50691116f104d07a,False,,True
850345ae5f404d686f5737795a59b0347d85b1b7773ccd5a790d1143d2be64ef,PhD Advisor Designation Form Updated 11-26-19 2.pdf,0.25,unclassified,unclassified,5,PhD Committee Appointment Report,,,,False,,,,,,,1106,True,False,9deef951d1347b41,False,,True
ebbc06a87598d3651f1a534ba3a7ecf468ee707c7d6bce34613142637694b08f,PhD Dissertation Defense Report.pdf,0.54,unclassified,unclassified,5,PhD Defense Report,,,,False,,,,,,,1919,True,False,392b8e993a34b2ba,False,,True
bfdefe9da4933b2e01ca5c76ffd7890e544b88459895d0945c918330ab20da7f,PhysRevE.87.032805.pdf,0.48,unclassified,unclassified,5,PhysRevE.87.032805,,,,False,,,,,,,28679,True,False,ee22f9b6345dafca,False,,True
6b8fcaef3d09241b886517043480811d947356cf5a2bb7c4c319a01947c6353b,PhysRevE.87.062807.pdf,0.27,unclassified,unclassified,5,PhysRevE.87.062807,,,,False,,,,,,,24983,True,False,877464419e40ddcd,False,,True
760ba3b508dac12a8f5b7f2fe310954d887575a766797f0d24e81d7b5a5d6468,PhysRevE.90.042801.pdf,0.47,unclassified,unclassified,5,PhysRevE.90.042801,,,,False,,,,,,,28658,True,False,32f61ae4480f7416,False,,True
e41ef31c8bbe8cb7e975de541db175b43e38d0157b0d538200b16d4dc26734f2,PhysRevLett.120.068302 2.pdf,0.27,unclassified,unclassified,5,PhysRevLett.120.068302 2,,,,False,,,,,,,25406,True,False,090045f971b76585,False,,True
0be1674a546c4f091f11b90df4041c6fb2b652007927422f3f5fae42d9114379,PhysRevLett.121.228301.pdf,0.39,mathematics,low,5,PhysRevLett.121.228301,,,,False,,,,,,,25367,True,False,15bce6dcfba5c342,False,,True
e84fc34e495c205f295cf620506354dcc8fddf125ba315c98af4b6f16b81f56b,PhysRevLett118130201.pdf,0.12,physics,low,5,PhysRevLett118130201,,,,False,,,,physics,low,keyword_text,24821,True,False,4b5f5c18fbe10600,False,,True
72bbfc592d4feded5c56c821ba933e7eb600ad00c76e7c92df9d3cc2c2b9b8d1,PhysRevSTAB12064001.pdf,0.4,unclassified,unclassified,5,PhysRevSTAB12064001,,,,False,,,,,,,21437,True,False,52dcf866e61a8c26,False,,True
c8c2970d78f8e1b545ca8c798941e33fb710fd2f8b9b9acf677424368464ba94,PhysRevSTAB17044001.pdf,0.21,unclassified,unclassified,5,PhysRevSTAB17044001,,,,False,,,,,,,23412,True,False,1370fc5219a4ff03,False,,True
ae58f92b33f3b111900b1136856c9a9c7c5a14164efc98514afce0e3c6989d03,PhysRevSTAB9054001.pdf,0.14,unclassified,unclassified,5,PhysRevSTAB9054001,,,,False,,,,,,,21444,True,False,6aa4fbe48a91904d,False,,True
e7ec842253cf8fdf239a55bc354289e183b8d584aafc2d3c4721bd477259b12b,PhysRevX.5.021005.pdf,0.3,unclassified,unclassified,5,PhysRevX.5.021005,,,,False,,,,,,,23596,True,False,0870d88ff96e2ff2,False,,True
5132d49d81a541a13fbda38608caed09e48e6cd8bb40700bae0ac3f20238fa08,PlacesParameters 2.pdf,0.06,unclassified,unclassified,5,PlacesParameters 2,,,,False,,,,,,,1061,True,False,378675aa237c958d,False,,True
919aac88b34ed7ab4f519464605a4f567c1822dac83fad5cc104fe9f169eaaf3,Poincare_Lindstedt.pdf.pdf,0.09,dynamical_systems,low,5,Poincare_Lindstedt.pdf,,,,False,,,,,,,3591,True,False,c9b6baa29555338e,False,,True
18a871d3627300ce18c4ab289694953d27ec04cdd8b7839e89f06220981ee751,Poincare_Lindstedt_Matheiu.pdf,0.12,dynamical_systems,low,5,Poincare_Lindstedt_Matheiu,,,,False,,,,,,,5134,True,False,8fdde2d61bf1eefe,False,,True
260db89db15801b759131e8bdbf94445b340a44dfe4719d278032dd929168bf7,Porfiri_PRL.pdf,0.17,dynamical_systems,low,5,Porfiri_PRL,,,,False,,,,dynamical_systems,low,keyword_text,27484,True,False,865b4ab2c2158658,False,,True
4a3fa930709324d8bb3fb6eff3219782f781bb73cef38f6406c892928bd58bc7,Practice Quiz: Constructing Features for Prediction.pdf,2.17,unclassified,unclassified,5,Practice Quiz: Constructing Features for Prediction,,,,False,,,,,,,54,True,False,98cbd2822c72432f,False,,True
f5e4ae1cb408a981d2de76e7a7bc38fc03f645f236d94642c3e436c0bd634358,Practice Quiz: Control with Approximation.pdf,2.84,unclassified,unclassified,5,Practice Quiz: Control with Approximation,,,,False,,,,,,,127,True,False,ea1258d4f2c00dca,False,,True
cf316671f7f9e5f85ef48a990ab250461f73e0139ee92e4b07f3f7520de5c0a2,Practice Quiz: Dynamic Programming.pdf,1.61,algorithms,low,5,Practice Quiz: Dynamic Programming,,,,False,,,,,,,183,True,False,ebf957c3e736e162,False,,True
2647c4a43c3ceefc58c14dcb01c0657b774786c0c04651e33c5cc592760e7a7e,Practice Quiz: Exploration-Exploitation.pdf,1.77,unclassified,unclassified,5,Practice Quiz: Exploration-Exploitation,,,,False,,,,,,,1594,True,False,d8fbca642715de46,False,,True
af7eb19649a46ef635e602d8e57458d809f6eabc151d5258c8453a0ac6982d3a,Practice Quiz: On-policy Prediction with Approximation.pdf,2.42,unclassified,unclassified,5,Practice Quiz: On-policy Prediction with Approximation,,,,False,,,,,,,952,True,False,fe2e62fd7b1ab1b4,False,,True
f735ab6c1909d69a03db81166fc2beba8065097710e57ad5e606f72ade01a435,Practice Quiz: Value Functions and Bellman Equations.pdf,0.91,reinforcement_learning,medium,5,Practice Quiz: Value Functions and Bellman Equations,,,,False,,,,reinforcement_learning,medium,keyword_text,3380,True,False,4a1b968eabe90cb6,False,,True
355ccab59e548ed681abc690a4704e76cee09caeeee623093cf31d5813964c30,Prediction and Control with Function Approximation_Learning Objectives.pdf,0.06,reinforcement_learning,medium,5,Prediction and Control with Function Approximation_Learning Objectives,,,,False,,,,reinforcement_learning,medium,keyword_text,5681,True,False,d209b1e6fd62b5f8,False,,True
1c6016fcd8e1ebda367d780aec147ebd63d34048a53171af84cf60a752008def,Proc London Math Soc 1894 Love.pdf,0.46,unclassified,unclassified,5,Proc London Math Soc 1894 Love,,,,False,,,,,,,8939,True,False,b078dc82b30007df,False,,True
bfc02986914dae15c86be9c45cb9e8555990a7f83c1df77912317725f5262b51,"Proceedings Mathematical Physical & Engineering Sciences Volume 468 issue 2139 2012 [doi 10.1098%2Frspa.2011.0388] Casas, F.; Oteo, J. A.; Ros, J. -- Unitary transformations depending on a small param.pdf",0.26,mathematics,low,5,"Proceedings Mathematical Physical & Engineering Sciences Volume 468 issue 2139 2012 [doi 10.1098%2Frspa.2011.0388] Casas, F.; Oteo, J. A.; Ros, J. -- Unitary transformations depending on a small param",,2012,,False,,,,dynamical_systems,low,keyword_text,13732,True,False,e464615e3deb1033,False,,True
e7759b27b1c8967e522f02ea6f1cb85083303185459a0ee09168d702812ed1da,SEABORN 2.pdf,0.61,data_science,high,5,Cheat sheet Seaborn.indd,,,,False,,,,data_science,high,keyword_text,7123,True,False,61f046103abffef9,False,hash_dup_313,True
a5aaf9afbbcc78b1c45f4b1ca4c848b100587f59164e8badb97ef97d7eda6e15,Python_cheat_sheet_1.pdf,0.21,data_science,medium,5,Python_cheat_sheet_1,,,,False,,,,data_science,medium,keyword_text,3862,True,False,47e09937988b5aa0,False,,True
51b617e0fb3f3cf0e580031e881259b9f90f691e8d5717a8406e8200af9d011b,Python_cheat_sheet_Pandas_2.pdf,0.18,data_science,low,5,Python_cheat_sheet_Pandas_2,,,,False,,,,data_science,low,keyword_text,5851,True,False,05ef421960dd0537,False,,True
1a7128c12a1e88d91daae9d370b58dabdf34ff532096ebbcdfa563f286256ee7,QinPoP-12009.pdf,0.12,unclassified,unclassified,5,QinPoP-12009,,,,False,,,,,,,24577,True,False,44d477207937dd3b,False,,True
edfd09e91c26b4e98f498bacaf85f65366492d266da65b43dbcbadf2a079a4c5,Quiz: Choosing the Right Algorithm.pdf,1.52,unclassified,unclassified,5,Quiz: Choosing the Right Algorithm,,,,False,,,,,,,3135,True,False,954636ce0b411e9f,False,,True
919c0ccc4fd22501b28d41b169a07524a8b599f31103c750de6b33648497c7cc,Quiz: Graded Quiz.pdf,1.47,unclassified,unclassified,5,Quiz: Graded Quiz,,,,False,,,,,,,1926,True,False,a3dde40e503ff74f,False,,True
a8c86a714c9c8016a561f98b8a520c884014c0aa6fc60852342258a26df138ec,Quiz: Impact of Parameter Choices in RL.pdf,2.33,unclassified,unclassified,5,Quiz: Impact of Parameter Choices in RL,,,,False,,,,,,,420,True,False,bf2b8cb79051e3fc,False,,True
ac16bdb6e93f5bef835449e6f9fcff6566c2591c20a0de4dcb6edfd9d7c407e3,Quiz: Practice Quiz.pdf,1.77,unclassified,unclassified,5,Quiz: Practice Quiz,,,,False,,,,,,,1748,True,False,33ed2455c1c06ffd,False,,True
e04e37411eca219061e66e2c2b3e15b4ecb13afca61f52f837e7f64ee6f19013,Quiz: Value Functions and Bellman Equations.pdf,1.59,unclassified,unclassified,5,Quiz: Value Functions and Bellman Equations,,,,False,,,,,,,219,True,False,2fe58536bfa589bf,False,,True
0dae9175fda62847455ac528d5767358a67940ce51ae5ceced1cad630289f645,R10_pre97.pdf,0.53,dynamical_systems,medium,5,R10_pre97,,,,False,,,,dynamical_systems,medium,keyword_text,19111,True,False,7781d86f29acd9fc,False,,True
9b27698e44fde9fb59582bced85b0bb6591682f46eb6250ddfaa41cc577ae200,R18_ch99.pdf,0.15,unclassified,unclassified,5,No Job Name,,,,False,,,,,,,25713,True,False,3904db7accecc251,False,,True
758e2c288c15b48c3e8943dcbc4d1f32e36b49ed1b4177531655c630b6ae123f,RCD131.pdf,0.62,unclassified,unclassified,5,D:\work\Books\RCD\N2\Color\FINAL\RCD_02_20.dvi,,,,False,,,,,,,15126,True,False,084bf717da83d7bc,False,,True
751bc8ab5f2fe71146406fbf620549b47876489c1f4b3266ca384e56ccff5494,READ FIRST -- About-the-exam-archive-ERM_09222023.pdf,0.11,unclassified,unclassified,5,READ FIRST -- About-the-exam-archive-ERM_09222023,,,,False,,,,,,,1416,True,False,c31dc44478853d0a,False,,True
07cb9a202b353b164fe5482446d5770d73ac25ee9ed75030d890aa789d71fb36,README-ja.pdf,0.33,unclassified,unclassified,5,README-ja,,,,False,,,,,,,3538,True,False,74e7de7dc05af699,False,,True
4e7c028a8e527df7bf1d86aa449540c86b84e90c1c0cb9de3e73fcaccb026a66,REDUCTION AND CHAOTIC BEHAVIOR OF POINT VORTICES ON A PLANE AND A SPHERE.pdf,0.39,dynamical_systems,low,5,REDUCTION AND CHAOTIC BEHAVIOR OF POINT VORTICES ON A PLANE AND A SPHERE,,,,False,,,,mathematics,low,keyword_text,12639,True,False,bb9cf602e331ceb3,False,,True
031c6760de015ec6384ff973d0147777bee87827872e9968cf97c7a2aef4e015,R_Data_Table.pdf,0.67,data_science,low,5,R_Data_Table,,,,False,,,,data_science,low,keyword_text,8946,True,False,107f261a28f8c594,False,,True
6568b22a8dd74bb43d61d0fcbf0964f6da3d88e422b9d70f84d6caccf7a37c89,Reading_14_Intro_to_Financial_Reporting.pdf,0.24,unclassified,unclassified,5,Reading_14_Intro_to_Financial_Reporting,,,,False,,,,,,,10924,True,False,f38a8f213c351aad,False,,True
b7f57446747a4ddba96d0a50a6c50a8338eff7cd51f68107ecf5f909a822aac9,RealId_Card 1.pdf,0.42,unclassified,unclassified,5,RealId_Card 1,,,,False,,,,,,,345,True,False,1acadaade7473300,False,,True
4a6fd725e405c6417a99403770191bb67731156ded574dc075d8f42ae4f5f0ce,RealId_Card.pdf,0.42,unclassified,unclassified,5,RealId_Card,,,,False,,,,,,,347,True,False,2d655fbd75d81103,False,,True
c32fff7cddef40a21137b87328866d158ee13f90e1bf57e6b8925aa0e4a65f1c,RealVariables10.pdf,0.15,unclassified,unclassified,5,RealVariables10,,,,False,,,,,,,5380,True,False,6c3880b74de9cb70,False,,True
65d53632046a71515b942df48adb98bf0a85de6d90a9b77261d078104e38fbf9,RealVariables11.pdf,0.11,unclassified,unclassified,5,RealVariables11,,,,False,,,,,,,1276,True,False,a4919b2ad3b90152,False,,True
350a22af28d9739c99a65784026836590104c14bc8050b6c122787a99943286e,RealVariables2.pdf,0.13,unclassified,unclassified,5,RealVariables2,,,,False,,,,,,,4425,True,False,1dcd28bc7616ff38,False,,True
274327a512667ea63ada2f9b7fce7a657eaa3d7ffd8182d35efae0cccf29f2a6,RealVariables3.pdf,0.16,mathematics,medium,5,RealVariables3,,,,False,,,,mathematics,medium,keyword_text,4558,True,False,a2957d243c347058,False,,True
5963e9ebb65fd8300b644d66676a4ca93adc017098f842dc054b8912e368fbc5,RealVariables4.pdf,0.14,unclassified,unclassified,5,RealVariables4,,,,False,,,,,,,4858,True,False,718e86e0887d33bc,False,,True
16f31e597e47926109395b307a45b32823c1caf9632c87a9790fc983f5c681bc,RealVariables5.pdf,0.15,unclassified,unclassified,5,RealVariables5,,,,False,,,,,,,6107,True,False,8ffda33a32e5841d,False,,True
9d3259d3f72e3a023e4221e30f55e8558ed95641751596d5326135b223274811,RealVariables6.pdf,0.13,unclassified,unclassified,5,RealVariables6,,,,False,,,,,,,2836,True,False,02a2dfb6eee09553,False,,True
48cf142838e9607b41aec00c4c3b32b594025cd2b2cceb8d32b76197e77f0f08,RealVariables7.pdf,0.15,unclassified,unclassified,5,RealVariables7,,,,False,,,,,,,6304,True,False,57d4b58eaf80e10d,False,,True
56c60fbf597008c5766a9d0429c439b0387c965083f4650c0f53d832f4c58ae2,RealVariables8.pdf,0.12,mathematics,low,5,RealVariables8,,,,False,,,,mathematics,low,keyword_text,1717,True,False,2ecca865d3ba5f44,False,,True
b852eaaa3b272423f21bec44d5fb923f44b08f37fe329dc2af0b696f0cda43cb,RealVariables9.pdf,0.19,unclassified,unclassified,5,RealVariables9,,,,False,,,,,,,4851,True,False,55fe05e7569ae5bb,False,,True
c9c5b32a1f1ab6eb20c89ba428976180a61e569a4960714ac1b8af15839abe4e,Rehab_Shoulder_5.pdf,0.82,unclassified,unclassified,5,Rehab_Shoulder_5,,,,False,,,,,,,10827,True,False,d31144b553f5f9f7,False,,True
c7a30ffb9e705dcb0b26e809e7ef543bdbc3e801647a78cc29f3a3f88a5bdd13,Rehab_Spine_5.pdf,0.52,unclassified,unclassified,5,Rehab_Spine_5,,,,False,,,,,,,11206,True,False,0b58cd3e141eb67d,False,,True
26229af22f14dcba134c89f5d1807fea2edecb3aade3ef756b7ab3932b7d8648,Report_brandon_m_behri1-2.pdf,0.26,unclassified,unclassified,5,Report_brandon_m_behri1-2,,,,False,,,,,,,3722,True,False,01a6914af5437914,False,,True
1a0fbee85eab375400a032c46454876e47d3ae812ec64a793794c1c4187ac8cd,Report_brandon_m_behri1.pdf,0.15,unclassified,unclassified,5,Report_brandon_m_behri1,,,,False,,,,,,,5286,True,False,bf005354a1c568bc,False,,True
787ac353a7ebb4453369f92b68a857828bfc4e19a1e1f8305035bfb2d767c481,ResonanceMisquero.pdf,0.32,dynamical_systems,low,5,ResonanceMisquero,,,,False,,,,,,,13385,True,False,418ebf11b5db1aa8,False,,True
86cb91ae1c99fc0526f01a4b881e7733a52b5f2ab9653fb40ed27c887e60821b,Response.pdf,0.07,unclassified,unclassified,5,Response,,,,False,,,,,,,2487,True,False,ca22fac48e192f5e,False,,True
316de4cb2d0a6f74f5413d76800ecd1051fcd3d23047cbdbeb3b2ef84087584d,Review_Questions_for_Demand_and_Supply_Analysis_Co.pdf,0.09,unclassified,unclassified,5,Review_Questions_for_Demand_and_Supply_Analysis_Co,,,,False,,,,,,,10978,True,False,54f300261d2a2fae,False,,True
c4f4ba9f1c3861850583b66d8137d1dee2259a919765930fd3b218c82e0434e5,RigidMultiblobs_Harvardhandout.pdf.pdf,2.3,unclassified,unclassified,5,RigidMultiblobs_Harvardhandout.pdf,,,,False,,,,,,,1459,True,False,ba018f6f0aca97e2,False,,True
acb134350a5da558050cae27ba6d075f2776c45f3bccea6541e5176a527b45d4,Rizzo-Porfiri2016_Article_InnovationDiffusionOnTime-vary.pdf,0.41,unclassified,unclassified,5,Rizzo-Porfiri2016_Article_InnovationDiffusionOnTime-vary,,,,False,,,,,,,25635,True,False,b3c65f87d39fc8dd,False,,True
1d8910787fb8d08bc09fde697bbad175ce0168b20a60c64d2ad6f836a7df7ca8,S0002-9947-00-02483-1.pdf,0.23,topology_geometry,medium,5,S0002-9947-00-02483-1,,,,False,,,,topology_geometry,medium,keyword_text,12409,True,False,98eb806fd0e6bf9a,False,,True
345b520dd0b2f3bc71e75127f15280b013182570497fe67602d23f07f9744690,SDlogo-5p 2.pdf,0.06,unclassified,unclassified,5,SDlogo-5p 2,,,,False,,,,,,,83,False,False,fdc3bea4adc0f706,False,,True
863bbccb3d0fa8f9e7eb7d19cf8c8fe69ded4e1511bb75f35443f2d61ebae58d,SECTION_1_escape_time_plot 2.pdf,0.08,unclassified,unclassified,5,SECTION_1_escape_time_plot 2,,,,False,,,,,,,95,True,False,76940d6516aa645c,False,,True
e85902e2e22dc55508d7e236d0c3aa35e797eaa5291f45aef6f3b8b75cca1710,SLnotes.pdf,0.1,unclassified,unclassified,5,SLnotes,,,,False,,,,,,,12820,True,False,c296d74613e803b4,False,,True
dad2ccd998e1854555ab29651e1ba5d9d50c78835d1a6c198fb216f63100189e,SM.pdf,0.19,unclassified,unclassified,5,SM,,,,False,,,,,,,10330,True,False,2fdf8691887a0c7d,False,,True
5a879528acc2971c90e220c2b1165e6a1b8b6baee1cefd3620cda080f574fa87,SQL-Server-Cheat-Sheet-Formatting.pdf,0.13,sql,low,5,SQL-Server-Cheat-Sheet-Formatting,,,,False,,,,,,,6311,True,False,7be13615cbf1c703,False,,True
172004a7832079838ac1559026480cd8e356f4f75e2e72291f4e61a655716f8f,STABILITY AND BIFURCATION OF UNBALANCE ROTOR2FLABYRINTH SEAL SYSTEM.pdf,0.58,dynamical_systems,low,5,STABILITY AND BIFURCATION OF UNBALANCE ROTOR2FLABYRINTH SEAL SYSTEM,,,,False,,,,,,,20139,True,False,0bb0ca6327f8cda7,False,,True
9be328a212778d93e2bb0f057a7a5d5697c932deec3fc593b4193d65b5ace8f7,STF_arxiv_transformed.pdf,0.09,data_science,low,5,STF_arxiv_transformed,,,,False,,,,data_science,low,keyword_text,16837,True,False,ba9da0fa2f7e936e,False,,True
fa739dd854f64e7ee6bec158f98b89fb4e8435bd36d7f305a0ef4ce277cc2d0f,SVILAC-Ch11-handout-sample1.pdf,0.17,unclassified,unclassified,5,SVILAC-Ch11-handout-sample1,,,,False,,,,,,,2731,True,False,626a0a7697bd90dd,False,,True
3ec3017dcb7ff776fcb1ad8e18292561ecbfea8e39bfaa977ed4f02ba6e452eb,Sample Based Learning Methods_Learning Objectives.pdf,0.08,reinforcement_learning,medium,5,Sample Based Learning Methods_Learning Objectives,,,,False,,,,reinforcement_learning,medium,keyword_text,4889,True,False,6d82d8f452d380f6,False,,True
a3d91978a50c0d30b655b0140fa27dca09ac1292560a50adfa1754a63cf837a7,SchweserNotes_for_Demand_and_Supply_Analysis_Consu.pdf,0.34,unclassified,unclassified,5,SchweserNotes_for_Demand_and_Supply_Analysis_Consu,,,,False,,,,,,,10283,True,False,5c6a320588e154e9,False,,True
f8bfa80062f70fe40fc24e2add0850c410b32448d839ee1eb941f0a5e61dba40,Sections_2_3_to_2_5.pdf,0.11,unclassified,unclassified,5,Sections_2_3_to_2_5,,,,False,,,,,,,4974,True,False,5c542f255249e9b7,False,,True
6e574baa03be585e7e66733a9715b4d36801ed43a5b5f33e0f3643e578cb9749,Sensitivity_Analysis_in_Business_Risk_Assessment_i.pdf,0.27,unclassified,unclassified,5,Sensitivity_Analysis_in_Business_Risk_Assessment_i,,,,False,,,,,,,12172,True,False,7bb004f561572339,False,,True
a8f1f102d76014f4dcdf22d266462f829ac484a08403e22abed5e855a02db05b,Shallow Neural Networks _ Coursera.pdf,0.07,deep_learning,low,5,Shallow Neural Networks : Coursera,,,,False,,,,deep_learning,low,keyword_text,1272,True,False,2c17e36d35c135d3,False,,True
9fba38b9d5c9628620a1da8dbf28d3ff8e6439a43196dd72f554442177fb1271,Shape of the inputs to the RNN.pdf,0.91,unclassified,unclassified,5,Shape of the inputs to the RNN,,,,False,,,,,,,2354,True,False,3b6c75505cd064b0,False,,True
d83e5034b1ec5b2eceda62a7202ebf66af916789e9677e5317c57eb558d90a10,Shirin-2020data-driven optimized control.pdf,0.64,unclassified,unclassified,5,Shirin-2020data-driven optimized control,,,,False,,,,,,,15530,True,False,c30756782729fd85,False,,True
66225136db92c773e73702537aa15fb76a25c8151664fdcc6ac00ba75d133059,Signature Page.pdf,0.07,unclassified,unclassified,5,Signature Page,,,,False,,,,,,,2524,True,False,e12e48f1aaedb47c,False,,True
59d5515e630f63a60e7c2bc6a0f1735c14366c22de745b8f0364fedf8bc77eb3,Software_2.pdf,0.06,topology_geometry,medium,5,Software_2,,,,False,,,,topology_geometry,medium,keyword_text,6328,True,False,ac2ce7195a169fb8,False,,True
43220584f8b0e380eadd89fcc1c904d8224f6676249d3be142740079ffd5aac0,Spontaneous_ordering_of_a_bacterial_drop_into_a_sp.pdf,0.17,unclassified,unclassified,5,Spontaneous_ordering_of_a_bacterial_drop_into_a_sp,,,,False,,,,,,,5400,True,False,0563cb1d301a8948,False,,True
3f34007ad9e7531d3ea2a79dd7906c7713640b97fa6973c4c4397588644e5ffb,Stability.pdf,0.49,unclassified,unclassified,5,Stability,,,,False,,,,,,,8276,True,False,20a200723b038d63,False,,True
50aca2599ccedb64d06bbd2a3b00ca0bc1728051d10638925f3e4edcdbd56dc2,Stability_and_bifurcations_for_the_N1_vortex_probl.pdf,0.61,dynamical_systems,medium,5,Stability_and_bifurcations_for_the_N1_vortex_probl,,,,False,,,,dynamical_systems,low,keyword_text,12908,True,False,666706d7a5982a8c,False,,True
e6109a1d9891c6d87710ee0ba0ffb86eea60a549522b706ba63a8ef2c12ab81f,Stability_of_equilibria_and_fixed_points_of_conser(1).pdf,0.15,mathematics,medium,5,D:EJSNO9509.DVI,IOP Publishing #1 1065 1999 Feb 15 15:01:04,,,False,,,,mathematics,medium,keyword_text,10988,True,False,a65c35effe54b383,False,fuzzy_dup_448,True
57f5096a7a546db821c55df374f6149c5e21ce0a754faae10f60e8a88a50ebe5,Stability_of_equilibria_and_fixed_points_of_conser.pdf,0.2,mathematics,medium,5,D:EJSNO9509.DVI,IOP Publishing #1 1065 1999 Feb 15 15:01:04,,,False,,,,mathematics,medium,keyword_text,9600,True,False,9d0cef2aecc417e1,False,fuzzy_dup_448,True
95e4f3ef34de49c2f2825b4694ca5f85f362fcee435661ab9c500be72ab2faf0,Strength Standard.pdf,0.06,unclassified,unclassified,5,Strength Standard,,,,False,,,,,,,3757,True,False,e94ef0f4539804ab,False,,True
a637e050881566822779a478c723af32cb7cb1470e3e285b27773c2523fc1460,Subaru Impreza Hatchback New Car Inventory Price Request Form has been submitted.pdf,0.15,rag_llm,low,5,Subaru Impreza Hatchback New Car Inventory Price Request Form has been submitted,,,,False,,,,rag_llm,low,keyword_text,2500,True,False,a32b42d0103b5479,False,,True
ef5cfddb4f693ea9ccffce9bebc645293c4d10229a0098fc2ffada6104e4fedc,Subaru-PDF-TrimComparison.pdf,0.11,unclassified,unclassified,5,Subaru-PDF-TrimComparison,,,,False,,,,,,,7166,True,False,36cb22fef861ba46,False,,True
9b0d09609e6aa7715f2a83d0cb3bb7d9332019f12548cfc2133f0195c42a6986,Suggested-Sequence-of-Study-for-CFA-Level-I.pdf,0.17,unclassified,unclassified,5,Suggested-Sequence-of-Study-for-CFA-Level-I,,,,False,,,,,,,327,True,False,62bb523f2debc008,False,,True
bbd51b9f54b84c065106bcdca91541bea9815612dc1f9661a4f9b30ab71c5356,Summary_A_2023_01_15.pdf,0.12,unclassified,unclassified,5,Summary_A_2023_01_15,,,,False,,,,,,,2631,True,False,e0f3dca1f895a7e2,False,,True
d6fb6bc60a9987b8190384fe40abd9ca5f749ecc19e0fb6479c8fb2c25260ce9,Summary_B_2023_01_15.pdf,0.1,unclassified,unclassified,5,Summary_B_2023_01_15,,,,False,,,,,,,927,True,False,70658cf58d0e25a3,False,,True
1155c8ffb40fd9774b41dc18105fe5a84c69eaa56cb6cac79720b6d5d747c9e6,Summary_C_2023_01_15.pdf,0.13,unclassified,unclassified,5,Summary_C_2023_01_15,,,,False,,,,,,,2789,True,False,a712eb0847c6c3a3,False,,True
0b731795d006e4400874f4aefddb38a8eccd50eef063a401866aa1954b680550,Summary_D_2023_01_15.pdf,0.11,unclassified,unclassified,5,Summary_D_2023_01_15,,,,False,,,,,,,1840,True,False,866b142c72921e15,False,,True
9bf847e8a84ee512a1a9769c177a4d40dc5fde63be0422bffd7dfa2155321a70,Summary_E_2023_09_07.pdf,0.13,actuarial_insurance,low,5,Summary_E_2023_09_07,,,,False,,,,actuarial_insurance,low,keyword_text,5158,True,False,646c8085f845b163,False,,True
976351150f4c02ee844ad9eee568c19e2b47501e7274c94e9d161551c364be33,Sun2015_Article_ContrastingEffectsOfStrongTies.pdf,0.57,unclassified,unclassified,5,Sun2015_Article_ContrastingEffectsOfStrongTies,,,,False,,,,,,,25560,True,False,6b131bb19b9dca4c,False,,True
025cec3ea66762ae2195dfc05e37a8ec7607968d0909faba9fc16cac138bac5c,Symbolic_Computation_of_Local_Stability_and_Bifurc.pdf,0.42,unclassified,unclassified,5,Symbolic_Computation_of_Local_Stability_and_Bifurc,,,,False,,,,,,,836,True,False,4d93797bd996067b,False,,True
571579308acdbbf3d1beffa36ecfdfb11d6a024fb52aaca0fcdc9b27da8ca64c,TIA-ERM-FlashCards-Sample-v2.pdf,0.37,unclassified,unclassified,5,TIA-ERM-FlashCards-Sample-v2,,,,False,,,,,,,2606,True,False,d7f286f4dcb7e27d,False,,True
030dc9a8dd2f71f1f0d34f0109d69babb86c32d891e68b7ff7314d541db770c4,TIA_ERM_DSM_Sample_Fall2024_V1.pdf,0.28,unclassified,unclassified,5,TIA_ERM_DSM_Sample_Fall2024_V1,,,,False,,,,,,,6278,True,False,e18377cf96bd3660,False,,True
13e75777b3d1f21f9802a28cba5f8c36f5b2e1587d7d73c902b0de0b267b552e,TIA_ERM_DSM_SecA_Fall2024_V1.pdf,0.46,finance,medium,5,TIA_ERM_DSM_SecA_Fall2024_V1,,,,False,,,,finance,medium,keyword_text,7897,True,False,124581f696770b83,False,,True
057541cf4be72a257dcde6edf6fbbdde8876407c6814fd8a606578f80d506be4,TIA_ERM_DSM_SecD-Fall-2024_V3.pdf,0.84,unclassified,unclassified,5,TIA_ERM_DSM_SecD-Fall-2024_V3,,,,False,,,,,,,9002,True,False,574b43eeb3bc3bc7,False,,True
9ec75a2645ba3efdb44b8756f0a76a5a6765832433a2180a07e3e153dfd15c17,TIA_ERM_Drill_Fall2024-Solutions_V4.pdf,0.64,unclassified,unclassified,5,TIA_ERM_Drill_Fall2024-Solutions_V4,,,,False,,,,,,,3785,True,False,a01145cb97c7f7ed,False,,True
9b0f80ca3440715355d979f81134a87ba131dcefba83b564ce5683d8e53a167a,TIA_ERM_Formula-Sheet_Spring2025_V2.pdf,0.49,unclassified,unclassified,5,TIA_ERM_Formula-Sheet_Spring2025_V2,,,,False,,,,,,,4513,True,False,7fd23290ce82ff17,False,,True
a6aa1b710ade0b13219f705575e90a918b137671d54efa6fca394cd386e49773,TIA_ERM_QuickStartGuide_Spring2025_V1.pdf,0.1,unclassified,unclassified,5,TIA_ERM_QuickStartGuide_Spring2025_V1,,,,False,,,,,,,3617,True,False,e210f00dc9a4ccc4,False,,True
31939d05acce9c1495f38fbde057c080f55eb3e14bb8b1eda3d8169e0b1363af,TIA_ILA101_DSM_SecA_F2025-v2b.pdf,0.42,unclassified,unclassified,5,TIA_ILA101_DSM_SecA_F2025-v2b,,,,False,,,,,,,6765,True,False,8a54a748bb569c7e,False,,True
19e3cd8bc64cc0c5b5ac75a9d8c7651a8636bf9120c52aab0faf14ed81787fbd,TIA_ILA101_DSM_SecB_F2025-v1.pdf,0.44,unclassified,unclassified,5,TIA_ILA101_DSM_SecB_F2025-v1,,,,False,,,,,,,6049,True,False,a78ba56efb5e296a,False,,True
e270d2f8c047c70e7131e78687705349b020496c87e2362c9a1fb09af186a3c2,TIA_ILA101_DSM_SecC_F2025-v1.pdf,0.56,unclassified,unclassified,5,TIA_ILA101_DSM_SecC_F2025-v1,,,,False,,,,,,,7478,True,False,7bb8b20923b7ee72,False,,True
cb6e36c9ff78ceb8223553ab3fb02c1a8003867ae0780ee609eb16cfe431ec6a,TIA_ILA101_DSM_SecD_F2025-v1b.pdf,0.3,unclassified,unclassified,5,TIA_ILA101_DSM_SecD_F2025-v1b,,,,False,,,,,,,6485,True,False,f702039ae5b7b038,False,,True
f79c3bb94bd2012bca4dc44bd843210debd00263c41f9de0e38431abf1523482,TIA_ILA101_DSM_SecE_F2025-v1.pdf,0.53,unclassified,unclassified,5,TIA_ILA101_DSM_SecE_F2025-v1,,,,False,,,,,,,7180,True,False,f443b070e7787377,False,,True
cfc8343d7002d21bb728b5bb1056ebe22328a8f406e6cf6bf5763e28c20d111f,TIA_ILA101_DSM_SecF_F2025-v1.pdf,0.35,finance,low,5,TIA_ILA101_DSM_SecF_F2025-v1,,,,False,,,,finance,low,keyword_text,6519,True,False,d73e0630ad19d6a7,False,,True
1b02feb887d35b63fafbe26a6e1b57726e14983691dc8804f5e31fa571bc0ed9,TIA_LPM_Experience_Study_Calculations_Sample_Handout.pdf,0.2,unclassified,unclassified,5,TIA_LPM_Experience_Study_Calculations_Sample_Handout,,,,False,,,,,,,3985,True,False,eda45beb411ed0e7,False,,True
254c65a6530259c95601b81d39243f4a6ed3b5780de9b77c20fc01b0dffb7f09,TIA_LifeProductOverview_V1.pdf,0.34,unclassified,unclassified,5,TIA_LifeProductOverview_V1,,,,False,,,,,,,1424,True,False,645e076d25821042,False,,True
b524ea9d8d7ab3ba913bd5cc47a0af3a7fbfe65b75c3579d8af130c82e735ac1,TIA_Summary_of_Fall_2025_Changes 1.pdf,0.51,unclassified,unclassified,5,TIA_Summary_of_Fall_2025_Changes 1,,,,False,,,,,,,13957,True,False,068434d11024191f,False,,True
fbd380073df94bec51dcadbc4f72b5dfee2aa3a273b18be46c96fdf462e9fcb0,TIA_Summary_of_Fall_2025_Changes.pdf,0.52,unclassified,unclassified,5,TIA_Summary_of_Fall_2025_Changes,,,,False,,,,,,,13957,True,False,861b80fc9a24c80c,False,,True
4a4bcb0ee06ebe93a812d2ea66dc459c90f5ca0109dae1cb7fcbed87f02a2915,TNSE2020pdf.pdf,0.93,unclassified,unclassified,5,TNSE2020pdf,,,,False,,,,,,,30737,True,False,3f1039ad50ff9b0a,False,,True
9ecd8e8f14b5a8e3e5d6b58fec0452d84c1cacc5a17eb5dc120f8c2d0ccb667b,TWS3.pdf,0.17,unclassified,unclassified,5,C:\WINNT\Profiles\pauld\Desktop,,,,False,,,,,,,7019,True,False,779f588ab9140008,False,,True
a263d8701edfafb25179022472125dd1129d9b8ba65170627c581c8bd00ed20d,Table of Differentiation and Integration.pdf,0.14,unclassified,unclassified,5,Table of Differentiation and Integration,,,,False,,,,,,,1100,True,False,698dd00167916369,False,,True
190fc48dd4b20c0e321ab4c470c62f5e1442f00de3758980940d3166f8ff22b8,Tatyana Behring_Incentive Claim Form_signed.pdf,0.35,unclassified,unclassified,5,Tatyana Behring_Incentive Claim Form_signed,,,,False,,,,,,,20366,True,False,fce6230e18cd0965,False,,True
e309f7b7f03b3303a318d9c2e535ab6c7230892334237d1749b661f3df16d47b,The Home Depot - Order Confirmation.pdf,0.07,unclassified,unclassified,5,The Home Depot - Order Confirmation,,,,False,,,,,,,752,True,False,10b35d6797ab8935,False,,True
90ca08e5819c5acd21cc60c933daad4d1c3e63813bda53da15ed1dc8cb61cc31,The+KSC+Method+for+RAW+Power+Lifting.pdf,0.41,unclassified,unclassified,5,The+KSC+Method+for+RAW+Power+Lifting,,,,False,,,,,,,16334,True,False,7d3475e7448df7bf,False,,True
0c176e67574ac2383794cec3fc286f8e88d9816b899ece3fee479d2d7dcda908,The_Persistence_of_a_Slow_Manifold_with_Bifurcatio.pdf,0.24,dynamical_systems,medium,5,abstract.dvi,,,,False,,,,dynamical_systems,medium,keyword_text,7673,True,False,9ea6589c2ae44944,False,,True
1dc9cf516b2b936e544ba8d8408c60eef635847458f374d3d9a5c9a2d012df44,The_Vortex_Dynamics_Analogue_of_the_Restricted_Thr.pdf,0.38,dynamical_systems,low,5,The_Vortex_Dynamics_Analogue_of_the_Restricted_Thr,,,,False,,,,physics,low,keyword_text,14005,True,False,e74ef651d0701d68,False,,True
d0258ec4c1c9933d9fafe529195ea36bb627caded9a6d43fccc6de46908af67b,The_extended_Jacobi_Elliptic_Functions_expansion_m.pdf,0.27,unclassified,unclassified,5,The_extended_Jacobi_Elliptic_Functions_expansion_m,,,,False,,,,,,,11926,True,False,7cfb3ddbe0d15e7a,False,,True
790df056c62b6d3f7cf364c9ca50e8ec549acbc96d1ef7dc450d7ccf31d4044e,The_iteration_formula_of_the_Maslov-type_index_the.pdf,0.57,physics,medium,5,The_iteration_formula_of_the_Maslov-type_index_the,,,,False,,,,physics,medium,keyword_text,13244,True,False,8378376ce6087e52,False,,True
6f9819497f2c93738cf61de5de6d08aa24bbfdb0859d74216fd98e3a3f90551f,ThreeVortexArefRott.pdf,0.1,dynamical_systems,low,5,ThreeVortexArefRott,,,,False,,,,,,,3910,True,False,48e06ed46456892d,False,fuzzy_dup_450,True
30535e30d1f233057d1fce4014f52457288c6912f00d7a5df56f5e20da6f601c,ThreeVortexArefRott.pdf.pdf,0.09,dynamical_systems,low,5,ThreeVortexArefRott.pdf,,,,False,,,,,,,3204,True,False,7d64c08984131d08,False,fuzzy_dup_450,True
22ce6f76bcb81042ca3b7148f5714b4c4c0f8bf0979e0c89e063d7b6c988349b,Ticket Purchase Confirm.pdf,0.06,unclassified,unclassified,5,Ticket Purchase Confirm,,,,False,,,,,,,412,True,False,04b35fc0b19cffe5,False,,True
32d5ddea462f89ab8ddf678dfa59953a558587e254a59b114ff1c50892cddaac,TidyVerse.pdf,0.77,data_science,low,5,Cheat sheet tidyverse.indd,,,,False,,,,data_science,low,keyword_text,6796,True,False,21e27ea92ef2f12f,False,,True
5f5d2f3b12208bbc82c33153896ac0b1cfa11807be21a58fcfd11fd8ebfc53c6,TotalDeaths60.pdf,0.82,unclassified,unclassified,5,TotalDeaths60,,,,False,,,,,,,379,True,False,df714788e9633b47,False,,True
458d781e06fa7ef301208c77090c93c104fbef90e8b381c8f6ba5f213256ab9e,Unknown 2.pdf,0.12,unclassified,unclassified,5,Unknown 2,,,,False,,,,,,,965,True,False,bc88298c22f1f326,False,,True
2d4f5617d4d2cb7ac7095b942bb693b272c67d47e89a3e837ca5ed8c818eadf8,Unknown.pdf,0.45,unclassified,unclassified,5,Unknown,,,,False,,,,,,,7057,True,False,142370cad749b4a6,False,,True
a604ab58026e7af83f5535306a0f9a3ed4dacc4942777d2fd745935f7c6dc3fe,Unknown_2.pdf,0.19,unclassified,unclassified,5,Unknown_2,,,,False,,,,,,,4035,True,False,7f5ff1e95774cdb1,False,,True
e0f424a6d0616b1881187140bd9ffd4c5a81d873c62125366438aff8ca139d43,Untitled 1.pdf,0.83,unclassified,unclassified,5,Untitled 1,,,,False,,,,,,,6357,True,False,fa303a89f897695b,False,,True
0703ecc3af0d4e41d4db38e06957dc96b71dc6f265c9bfaa72ae1aaa539a2e59,Untitled.pdf,0.14,unclassified,unclassified,5,Untitled,,,,False,,,,,,,1681,True,False,a06d30b393dec614,False,,True
dad2efa691da4edb90fa2b41be9f2fc5d4435d358d1fb5e7b451e0e680c2b57b,Upscale-Sound-Wedding-Run-Down-Form.pdf.pdf,0.19,unclassified,unclassified,5,Upscale-Sound-Wedding-Run-Down-Form.pdf,,,,False,,,,,,,5967,True,False,ba8416a9d352a851,False,,True
64a26ca3a28118de2d26e556fed67e124d1b83411dc636d6f818ac5fb51d9678,Villasenor-Park_J_CCJoM_2012.pdf,0.32,unclassified,unclassified,5,Villasenor-Park_J_CCJoM_2012,,,,False,,,,,,,16727,True,False,b6509a13694a43e1,False,,True
557d3810ca30c4c60de64bc857b8ab009a29226ea76a8e289ddb5cd42be50ba0,Vorobiev_2012_J_Phys3A_Conf_Ser_343_012127 1.pdf,0.73,dynamical_systems,low,5,Vorobiev_2012_J_Phys3A_Conf_Ser_343_012127 1,,,,False,,,,dynamical_systems,low,keyword_text,11591,True,False,4dd0fdc8d0d0604a,False,,True
337546446658e915598e4a9c2e59af618b88a9a1f0a7690fd41730180cd3fc80,Vorobiev_2012_J_Phys3A_Conf_Ser_343_012127.pdf,0.73,dynamical_systems,low,5,Vorobiev_2012_J_Phys3A_Conf_Ser_343_012127,,,,False,,,,dynamical_systems,low,keyword_text,11591,True,False,36b2707b8da1ad5d,False,,True
aa59ea7b1d0f99d97ac866cfaa1cfc6f7a53110c8379c7d74d6a108e7f9b90cb,WPS-220059714_arclet.pdf,0.14,unclassified,unclassified,5,WPS-220059714_arclet,,,,False,,,,,,,8352,True,False,75ad205a38bf2ae3,False,,True
bf0aaad2ed5aba41fa4373054c5f5db976e58488a24a18f36af1b3fcc431c76f,Week at a Glance.pdf,0.11,unclassified,unclassified,5,Week at a Glance,,,,False,,,,,,,1348,True,False,cc47f9964910f613,False,,True
5740a95f48458c89c4f12b66beb81dfc89ff12d45005e4daf381adef79963e9d,What Happens When COVID-19 Collides With Flu Season  Geriatrics  JAMA  JAMA Network.pdf,0.77,unclassified,unclassified,5,What Happens When COVID-19 Collides With Flu Season Geriatrics JAMA JAMA Network,,,,False,,,,,,,89426,True,False,8f63829f94565481,False,,True
426a56048335bb9ebb643dbaa0f53edb84d693dcf572654b2b8b57b867edbb79,Your first database.pdf,0.74,unclassified,unclassified,5,Your first database,,,,False,,,,,,,2395,True,False,264af53233dff95e,False,,True
4664a4477c59205d03cf1d0f460eeabfa0b56801685a99e02ad757635764cdc7,Zino_EJC.pdf,0.32,unclassified,unclassified,5,Analysis and control of epidemics in temporal networks with self-excitement and behavioral changes,Lorenzo Zino; Alessandro Rizzo; Maurizio Porfiri,,,False,,,,,,,15148,True,False,9b21b2d24d34f82b,False,fuzzy_dup_451,True
3b27e1b7f18c073b407e3dc29241710cbe6626d9f20010eda297b5e9f9738eef,Zino_IEEE_CSL.pdf,0.15,unclassified,unclassified,5,Zino_IEEE_CSL,,,,False,,,,,,,26467,True,False,1f2639c9cccfa881,False,,True
25cf2dc2efd262ab5924a4ee0cfac2089bfd49b2ea56f60abee1cf62707cc128,Zino_IEEE_TCNS.pdf,0.29,unclassified,unclassified,5,Zino_IEEE_TCNS,,,,False,,,,,,,25370,True,False,ccecd619cc40d717,False,,True
ccbbad77c0cdd1a4d16c516f958db818c0696bf5f633e980d43b641a75a1baf0,[D._Acheson]_Elementary_Fluid_Dynamics_(corr.)(BookZZ.org)_2.pdf,0.75,unclassified,unclassified,5,Elementary_Fluid_Dynamics_(corr.)(BookZZ.org)_2,,,,False,,,,,,,8121,True,False,f25c03899d93bda2,False,,True
f3243ce6f0d46397419fe5b873ea3ed22aa59675bb14743761e200e94ddd648a,"[doi 10.1007%2FBFb0106626] Bruneau, Charles-Henri -- [Lecture Notes in Physics] Sixteenth International Conference on Numerical Methods in Fluid Dynamics Volume 515 __ Mixing and ch.pdf",0.34,dynamical_systems,low,5,Mixing and chaotic fluid particle trajectories in the flow around two leap-frogging vortex rings,,,,False,,,,,,,11956,True,False,2ac8f509d81e5458,False,,True
a5482027678cc04e785233ad94e4a4595745a9a08c006ccc0a3e45511ab32248,_040fe0e4afc1ae0836e5b6dddf92fbc5_L5_supp.pdf,0.11,unclassified,unclassified,5,040fe0e4afc1ae0836e5b6dddf92fbc5_L5_supp,,,,False,,,,,,,1821,True,False,6f98b655f3dc0508,False,,True
96e69defc95f6ecee90d97c625e13488b4b57cc8a2902ad17aa1c4de853ba164,_29f7eaaba3ac0d35ee74f8bd61aafc39_L3_supp 2.pdf,0.15,probability_theory,low,5,29f7eaaba3ac0d35ee74f8bd61aafc39_L3_supp 2,,,,False,,,,probability_theory,low,keyword_text,7199,True,False,854e7e49615caccb,False,,True
30108c6ef6fd3e43035ffcd3342fc6b0e89081d0b07fd6bad3f52bd5d422298a,_2ffa04a4be97e282ca9e65d96897a77c_L1_background.pdf,0.08,unclassified,unclassified,5,2ffa04a4be97e282ca9e65d96897a77c_L1_background,,,,False,,,,,,,2961,True,False,4cd4a5a82df5ef1a,False,,True
ea9b1b2aff408b73bc978d5c9a04745f13ca80d3f0d02cd36a8fbbcc5571f9ba,_62835c1b5b81af286ba54a920f2a4d5f_L5_background.pdf,0.12,probability_theory,low,5,62835c1b5b81af286ba54a920f2a4d5f_L5_background,,,,False,,,,probability_theory,low,keyword_text,8026,True,False,10621f4912a0d4e7,False,,True
70b48be4bbc717dc0d8a5f4cd6365f15f9d731d81dee45ac7a9bc5267216240f,_6db95799d385f60a655c818d699a697c_Week-2---slides---White-Background 2.pdf,0.82,unclassified,unclassified,5,Installing Packages in R  and  Downloading Data,thistleton,,,False,,,,,,,672,True,False,07b172b8204d557f,False,fuzzy_dup_454,True
6546aca0c4ffb04975db4d36fef120f61d7fff0bbc18a67cc6864877582d4ca0,_7a72e1fca5f6a0373860ae1c8eeddbd0_hw1.pdf,0.1,unclassified,unclassified,5,7a72e1fca5f6a0373860ae1c8eeddbd0_hw1,,,,False,,,,,,,7832,True,False,117fadf8bd763391,False,,True
ba3c5330f00a73293f5b9abf46f5298b69c80228b5ab5eb2b016bb8415b49250,_CorpFinance_Dev.pdf,0.12,unclassified,unclassified,5,CorpFinance_Dev,,,,False,,,,,,,3849,True,False,4cd088ebccceb502,False,,True
229a0590b9f8b774bdf38449022fabae36fa7fe2341b66954f251727f8dfe7a7,_VEE_Accounting_DSM.pdf,0.39,unclassified,unclassified,5,VEE_Accounting_DSM,,,,False,,,,,,,9748,True,False,6de768ed1e251b48,False,,True
20bd1865e8796e8014b4bb1ca181a664216b2ad040ae0bd95a542ac93dc7944e,_b61afa153ec709baba0ccdc7e62fb806_L12_background.pdf,0.14,machine_learning,low,5,b61afa153ec709baba0ccdc7e62fb806_L12_background,,,,False,,,,machine_learning,low,keyword_text,3929,True,False,d52b95ec4ece5e1d,False,,True
5f6a866b7f78180691f4bad64f3f5f920c9ec76e6c2cdf5e1b22cb0cdfc70620,_bb712e620e1c46bbc8ce7ebb7a7cac05_hw3.pdf,0.12,unclassified,unclassified,5,bb712e620e1c46bbc8ce7ebb7a7cac05_hw3,,,,False,,,,,,,11588,True,False,542f301e2445049a,False,,True
d6e516215a67fcd493d88f56510ea1719e882e5374f5babda7d836a0cc901efb,_bc0c8f38a073e1eb41e4aebfec5bf67d_L10_supp.pdf,0.07,unclassified,unclassified,5,bc0c8f38a073e1eb41e4aebfec5bf67d_L10_supp,,,,False,,,,,,,5859,True,False,e79af6dc20cde553,False,,True
0b7f9d4cf2cd257a7c6ad8adc062098dbeffba473679cd1ce4171c9f86c3c2b8,_d7c17d00198049b1ccfdf72d2831d2be_Distributions 2.pdf,0.14,probability_theory,low,5,d7c17d00198049b1ccfdf72d2831d2be_Distributions 2,,,,False,,,,probability_theory,low,keyword_text,6063,True,False,b6f4541a0ec63415,False,,True
9ab272280828baa16b22fbfb3a475d5b901ceb478ab905d433b0e63687b20684,_f00d6803279ef6ae3435be93936c3fa0_L4_supp-v2.pdf,0.1,unclassified,unclassified,5,f00d6803279ef6ae3435be93936c3fa0_L4_supp-v2,,,,False,,,,,,,1092,True,False,73147274e8bf0b87,False,,True
4b3b11da833d6a917ddb8b206eda58dea2dd3f7486f088c6abb6736ac636920b,aa89512eSolution of Sitnikov Restricted Four Body Problem.pdf,0.6,unclassified,unclassified,5,aa89512eSolution of Sitnikov Restricted Four Body Problem,,,,False,,,,,,,12414,True,False,5c7b1ca5e3d0f968,False,,True
1b75a323547eaaaf6dfa339fc71a62648879869b715322473c00495b9039a71a,am63 1.pdf,0.17,numerical_methods,low,5,am63 1,,,,False,,,,numerical_methods,low,keyword_text,11177,True,False,0e264c00defffabf,False,,True
1370a3d18575354c7d9bdc0643b7f7f9775ad9be60628aa8a43bf7478cef88e6,am63.pdf,0.27,numerical_methods,low,5,am63,,,,False,,,,numerical_methods,low,keyword_text,11372,True,False,1f6aa25c3d05ab7f,False,,True
f6570af136c3c17346898dd20ffd2d0167e6cbc21f8836ebefb86724a3b23b8f,annotated-Abada_Sheimaa_HW14.pdf,0.45,unclassified,unclassified,5,annotated-Abada_Sheimaa_HW14,,,,False,,,,,,,603,True,False,c49361e05c3d18e5,False,,True
3bfad0e272325a125150c98bfade8e055207446517d42eac42f6c6a235dd1276,answerspert.pdf.pdf,0.54,unclassified,unclassified,5,answerspert.pdf,,,,False,,,,,,,4884,True,False,d03e4c811d451055,False,,True
b70212a2e79fcd6941f014147ef20609134b4ba2826a0b8c65f675f5ca877cef,appendixTaylor.pdf,0.06,mathematics,medium,5,appendixTaylor,,,,False,,,,mathematics,medium,keyword_text,5686,True,False,6d48a33516a4b88a,False,,True
7f450a0c179afdf45dadb59afd4ddfd9db4852d6f58f6f79d794b0181b6bf65d,aref 3.pdf.pdf,0.37,unclassified,unclassified,5,aref 3.pdf,,,,False,,,,,,,16051,True,False,cacd63e631d97359,False,,True
33cb9e49916bc4b1c1429a4e23869c81e9fb45ba1688145202dd53ed3318af83,arxiv1905-03451.pdf,0.3,unclassified,unclassified,5,arxiv1905-03451,,,,False,,,,,,,12388,True,False,304b3989957128d0,False,,True
cd60775e23c63292cf0fe25dec95b8e912dfcfe393472740490b3172e8fd2abd,asl_webinar_semi_supervised_learning.pdf,0.96,machine_learning,medium,5,asl_webinar_semi_supervised_learning,,,,False,,,,machine_learning,medium,keyword_text,622,True,False,8065d5a111242e0b,False,,True
4a5d12e316b4da149a115f9890fbaee91d2da36c318ac6118e7fb54363ef34c0,astam_tables.pdf,0.17,unclassified,unclassified,5,astam_tables,,,,False,,,,,,,3655,True,False,3ca8e8e5cd90e470,False,,True
0eb760ef7d1b556fab84a02cddc208722fe9c65cb24ee8e987ad9df4b8c0bdc1,au_dif41.pdf,0.39,physics,low,5,au_dif41.dvi,,,,False,,,,physics,low,keyword_text,17234,True,False,2c839391bb39a420,False,,True
893e60ebdf43ec759fbf9ffbe039fb18d8ed1ba768702618888f870b5d81f238,bokeh_Cheat.pdf,0.66,data_science,low,5,bokeh_Cheat,,,,False,,,,data_science,low,keyword_text,5720,True,False,dfa5f1a6c9cff570,False,,True
5acc4af5d3857332ca348441bc5a833d864cf6c9d13226323b1302f840c27526,bongiorno2018.pdf,0.19,unclassified,unclassified,5,bongiorno2018,,,,False,,,,,,,24054,True,False,b398a8873178d78c,False,,True
1f9557047a48603e60b66b855a5f0c8edee5172e02914f273851f3120f7911ac,brochure.pdf,3.28,unclassified,unclassified,5,brochure,,,,False,,,,,,,4298,True,False,67b91f1b04a5dbee,False,,True
a4e089d041872717e018802a8aef7cc066a7bd7e938510c56bb963c474c8739d,c54f1c95d5fa0ed8dd2338954f4ceeb9357c.pdf,0.68,dynamical_systems,low,5,c54f1c95d5fa0ed8dd2338954f4ceeb9357c,,,,False,,,,dynamical_systems,low,keyword_text,18628,True,False,3547567f28473e47,False,,True
7c3ebdf0a6ca61c3de3c464107196fa7d91309b0e0265cc70fc309423ed9b38b,calcvar-2.pdf,0.12,linear_algebra,low,5,calcvar-2,,,,False,,,,linear_algebra,low,keyword_text,6800,True,False,122fcc631a32961b,False,,True
766d93595ae306d6333f05eb398c07af7c6f987f3813fcdc20aef695a2c36ca9,camacho_guy_jacobsen_SIAP.pdf,0.45,unclassified,unclassified,5,camacho_guy_jacobsen_SIAP,,,,False,,,,,,,12595,True,False,89933aaecff53b7c,False,,True
0c715e57ee3305743a938ba1eec03044320328d6252f60cd808d2d54da421574,cds140b-perorb.pdf,0.2,dynamical_systems,low,5,cds140b-perorb,,,,False,,,,dynamical_systems,low,keyword_text,11583,True,False,ebf4a5dc01ae1672,False,,True
7c2ff47649d31cbb65cc9b6cda514e24fe457437cbc06fec1ff6839550c4eb19,cfa-program2025L2glossary.PDF,0.44,deep_learning,low,5,cfa-program2025L2glossary,,,,False,,,,deep_learning,low,keyword_text,32167,True,False,cee874090de0c258,False,,True
512419a6f5f0e393700783ec447a082bea2c360702a0a02fb8aa944b51acc45b,ch1.pdf,0.34,unclassified,unclassified,5,ch1,,,,False,,,,,,,1288,True,False,822cc58e90bb67cd,False,,True
4d84327d9365ea854767e1643d2daabd298459975756a37fb404251dd35559c7,ch10.pdf,0.28,unclassified,unclassified,5,ch10,,,,False,,,,,,,14287,True,False,509729b12b0b2a29,False,,True
1fc03d7f4fa80a84f7c2b257775537d990c82a277aa76882fbd4adf4e5d67372,ch12.pdf,0.28,unclassified,unclassified,5,ch12,,,,False,,,,,,,12546,True,False,02e8fe79f80406a4,False,,True
746269a66eed58342709865bdedd7f130b3d5c7823b7970d7234975e34244052,ch13.pdf,0.31,unclassified,unclassified,5,ch13,,,,False,,,,,,,13371,True,False,0d0427bca99e4a61,False,,True
04a1a79eccf0a49f535476aec6db6dc824fdc4e80ec5e74e3d2439c5da05744b,ch2.pdf,0.46,unclassified,unclassified,5,ch2,,,,False,,,,,,,813,True,False,e4a2d31724119864,False,,True
b84183e9fe6e2cec7cccbb405d70682f1cb8d0c83a787e31ba993e716696feb7,ch3.pdf,0.21,unclassified,unclassified,5,ch3,,,,False,,,,,,,14489,True,False,65b11228c6204c23,False,,True
79b6f60eefeec9edf4c04c3fa1ab295b3fab6b80fd9a8d8bd399cf415aadd73b,chapter2 3.pdf,1.38,unclassified,unclassified,5,chapter2 3,,,,False,,,,,,,2094,True,False,3ab5702d559045c6,False,,True
e74fb39547a365f21b0d0eed2cc044a6b6c1710a532e63e0abbb7612e06c782a,chapter4 (1).pdf,1.41,unclassified,unclassified,5,chapter4 (1),,,,False,,,,,,,2396,True,False,9ecc479b1434425b,False,,True
065e961e87242aa2bae0c04c22db0411c70593ff8781c05d6d9233ae7b1caeb1,chd1-eps-converted-to.pdf,0.07,unclassified,unclassified,5,chd1-eps-converted-to,,,,False,,,,,,,208,True,False,635326cde6f4cc5c,False,,True
ebc0e3b996e0f4e652ff0bb6b39b21d7a5a2deb37cad44a5220a53046cac7d3f,christopherfrey2002.pdf,0.28,unclassified,unclassified,5,christopherfrey2002,,,,False,,,,,,,21807,True,False,8d94aff4b0ea51d2,False,,True
80796f328950204b29f37afdcddd872bb4a63ffe0514a6ebf87b70e25b6ae475,ciaa834.pdf,0.33,unclassified,unclassified,5,ciaa834,,,,False,,,,,,,16547,True,False,ab85cf2b4efb16ea,False,,True
b97e7b631704c081bc270ffee2a8210372c720a82716dc022ef1eeb2a9d0dad7,cnx027.pdf,0.64,unclassified,unclassified,5,cnx027,,,,False,,,,,,,17238,True,False,a968e42adffc0cd8,False,,True
79da793b052ed7b62cde18053a839eb6d8551cfe93a2ef0d8d4edf21ce3e8d57,cnx056.pdf,0.71,unclassified,unclassified,5,cnx056,,,,False,,,,,,,17987,True,False,efc931a2af477269,False,,True
574ebfb03458d735d268fd9c9362742314637fc47b7b69e108cfc851feab0b89,compact.pdf,0.13,analysis,low,5,compact,,,,False,,,,analysis,low,keyword_text,8141,True,False,9a161d59f53504b8,False,,True
b6343f069a3415bfbecf8728080b9f6c98c86fd55813322b27583f894827ceaa,compressed__29f7eaaba3ac0d35ee74f8bd61aafc39_L3_supp 2.pdf,0.08,probability_theory,low,5,compressed__29f7eaaba3ac0d35ee74f8bd61aafc39_L3_supp 2,,,,False,,,,probability_theory,low,keyword_text,7407,True,False,691dc6beb4cbf1a0,False,,True
6872f7ef2e532bf351c9f036969c709b2ce3371c5f8eb39081a81911e31f1455,compressed__374ac75bfb1940158d7e4052f7c03d09_Stationarity---Examples--White-Noise_-Random-Walks_-and-Moving-Averages.pdf,0.15,time_series,medium,5,Thistleton and Sadigov	Stationarity: Properties and Examples	Week 2,Thistleton,,,False,,,,time_series,medium,keyword_text,5770,True,False,7356175e1a757db7,False,fuzzy_dup_453,True
640285c5847fdf45c22abcf653d1b0fc19b1bb5923c4307478734cf8243c73be,compressed__62835c1b5b81af286ba54a920f2a4d5f_L5_background.pdf,0.09,probability_theory,low,5,compressed__62835c1b5b81af286ba54a920f2a4d5f_L5_background,,,,False,,,,probability_theory,low,keyword_text,7983,True,False,88e179196db0f972,False,,True
8a4c41f51afdad8609d33b8c1da59fe0b489fd0a0b96b4cca1e5b5493fec3997,compressed__6db95799d385f60a655c818d699a697c_Week-2---slides---White-Background 2.pdf,0.33,unclassified,unclassified,5,Installing Packages in R  and  Downloading Data,thistleton,,,False,,,,,,,681,True,False,0352ee883b5766a2,False,fuzzy_dup_454,True
1079aefb89b15b10dbff0ef7520cfa632fc7e8b6fed53b7f027a82a20a4d763a,compressed__703a8f4e573b64928d51f224d476362f_Week-4---slides---together.pdf,1.47,time_series,medium,5,Installing Packages in R  and  Downloading Data,thistleton,,,False,,,,time_series,medium,keyword_text,720,True,False,a5faf3e3ab392eca,False,fuzzy_dup_454,True
a9c1643ef425ae0959e07abdb7b03cf7d224f9adba2012d80a855ad5579ea525,compressed__9f519c0659a3087b81b4e07b7dc39dd2_Week-5---slides---White.pdf,0.74,time_series,medium,5,Installing Packages in R  and  Downloading Data,thistleton,,,False,,,,time_series,medium,keyword_text,835,True,False,9c758ad1033165ca,False,fuzzy_dup_454,True
7f15b4bd35ba835570098a5bf9899e0c4b3bbb675709cb4d9f8afed26db034dc,compressed__bc0c8f38a073e1eb41e4aebfec5bf67d_L10_supp.pdf,0.05,unclassified,unclassified,5,compressed__bc0c8f38a073e1eb41e4aebfec5bf67d_L10_supp,,,,False,,,,,,,5928,True,False,b4ca34c6e1344f32,False,,True
32a77710b49b81dbb9e64edac7ef28de3bd47e0811dee06ffc62452187872b8f,compressed__cf96860ff7f850acc2e4469c49fcfd98_Week-4---slides---White.pdf,0.17,time_series,low,5,Installing Packages in R  and  Downloading Data,thistleton,,,False,,,,time_series,low,keyword_text,719,True,False,cd7a99f1d3c58873,False,fuzzy_dup_454,True
65081dc85f5794a02d2a3547925e45a94bc277d7300879b1324779efef4a302f,compressed__d7c17d00198049b1ccfdf72d2831d2be_Distributions 2.pdf,0.07,probability_theory,low,5,compressed__d7c17d00198049b1ccfdf72d2831d2be_Distributions 2,,,,False,,,,probability_theory,low,keyword_text,6260,True,False,4f62f81e976f66e2,False,,True
bea85c108389d57b47687c0e9004271227d84a35116ae593385c0252130f2cc5,conda-cheatsheet 2.pdf,0.2,unclassified,unclassified,5,conda-cheatsheet 2,,,,False,,,,,,,4319,True,False,9f0859c277a5223e,False,,True
720ca1fe1f01142f5be6cc9a914c9a0396fe2dc58a18a298e9df9f2c44345f5f,conservation.pdf.pdf,0.23,unclassified,unclassified,5,conservation.pdf,,,,False,,,,,,,8085,True,False,3b65da2f9fc4af7b,False,,True
ff2167238f4c14547e2113667f8a1e7ff5988f99acf3759f0d0e170ebbdda521,control_1.pdf,0.62,unclassified,unclassified,5,control_1,,,,False,,,,,,,26318,True,False,bd229a0225dca16b,False,,True
dadca2d814aa1e959cdbb05b491d798b4532bf052903c3510cb5ba3a4c6e5a95,controlcourse.pdf,0.67,unclassified,unclassified,5,controlcourse,,,,False,,,,,,,5481,True,False,749921fc5482602d,False,,True
73880f8615890303199ee2fea63b244f91b0c3ad01a5d710afdf79f51301401d,cortina-2.pdf,0.37,unclassified,unclassified,5,hadjidem.dvi,,,,False,,,,,,,18813,True,False,a03d6678eea7eda0,False,,True
8b885017d7a26aa4a8aba1763713a6bcb604a6ef50d36c5c459d9110ea25f47e,coursera.org-Practice Exam for Part A  Coursera-fpscreenshot.pdf,1.08,unclassified,unclassified,5,coursera.org-Practice Exam for Part A Coursera-fpscreenshot,,,,False,,,,,,,1459,True,False,d82b682dbe853cec,False,,True
0296c19490dbeb6ef719ace07a62037868ccf0f9bb83d6ebae20d06d0dc0370b,criss-cross_orbit_linearstability.pdf,0.51,dynamical_systems,low,5,criss-cross_orbit_linearstability,,,,False,,,,dynamical_systems,low,keyword_text,11159,True,False,edbea9954908f9f4,False,,True
fc083acb269cb22e7a533572b46b64f5b88831ead50f3232b20c4d5016960dd7,cv-wp.pdf,0.23,machine_learning,medium,5,cv-wp,,,,False,,,,machine_learning,medium,keyword_text,11360,True,False,a97726dbbc5fc2dc,False,,True
84c932ea819339315b3328f7b91fd9b1fe9a6fbac9f10c277e020efae3d8bd98,cv.pdf,0.11,unclassified,unclassified,5,cv,,,,False,,,,,,,13884,True,False,4eef7b7c558219df,False,,True
920cc8f46051cdf85acc316e0e3a89f60ee51330f5f4371cb8e838dc94e12dd9,cz.pdf,0.39,physics,low,5,cz,,,,False,,,,physics,low,keyword_text,11116,True,False,6b8029dfc13490b6,False,,True
c22c56d55662fd1fb39e0d0a660c55deae8ca6a8e044c02bc8732851741a3ed9,d.pdf,0.42,unclassified,unclassified,5,d,,,,False,,,,,,,2294,True,False,21d6e18db77f19cd,False,,True
6aac39f6b56c944aafe9a0fe4778b67fc207e03661f6a41179dea4ecb275082b,d2.pdf,0.52,unclassified,unclassified,5,d2,,,,False,,,,,,,2399,True,False,e4c894defeb639ae,False,,True
e7e29dda0acc696ebb5134f14f89d526e5756dc0ef3efffc3605e82197fa7a55,d3.pdf,0.75,unclassified,unclassified,5,d3,,,,False,,,,,,,2752,True,False,66cb5856a420fe50,False,,True
0e6dc01fabcfe257b97c9a71ddbb7de29fa8a43ee799402e96b8aa8d4b7b10c5,d44_semi_parametric_general_handouts.pdf,0.14,unclassified,unclassified,5,Exam STAM Online Seminar,by David Revelle; Ph.D.[1ex] ©2018 The Infinite Actuary; LLC,,,False,,,,,,,4492,True,False,f8f883bed0690c24,False,fuzzy_dup_455,True
600fb06473dcb6782513370e28cc1141f2670324ab8fbf506c08dcf150468de9,dcdc14.pdf,0.46,mathematics,medium,5,dcdc14,,,,False,,,,mathematics,medium,keyword_text,12926,True,False,37c6523f6174235e,False,,True
8fa737e3815f6820affbd4fcf7c60ba2a26af57ea9a9c953db5841fe6e96146b,dim_reduct.pdf,0.71,unclassified,unclassified,5,dim_reduct,,,,False,,,,,,,21829,True,False,10e272dcf73c03fe,False,,True
dad51c6334d5a7540f03f70fc4117b90ed63a107bd322f69e243625e916b1bd1,diss_app-signed.pdf,0.18,unclassified,unclassified,5,diss_app-signed,,,,False,,,,,,,568,True,False,70e2905942c37d48,False,,True
28c8caeb9b94ee4de96c8f692a8aed9574670d41229eb27b7f72615f10f5ff8a,distributions 2.pdf,0.1,unclassified,unclassified,5,distributions 2,,,,False,,,,,,,217,True,False,d489a3b2d1d670d7,False,,True
417fb1346e10c69a91f4224daaf83200abe9ee1f46bd5f99df024e6bc4478e08,doi 1010632F12348053 Perdios E A -- AIP RECENT ADVANCES IN ASTRONOMY AND ASTROPHYSICS- 7th International Conference of the Hellenic Astronomical Society - Lixouri.pdf,0.34,dynamical_systems,low,5,Sitnikov.dvi,,,,False,,,,dynamical_systems,low,keyword_text,11172,True,False,19abdb66a7e4af10,False,,True
4c974c7f856515d82101a768b511580a276ed8c25b356692260e17148ad0c26b,dopePRELIM.pdf,0.19,physics,low,5,dopePRELIM,,,,False,,,,physics,low,keyword_text,12205,True,False,2507c38d7066b96c,False,,True
5dae64779106002c5650c7e3784880a91a3bc1b7544889fe5d905bcea99a2805,e_real_1.pdf,0.23,mathematics,low,5,e_real_1,,,,False,,,,mathematics,low,keyword_text,7239,True,False,991349593def246b,False,,True
ed15ae225d13d9b43a2d786a7beb854786b2b69ce0ace3874dd374c42a7e1bdf,eabd3083.full.pdf,0.73,unclassified,unclassified,5,eabd3083.full,,,,False,,,,,,,32938,True,False,7294d02a8219e44a,False,,True
9fd556b32e0a69032230ccf9be680ed34a1ef5510290575304555445b6da0488,ejemplo_latex_RIAI.pdf,0.32,unclassified,unclassified,5,ejemplo_latex_RIAI,,,,False,,,,,,,17644,True,False,8c1197275ea01d8a,False,,True
2bf8431e953d35b8c86074f04d3ec4fe63fd9bd4c377751d829d61cadb43075d,elveback1976.pdf,0.89,unclassified,unclassified,5,elveback1976,,,,False,,,,,,,16522,True,False,a453d38f8bb23c8e,False,,True
9fdb2b58c71cfe28df9ad2105c8dbe50936c2c12983c8a0a5e76757c23c07bb4,energy_harvesting_v6.pdf,0.98,dynamical_systems,medium,5,energy_harvesting_v6,,,,False,,,,dynamical_systems,medium,keyword_text,20113,True,False,967350f0726222e8,False,,True
ff113702a758ea5ed04b76898180f94bfc1dfffae24bc162eebe692554aa3560,erp3b1.pdf,0.21,unclassified,unclassified,5,erp3b1,,,,False,,,,,,,9809,True,False,7d01f982a2334987,False,,True
9b0534cc1801de70098516924bff732f27c3fe56e25e4c2c1d3b8fc5e35cd929,escape_time_log_plot-eps-converted-to 4.pdf,0.35,dynamical_systems,low,5,escape_time_log_plot-eps-converted-to 4,,,,False,,,,,,,159,True,False,53d4846e69e8e09b,False,,True
c0bb5161e653de6e026e7a7201e113ac35b584af667e3147b9feb649a6e00589,escapes 5.pdf,0.63,unclassified,unclassified,5,escapes 5,,,,False,,,,,,,119,True,False,a746d9ad4fafa73d,False,,True
a1587796ed3d2b7b9aee59f6a21f70af867592faef80e50eafef4f81730ffa1f,estimate_1216844_visit_1511393.pdf,0.06,unclassified,unclassified,5,estimate_1216844_visit_1511393,,,,False,,,,,,,1833,True,False,d2e9333e18abc43c,False,,True
07a3b98c4a9e5ad6e1805cdf716da035ddebba0d611102fd630ecd1f963fb65e,euclidrmjm1181072709.pdf,0.3,unclassified,unclassified,5,euclidrmjm1181072709,,,,False,,,,,,,21005,True,False,70e94fe51e3ac04a,False,,True
91d06ba4c7a2cea9b3a8100a8d5b74d1fb4f40ab9e0f81a2f94e7902df5c0c5a,example_2.pdf,0.46,machine_learning,medium,5,ch2_slides,,,,False,,,,machine_learning,medium,keyword_text,1513,True,False,fecddecdbdeabfc6,False,,True
e5415977d4f5336cf6211a69b0d4663c9f0431c989750f0b565a9a8814ba6d2d,exercise8.pdf,0.42,fitness,low,5,exercise8,,,,False,,,,analysis,low,keyword_text,1914,True,False,e76eb2744114c608,False,,True
ccefad0e378d4b6c791a3c7699ac0bd55c8fd753dc4799930628b7bbc1c8e736,fa1f8969fef98c3bc5f5e7f321991f7d8e8c.pdf,0.18,unclassified,unclassified,5,fa1f8969fef98c3bc5f5e7f321991f7d8e8c,,,,False,,,,,,,20366,True,False,20a92d424edd2528,False,,True
ba7a60ce0f20c54295d1f52dc0b4a3b26f14df388142598930b776925da6af1b,falebiegnace.pdf,0.14,mathematics,low,5,falebiegnace,,,,False,,,,,,,10365,True,False,5285e0c42c9e36f5,False,,True
f3cf689af8fc22d8cf2e64d92588a234cacf8018f641119802c0259e3921f758,fel1de1.pdf,0.95,unclassified,unclassified,5,fel1de1,,,,False,,,,,,,1423,True,False,4b8e36414dc8ab4e,False,,True
4d725c9f73f7f74f55ef7e0c77186589f5cc7a335571f4864b02cf43a10c5f9e,fig_2_in_dimer-eps-converted-to 2.pdf,0.44,dynamical_systems,low,5,fig_2_in_dimer-eps-converted-to 2,,,,False,,,,,,,123,True,False,33ac65244fdc1ed4,False,,True
be3f3b0cf730bf9042a3ecefc0fe4688b952484b30617e5850d77f00a8f8c62d,figurapdf.pdf,0.06,unclassified,unclassified,5,figurapdf,,,,False,,,,,,,82,False,False,70392989a4cf210a,False,,True
26c416273987916d158a32bcd62b0aa84b8306d2697a1dd5238d5aab052ece4d,final.pdf,0.13,analysis,medium,5,final,,,,False,,,,analysis,medium,keyword_text,4242,True,False,c93680af3aafdfaf,False,,True
d3c1ce3712803fbae111141e186daf847d2ae2f68f53f187ca47367f02518c4e,finalfall11make-up.pdf,0.09,unclassified,unclassified,5,finalfall11make-up,,,,False,,,,,,,1603,True,False,cde0a6cbd939e1d8,False,,True
6bb952675976bc324e957ce79597c569fee52849d186e44a666d106dad2f17f7,fisher2.pdf,0.25,unclassified,unclassified,5,fisher.dvi,,,,False,,,,,,,6059,True,False,0f4a7ab0017a409b,False,,True
999c59821b62ba8398a1dc669e6965e6c4ed1170c52ac97f664615f4d9546b47,fourier.pdf,0.12,analysis,low,5,fourier,,,,False,,,,analysis,low,keyword_text,14753,True,False,ae8da6ce79497378,False,,True
6d41f441f88542fb12b1a92e8cd43269a1153548f5026e0b3824fca8d871d1d5,frechet.pdf,0.06,unclassified,unclassified,5,frechet.dvi,,,,False,,,,,,,7658,True,False,22b2a9246c634b39,False,,True
466e50fba14ce864534b8b22e1f85a6290073ea551bd6ac6724f1de7d8548313,full.pdf,0.21,unclassified,unclassified,5,full,,,,False,,,,,,,3834,True,False,be885bbdba623966,False,,True
3b88c6886a6fd7df380026055179724d540da36130b49b5dfef3fb95fc51e315,gamma2dokzero.pdf,0.45,unclassified,unclassified,5,gamma2dokzero,,,,False,,,,,,,14530,True,False,332f2237261ea2e7,False,,True
469157b16528a7282a0bd38e039b71b8c9696d46740d9c0165aa50706fbc460a,git-cheat-sheet-education.pdf,0.1,unclassified,unclassified,5,git-cheat-sheet-education,,,,False,,,,,,,4656,True,False,c07b8b2ee6e0ba4e,False,,True
05de652dfbb9154b5f9625ffd33caec7a929577be3b7c56ce1380498b16ef1fa,gmw_2015.pdf.pdf,0.74,unclassified,unclassified,5,gmw_2015.pdf,,,,False,,,,,,,13080,True,False,c6ddb2411bc6cc34,False,,True
d2ea8e17930a1b8d6c1154a98ce20db5dde71cc3d1e1367a57044fb75b30664c,gold10.pdf,0.14,unclassified,unclassified,5,gold10,,,,False,,,,,,,7638,True,False,cbe72416596639a0,False,,True
4d6f7672e6d1b4a142b486ea2132b7b90960ceb6fe94b582a75b0e8e71586adc,graphSISFinal (1).pdf,0.62,unclassified,unclassified,5,graphSISFinal (1),,,,False,,,,,,,18962,True,False,7bc5003c86f5a7cf,False,,True
4696e8ab5dab5023532a20aa1b3db01f4eae5d2ef7b0c1cc5e44cb49d5da1a9d,hadjidem-N.pdf,0.93,unclassified,unclassified,5,hadjidem-N,,,,False,,,,,,,13506,True,False,c0dad26be13e3721,False,,True
9221b4bc464b2842cacf86e57de13484f867efc496c42157a117ef42ce026744,hasanyan2020.pdf,0.5,signal_processing,low,5,hasanyan2020,,,,False,,,,,,,26219,True,False,372e4de86e03ddfd,False,,True
9fab6ff9244962c097db5952389669ae002240eae6c346dc63fe9e4bcea62cc5,history_of_actuarial_profession.pdf,0.07,actuarial_insurance,low,5,tah012-.dvi,,,,False,,,,,,,23793,True,False,c28ac365956115a9,False,,True
3180754fa81a2a06fc6e01d6b5296184b7e2eb38622bc35f165936998734f540,hmwk2.pdf,0.16,unclassified,unclassified,5,hmwk2,,,,False,,,,,,,763,True,False,faf698ee1dbb0bd3,False,,True
48d89fa9f051ca1221e7ef3d55709799dff8a7ab26f20be337e1ca735b83a318,hmwk3.pdf,0.18,unclassified,unclassified,5,hmwk3,,,,False,,,,,,,1240,True,False,0547a232032261d6,False,,True
260c261e06773a3b5ea7e62849a468874de9ef31b87b1b11503ef57918dcd0d9,holmes.pdf,0.59,dynamical_systems,low,5,holmes,,,,False,,,,dynamical_systems,low,keyword_text,24629,True,False,8f2a952c65357400,False,,True
907d55de347bfef3c02d26b5bf5c17203e29952eacd76af1eac71fe9826f481b,homework.pdf,0.11,unclassified,unclassified,5,homework,,,,False,,,,,,,7825,True,False,097c81b9ab9873ab,False,,True
17a76d344292c058bb460f495280be8402ac7dc6fb8ac521999c2751a53fe9a0,hw2n.pdf,0.11,unclassified,unclassified,5,hw2n,,,,False,,,,,,,600,True,False,a3a7546c16b44df3,False,,True
f09596e5c73a568914561380822f698d89821e891d32772da6f70757346a82db,hwset9.pdf,0.16,mathematics,medium,5,hwset9,,,,False,,,,mathematics,medium,keyword_text,1921,True,False,e0f3dc0be0394dcc,False,,True
85385195609f81f3644848c447f81cf69931b74b4b4cee5d00c5c8030248aac1,i-9.pdf,0.48,unclassified,unclassified,5,I-9 Employment Eligibility Verification,,,,False,,,,,,,14481,True,False,68fb718888f4a666,False,,True
72c4706e8a5dcdad6ac5318e5d78b7f2f20f4e1e0dc262b3afc88e32e320b52f,ihv009.pdf,0.65,unclassified,unclassified,5,ihv009,,,,False,,,,,,,20233,True,False,8694ae699096e3fc,False,,True
af966158da0d9ecae3d2937a3e13745f586bd2f8e1163d4ba401ba0fa38cdd57,impactBOOTrev.pdf,0.21,unclassified,unclassified,5,impactBOOTrev,,,,False,,,,,,,11662,True,False,e7c30a650f97e30f,False,,True
b0b37a5e5b7f303670b88c4f9a84c5428d35541d7a36de552377a6ed33cf7b3e,importing_data_in_r_2_ch5.pdf,0.55,unclassified,unclassified,5,ch_5_pdf.key,,,,False,,,,,,,917,True,False,91c6f1eedd9cbbfe,False,,True
fb839afb56c4cd4460018ced5237b01b05c9b3f62386dcc3275e980903fdc153,infectionProbabilities 2.pdf,0.06,unclassified,unclassified,5,infectionProbabilities 2,,,,False,,,,,,,716,True,False,3035c6795ffb2fff,False,,True
7a48de6bde84a205bbc840cff187e232d44404c1d185df993b52aa33a09e0496,intermediate_r_ch5_slides.pdf,0.71,unclassified,unclassified,5,intermediate_r_ch5_slides,,,,False,,,,,,,988,True,False,4fe4cec872d0ae72,False,,True
c2bdbda3899cb56f7a4205a948b464bdcaf605d426041604d5b5a37d0edd9b83,intro_NLP_1.pdf,0.69,unclassified,unclassified,5,intro_NLP_1,,,,False,,,,,,,1358,True,False,6cb5079412840fb3,False,,True
377a01fefe4c5e48716e7897f6f0f72c60ac16945ed1df6b18dfb800452393b1,intro_to_summary_statistics.pdf,0.76,unclassified,unclassified,5,ch2_slides.key,,,,False,,,,,,,645,True,False,c710a37fbf9c4a5d,False,,True
07ae5df6955ad5c56fdeda7d3f30680b65cb97029b779e3b1f394b96043f1105,isoperimetric_promys.pdf,0.28,unclassified,unclassified,5,isoperimetric_promys,,,,False,,,,,,,9893,True,False,35258fce53a801bf,False,,True
0b3146d4ad7b2f3422b932361ddbf581e16f39ed9ba9da0c041d7a5927af1058,ivoct-eps-converted-to.pdf,0.06,unclassified,unclassified,5,ivoct-eps-converted-to,,,,False,,,,,,,60,True,False,13ac8837c8f79db5,False,,True
4199d92653ec412cc554bf6ed33913b3e71ab8628b059e486f3ec0bb5744d3fe,jfigs.pdf,0.15,mathematics,medium,5,jfigs,,,,False,,,,mathematics,medium,keyword_text,1681,True,False,2c1f045428c8f966,False,,True
5682588cc215582130ca7182b06702607952f6461c48b40e1a38574e5edb6a6a,jogh-10-021102.pdf,0.39,unclassified,unclassified,5,jogh-10-021102,,,,False,,,,,,,24898,True,False,91198445444b58b3,False,,True
b3ba102cb45119b1ebec43ca369b3a5175fc7a5da7fdc9510bc62af6f18726a3,journal.pone.0009018.PDF,0.61,unclassified,unclassified,5,journal.pone.0009018,,,,False,,,,,,,22635,True,False,d48f83b0259d7874,False,,True
ac385fd842f92bfaff21fece600a1c8f1e5fda981a7d9758372267c196a70c48,journal.pone.0016591.PDF,0.84,fitness,low,5,journal.pone.0016591,,,,False,,,,fitness,low,keyword_text,25505,True,False,765c6f8fbb348443,False,,True
6c573e720133774795abf1cd4b797c2141d36f652b1f0151a0d38780fa612b02,jp06.pdf,0.61,unclassified,unclassified,5,jp06,,,,False,,,,,,,15037,True,False,ccfc921c69bf2efd,False,,True
eec921dc45889c6a7148d12653d84f6994d395811ccf40f2bdfd6057d119a9ee,kam.pdf,0.32,dynamical_systems,low,5,kam,,,,False,,,,dynamical_systems,low,keyword_text,15298,True,False,8ce019c711d4ce42,False,,True
cea87f347fe17a4749ba6cce6667f636a9c63736dfd7bacee01421ba8b1ca1a8,keys and super keys.pdf,0.32,unclassified,unclassified,5,keys and super keys,,,,False,,,,,,,1994,True,False,762bde9c65e4ea57,False,,True
35c2c1df9dec7080864913d60b1de4559359ff3587852d5b9e6f075505c7b951,lam_4to1.pdf,0.25,dynamical_systems,low,5,lam_4to1,,,,False,,,,dynamical_systems,low,keyword_text,11946,True,False,37d655280e76db3e,False,,True
512fd371691571d2c1a3cde59e8390fdea1208a3778f9f07d8776a0c6da66b61,laskarChaos090103.pdf,0.73,dynamical_systems,low,5,laskarChaos090103,,,,False,,,,,,,16472,True,False,37a218bacd5acfc3,False,,True
b2608cf922b1e0c96d0cfb6eadf75eca7e133d50e8d957e0264eef92fdef9cb1,last page from brizard.pdf.pdf,0.07,unclassified,unclassified,5,last page from brizard.pdf,,,,False,,,,,,,112,True,False,ee7f8dc8011472a3,False,,True
1fdb858f0346f93d97e954a26983fed976a701fba3be19c10101c6e32de30c19,lec11.pdf,0.07,dynamical_systems,low,5,lec11,,,,False,,,,dynamical_systems,low,keyword_text,4876,True,False,43b6a2f9118d12d6,False,,True
450498126bc5ab2fb5deb95d65ddce0d178b6022c35ed018c2012a01ad324453,len.pdf,0.51,dynamical_systems,low,5,len,,,,False,,,,dynamical_systems,low,keyword_text,20151,True,False,d9c919c26abf9f58,False,,True
3db457918614692069a4a565e7cd845d218366f21b65176a02cfa72f5696b8d2,lienard.pdf,0.13,unclassified,unclassified,5,lienard,,,,False,,,,,,,6955,True,False,84a94818e1af451e,False,,True
8045263ff3853e84db596f3e51e8ed84b0a78024de60e949f274c7e7b82ed366,m4104sec4.pdf,0.12,unclassified,unclassified,5,m4104sec4,,,,False,,,,,,,11103,True,False,58e8c884e7f9d794,False,,True
e1de68be94b0923f7e5a0d450994251f797a7c6f457bfa77ac78b3307c9c22bf,main 19.pdf,0.13,unclassified,unclassified,5,main 19,,,,False,,,,,,,412,True,False,d9fe374aedcecd29,False,,True
92882b625bfcb059a7ff68db63038c8439642faf05eb7d842ebe20a018673f37,main 20.pdf,0.05,unclassified,unclassified,5,main 20,,,,False,,,,,,,3504,True,False,8d8e3193b3a2d9ff,False,,True
a7e7235d49474ee5a64e79c0eb20dc2006a30a8d02db3a6b5971b269dfcb8305,main 22.pdf,0.55,unclassified,unclassified,5,main 22,,,,False,,,,,,,11120,True,False,016252c4feecae80,False,,True
40897e39c0fdaba277cca2f7157211c19037b8436d42b9e29be39d4995741b9e,main 23.pdf,0.57,dynamical_systems,low,5,main 23,,,,False,,,,dynamical_systems,low,keyword_text,11648,True,False,30a29fa5c36984d5,False,,True
58f8ff6fa4b98e10b8d47cccb38e79d875de6b484c8d9698e376a2ab8d474cb5,main_changes.pdf,0.58,dynamical_systems,low,5,main_changes,,,,False,,,,dynamical_systems,low,keyword_text,11418,True,False,3febffc040f01bfa,False,,True
74560f32647c0ebbcfc7692cddecbfd84f40660e94834669bd865c9276141a6f,market-trends-and-product-designs-in-a-rising-interest-rate-environment.pdf,0.27,unclassified,unclassified,5,market-trends-and-product-designs-in-a-rising-interest-rate-environment,,,,False,,,,,,,9226,True,False,ece3f3fa41770c19,False,,True
53bcc7743a0169022e25b19d842e09124ce257b3029a55346594a5e5f99a614f,matthews1999.pdf,0.85,unclassified,unclassified,5,matthews1999,,,,False,,,,,,,18797,True,False,ac197f64f50cd3a9,False,,True
2a6a2c0658793278c98d4bb129495a9d71485d956b480806be5f2a7658720dc4,melnikov 1.pdf,0.06,unclassified,unclassified,5,melnikov 1,,,,False,,,,,,,5351,True,False,9ca6f1179c138380,False,,True
24aabb5e23f297660b1d06dfcc2761963919de93dfe1bf16b86ce9d42bb2d8b1,melnikov2.pdf,0.48,physics,low,5,melnikov2,,,,False,,,,physics,low,keyword_text,16944,True,False,5f4a5553c0ff6225,False,,True
8df31773626b2a61357d393bf9cd16c3f0151e7d5f6b3c78e26fdc7928b1646b,midterm 1.pdf,0.14,unclassified,unclassified,5,midterm 1,,,,False,,,,,,,3402,True,False,c93087bcc91fbc12,False,,True
b536aa57659c480a8651712a098ad676f90ba3141dc49805c8c8cb188b3e91f3,midtermI.pdf,0.05,unclassified,unclassified,5,midtermI,,,,False,,,,,,,2862,True,False,240f0e89a29a3647,False,,True
8a5766bf1bd9ae0da439ab1d67b1f9144fae5de8e928b42fd634c82a356c8714,midtermSol.pdf,0.29,numerical_methods,medium,5,midtermSol,,,,False,,,,numerical_methods,medium,keyword_text,2245,True,False,66d9c0164ae182a9,False,,True
702c82ba8f998297c845010c1dc937ed8b8a4647401b76043e0605014685d285,myfile.pdf,0.52,unclassified,unclassified,5,myfile,,,,False,,,,,,,441,True,False,53a2a908714f892d,False,,True
678af3c037c360f0389406c54581fb15343d800e715ada0d3f0f6b6329a939d0,nadini2018 2.pdf,0.4,unclassified,unclassified,5,nadini2018 2,,,,False,,,,,,,30255,True,False,1718998facad3b92,False,,True
d427ea8c7dad92a2ff4e741d03aec41fdef0909dc9c48073c46f6b166fe732c8,nature04795.pdf,0.66,unclassified,unclassified,5,nature04795,,,,False,,,,,,,32570,True,False,b339079f5e78b9fb,False,,True
a6cd0c44cc0191d8307e7d388ea59b6cab121f807e5f1ad0bd08edf90d6053d6,ncc8138.pdf,0.12,unclassified,unclassified,5,JEM.LST,,,,False,,,,,,,13394,True,False,85a711d9d8ffc8a7,False,,True
4d5aad1ff659bedcac03b237a316970bee76e7a25e4b554f98fb49d5683b06c4,new_feature.pdf,0.58,unclassified,unclassified,5,new_feature,,,,False,,,,,,,22229,True,False,44aa2d2bf7486428,False,,True
acf0056e827cabc2d30a87169f32f771ade46b6031147cdc5ef9f6e00db03009,nlp_2.pdf,0.44,unclassified,unclassified,5,nlp_2,,,,False,,,,,,,1785,True,False,c3d782810d5ee97c,False,,True
f85d2c00b95669462ea20f4badbf2a93889ff872df9382935e086319e18298f0,numericalFinal.pdf,0.11,unclassified,unclassified,5,numericalFinal,,,,False,,,,,,,3773,True,False,164bc855c73684f8,False,,True
c8c84ae9a64e0cf5a81b58d84c2039e68d2bef3d531bf2fe0591a206906d5143,numericalMidterm.pdf,0.09,unclassified,unclassified,5,numericalMidterm,,,,False,,,,,,,2400,True,False,a113d60819971adc,False,,True
ed83eb2378459c9e5da5e695844a24c3770fba33687cafaf0a0683ad5070b3ec,official_scrum_guide_2020.pdf,0.24,unclassified,unclassified,5,official_scrum_guide_2020,,,,False,,,,,,,11037,True,False,d177d729dd379efc,False,,True
d7fb4791d8196813422a55d7d670345bbad045dceb0b5e7f7921aacbf7bb7041,one.pdf,0.09,unclassified,unclassified,5,one,,,,False,,,,,,,154,True,False,ac8f6ae4202237ae,False,,True
039c33e335a74d810d480275960bb5e40c8a6aa5f71744324815e6ad2de95fc6,p03d.pdf,0.16,physics,low,5,p03d,,,,False,,,,physics,low,keyword_text,11856,True,False,5d335c409d5efe4c,False,,True
4a7fc4ba24f0b4c6652e11b2084276d1c00df26e4721af3370edd995b7c34ad6,paper88.pdf,0.68,dynamical_systems,low,5,paper88,,,,False,,,,dynamical_systems,low,keyword_text,20646,True,False,891d8795f9a5091a,False,,True
9e9c39eb0d55d6a685b5f0f52d2c5d42b2c9f5be7a01cd20076e6599a5939264,parametric-resonance-in-the-dynamics-of-an-elliptic-vortex-in-a-periodically-strained-environment.pdf,0.39,dynamical_systems,low,5,parametric-resonance-in-the-dynamics-of-an-elliptic-vortex-in-a-periodically-strained-environment,,,,False,,,,,,,20862,True,False,c0319ccbe84221e3,False,,True
d1cbd18df1090fedb7215c238648c8a284cfc3fd0b66e21899ffd95c17ba388d,pendulumperturb.pdf,0.11,unclassified,unclassified,5,pendulumperturb,,,,False,,,,,,,12603,True,False,9b162207f88f888e,False,,True
d1cdfaef6bd6d1c5001cda94eb77fd4c473d0f0c55b2829ff6b0daf381b3072d,periodic-solution-1.pdf,0.41,dynamical_systems,medium,5,periodic-solution-1,,,,False,,,,dynamical_systems,medium,keyword_text,11253,True,False,55ebf2a1e3b46532,False,,True
ed9f7d6762e668886054cd8cba11564b553f32af575c43d26d282700359d8b9f,pert.pdf,0.74,dynamical_systems,low,5,pert,,,,False,,,,dynamical_systems,low,keyword_text,19950,True,False,75cf1c3b4837456a,False,,True
33f27878e97824393e16ceebe21eef55b7b073244aa02284adb9d4e79fc45cd8,physd99.pdf,0.22,physics,low,5,PII: S0167-2789(99)00021-4,,,,False,,,,physics,low,keyword_text,15387,True,False,c6f043f7c0146f5d,False,,True
827e27f61eef25f1146486a222d7979d935ba4319e516c55b6d445dbe0acf88c,pnas.1821458116.sapp.pdf,0.43,unclassified,unclassified,5,pnas.1821458116.sapp,,,,False,,,,,,,4758,True,False,20f65b0bcd343439,False,,True
ee8b1d878929579ff71d476994fbbbd7f84cd936e73b04230d4ed960c3fc1738,porfiri2014.pdf,0.34,unclassified,unclassified,5,porfiri2014,,,,False,,,,,,,27842,True,False,43439379204a2762,False,,True
9c384bfbf8dafda309dfd5ee27575852f09e057ce53f96e1d4d5f443a3f06430,pq2202013975-2.pdf,0.16,physics,low,5,pq2202013975-2,,,,False,,,,physics,low,keyword_text,27996,True,False,8e042d0a0df4a726,False,,True
3a5810b4c9bd66c52d309b279f672f245b4946e65e9591c9fec8d26a1ce2eed3,preprints201608.0215.v1.pdf,0.81,mathematics,medium,5,preprints201608.0215.v1,,,,False,,,,mathematics,medium,keyword_text,10286,True,False,ff98c88f05a9f1f9,False,,True
c4c2457a4c8e7c8421d17eab8b57454007bc9b7e1d1b2d2e3a358c930645b521,preprints202004.0203.v2.pdf,0.4,unclassified,unclassified,5,preprints202004.0203.v2,,,,False,,,,,,,29691,True,False,41721eb521b442da,False,,True
e49c7430bbbbc1d8c3adf122dc97b18abc6e60cc29735674b98d415df1a51097,preprints202004.0203.v4.pdf,0.31,unclassified,unclassified,5,preprints202004.0203.v4,,,,False,,,,,,,36176,True,False,a1ce00bc51ce6298,False,,True
26fdbe5be0a65865426dd31eca3176c18d6a9d8a0395f29f3175a36c82a154e2,prewadah.pdf,0.98,physics,low,5,prewadah,,,,False,,,,physics,low,keyword_text,20479,True,False,01a96eda5bcf4673,False,,True
ae21a6089679e31dfb6b0cce6dfc6b7d4dc11acc50020b88c036f8f5e736e007,ps1.pdf,0.1,linear_algebra,low,5,ps1,,,,False,,,,linear_algebra,low,keyword_text,2210,True,False,0f5e6fe329beab13,False,,True
4bcce7827c127dad504c0276afbe37c427666fadf41020dff69eabf307a0e24a,ps2.pdf,0.1,unclassified,unclassified,5,ps2,,,,False,,,,,,,2366,True,False,6c50c275628b6971,False,,True
1b92ac96e4f03800a412d9d97f217b605a422527bd33cabf5bb0ff3a1c429711,ps3.pdf,0.08,unclassified,unclassified,5,ps3,,,,False,,,,,,,1206,True,False,08baac747c7a7009,False,,True
b0c43925a19b41851783d2c68136c41194ced48e2470e5b99c9fb1b85ac5dfcb,ps4.pdf,0.11,unclassified,unclassified,5,ps4,,,,False,,,,,,,2960,True,False,028a21491c5bd5cd,False,,True
a833a6bfdae9d6a39220f91d61f03ed544be712445e1c1f40dab97d0ec920b46,ps5.pdf,0.11,unclassified,unclassified,5,ps5,,,,False,,,,,,,3967,True,False,7e6d90e0fb90406c,False,,True
65daf03e33aeece6561988d00b4d9eec45c8b9d095c87c5f316f04046ec1e212,qrgtriggerpointtreatment.pdf,0.19,unclassified,unclassified,5,qrgtriggerpointtreatment,,,,False,,,,,,,5583,True,False,5efd373501d63505,False,,True
eb6bdedbf57331d848fa284d962ad12c677bf6b1ecb484bc72b552d3f7281c56,quiz10.pdf,0.33,unclassified,unclassified,5,quiz10,,,,False,,,,,,,293,True,False,2e3122b2cd4d8291,False,,True
017d6d6842d78a8e6334fdad8035ca112e94a4b0fc8b2742e968638191c9e47f,quiz9.pdf,0.65,unclassified,unclassified,5,quiz9,,,,False,,,,,,,313,True,False,dc6699d2690b387a,False,,True
ab093a9de334ce55c1f71c86dccb6171bd8f724d6f73f7332193075559e87bb8,ranalysis.pdf,0.37,mathematics,low,5,ranalysis,,,,False,,,,mathematics,low,keyword_text,11374,True,False,4dd6b279cb96ae40,False,,True
e367a31c269aeb927b9a0b43a67f4d4d916df9efdc9a42895ea56fe9ee1d6412,real1.pdf,0.22,unclassified,unclassified,5,real1,,,,False,,,,,,,9510,True,False,2a29193cf625396d,False,,True
0837a63761c4a831731bf713253f14ff6580ed46f5a2cc245c023673d1b3d7f5,res1.pdf,0.28,dynamical_systems,low,5,res1,,,,False,,,,dynamical_systems,low,keyword_text,11184,True,False,44d87ab9c1531108,False,,True
4c8a59a6c2a2b326a89df43742891efefd2756e0d8f2775f708a8b8d46fcc15b,response_to_reviewers.pdf,0.28,unclassified,unclassified,5,response_to_reviewers,,,,False,,,,,,,18924,True,False,fb0b2a19ee5580cf,False,,True
d34442694405a3de7df9d7c6a2df62abaf2b2a15861271db9c18bde37fcce626,results.pdf,0.1,unclassified,unclassified,5,CFA Program Exam Results,CFA Institute,,,False,,,,,,,7661,True,False,ea99299568adfc23,False,fuzzy_dup_458,True
bbfbca253b48f665bba57c670031a07c7ff8432d64b40cadeb43f58001860d2b,rmt.pdf,0.07,mathematics,medium,5,rmt,,,,False,,,,mathematics,medium,keyword_text,4635,True,False,55a70c75ea895544,False,,True
cd6bbc62dc32c42b5a3b8443225e162e7ec147ff67c1d8c172fd322a760ef538,rnoti-p1457.pdf,0.68,mathematics,medium,5,rnoti-p1457,,,,False,,,,mathematics,medium,keyword_text,14910,True,False,8ab27918e907f42b,False,,True
62c9ee69d8acd467a9b07d03ed089a85c912e4bca96701eaa44d9076eb430c97,rsta20150202.pdf,0.73,linear_algebra,low,5,rsta20150202,,,,False,,,,linear_algebra,low,keyword_text,18429,True,False,f625182a42e59079,False,fuzzy_dup_459,True
caa49b8ef97870a60f8a4142fd74c457c47c4f33e6d651720a272f8f031157e5,s9627.pdf,0.77,analysis,medium,5,s9627,,,,False,,,,analysis,medium,keyword_text,9359,True,False,f5cc3696e4c2a36a,False,,True
fc738c43f84b61b582b30ff3f1cfd6311e51393ebe9717cebdb5e04a54dec86a,schoolOpening 2.pdf,0.33,unclassified,unclassified,5,schoolOpening 2,,,,False,,,,,,,296,True,False,75d79b6c0e5babb1,False,,True
c0719f540456f5f897c7f939c35019314884310b88b06052dac0a031ce1fb950,sci_reprint.pdf,0.61,unclassified,unclassified,5,sci_reprint,,,,False,,,,,,,31625,True,False,d310b0d9f44351c6,False,,True
52ceb82b7f6a1163d7e8c035207be829f486f83a600645b61745d46ec488c85a,scikitlearn.pdf,0.14,machine_learning,medium,5,scikitlearn,,,,False,,,,machine_learning,medium,keyword_text,6115,True,False,b7596b9d89236674,False,,True
87199de827472ab7b5ef4700d026be08151dd141f12a032dd5340e5f5e69db53,scott_walker.pdf,0.2,unclassified,unclassified,5,scott_walker,,,,False,,,,,,,9737,True,False,606ae4ba3711ee99,False,,True
8e7b70ab1aca4fec3454f8f91333d00e622d1da7b5e25d6b5502b8f70e7f7554,sensitivity-analysis-of-the-effects-of-non-pharmaceutical-interventions-on-covid-19-in-europe.pdf,0.48,unclassified,unclassified,5,sensitivity-analysis-of-the-effects-of-non-pharmaceutical-interventions-on-covid-19-in-europe,,,,False,,,,,,,16397,True,False,45b11584f377b4f6,False,,True
aef18cfe4e4b79f2232d482fe3159d843c6fd7c45244fe72f79f50874b592e73,shap_opt_1d.pdf,0.06,unclassified,unclassified,5,shap_opt_1d,,,,False,,,,,,,938,True,False,f23c94d7d78b9cbe,False,,True
5662c31e59b97788faaffa749072c7d7b5aad9f8b5098811ea5effccdac46e20,sitnikov-sub 1.pdf,0.18,physics,medium,5,sitnikov-sub 1,,,,False,,,,physics,medium,keyword_text,10686,True,False,e6bc0fa4375d4483,False,,True
dddb98b50e8451d952ba8ffc2ed4fb51dfb78ec83c6a71180b5eee79d64f4fb1,sitnikov-sub.pdf,0.18,physics,medium,5,sitnikov-sub,,,,False,,,,physics,medium,keyword_text,10638,True,False,b8a7d123b39ed307,False,,True
327aa9738074f28baa0846d5b0313b70939c0977788121263e5f415c7b029c4c,size-guide_US.pdf,0.25,unclassified,unclassified,5,size-guide_US,,,,False,,,,,,,784,True,False,1edcaf005cfae3b7,False,,True
d2f81a5568553d732f875dad83fe7f366d6f1e6b3756de154de583c36e5a4dde,soa.org-Actuarial Guideline XLIX AG49 Past Present and Future.pdf,0.27,actuarial_insurance,low,5,soa.org-Actuarial Guideline XLIX AG49 Past Present and Future,,,,False,,,,,,,7113,True,False,5b1ee8e16a11faf0,False,,True
9dd03facb3fea23656ac7b6e49d4f4d56f3623fa20539eadbebbb82896f3931d,soa.org-What if Mortality Stops Improving Introducing a Product Idea that Shares the Risks and Benefits of Ch.pdf,0.3,functional_programming,low,5,soa.org-What if Mortality Stops Improving Introducing a Product Idea that Shares the Risks and Benefits of Ch,,,,False,,,,functional_programming,low,keyword_text,9676,True,False,4c6112c28a69359e,False,,True
3ec3b6dde3c0ea5896a413062d49956c2ddb737a8ec97027f2a3434dadf87f7c,solns-public.pdf,0.45,unclassified,unclassified,5,solns-public,,,,False,,,,,,,3329,True,False,4aa6f309a12e3939,False,,True
0cc72bec6996ca33027ca4e4c493488ae11c21c8b5e35a055a61b7bf15fddf75,solution for torus surface area.pdf,0.8,unclassified,unclassified,5,solution for torus surface area,,,,False,,,,,,,1288,True,False,8560424ffb4701a8,False,,True
7ff664700da4c7f1544a991b6eb572d15a06b108d2387cbc16c57d38d6b08827,solutions 1.pdf,0.4,time_series,low,5,solutions 1,,,,False,,,,time_series,low,keyword_text,7784,True,False,475ce59d1970fe3f,False,,True
d17db056b4ca1bee629db09d618a7d2970969d210a2f6ce800699fedd83f2ac5,solutions1.pdf,0.17,unclassified,unclassified,5,solutions1,,,,False,,,,,,,8402,True,False,c845eaa1a856f790,False,,True
ae2711b39bf0298c6128c01edc80203e3763adbc1e8d51cf7221b03130597a85,solutions2.pdf,0.16,unclassified,unclassified,5,solutions2,,,,False,,,,,,,7312,True,False,ed29aa139a6c7077,False,,True
1b2c535b9a49daa307b2d02813f675f384ff68c770d9ecff1fde3e360517ccf6,solutions3.pdf,0.2,unclassified,unclassified,5,solutions3,,,,False,,,,,,,8590,True,False,51f4646c4bed73be,False,,True
d44b3fc43c7a82f2d0b4ed1e5c3f34bbfc581b80623fb7c359f9a97981c9a5ba,solutions4.pdf,0.19,analysis,low,5,solutions4,,,,False,,,,analysis,low,keyword_text,6565,True,False,8732d2361bfe2bf0,False,,True
86fdd23c292fa813cdc12316c06e8cfd481622e0513d22fe23128966d87e8176,solutions_final.pdf,0.19,unclassified,unclassified,5,solutions_final,,,,False,,,,,,,9430,True,False,c1302f9f882efb7c,False,,True
9afd855215d009b1611e3fb26e040b802a3e5bb2b73ac721c9e9dcc1d59d82e1,solved04.pdf,0.13,unclassified,unclassified,5,solved04,,,,False,,,,,,,164,True,False,7ce9b0e2a78cd575,False,,True
de7d6a101d6d245ef1fd486248493d07c6b898a5086e3a2d4ab2d57cc40bd199,spectrum.pdf,0.75,unclassified,unclassified,5,spectrum,,,,False,,,,,,,2374,True,False,08f2b91c71ea834f,False,,True
eceaa1d18e3d82dfe031ec1eb78d4c12b852e65486f5eddd33f7f6fec97de86e,sql-cheat-sheet.pdf,0.19,sql,low,5,sql-cheat-sheet,,,,False,,,,,,,2681,True,False,c6d05c6667484324,False,,True
7503ed1718d1a3843e5fadb758700b5b81350c245ffd1accf38a857febbb8bd2,ss-3.pdf,0.52,dynamical_systems,medium,5,ss-3,,,,False,,,,dynamical_systems,medium,keyword_text,9821,True,False,4fad5c96d10d436e,False,,True
6974a4d55bf1b758bd219c02ae3b0600f41a314dd0bda267b5ef348296a99a64,standards.pdf,0.16,unclassified,unclassified,5,standards,,,,False,,,,,,,5126,True,False,7044fcb92e713c68,False,,True
50eecd84ac9b5646019c75f155848329469dd3afd6c52a786ded978779494c7e,stat_think_1A.pdf,0.98,data_science,medium,5,stat_think_1A,,,,False,,,,data_science,medium,keyword_text,1213,True,False,08a8c41f9e9d6261,False,,True
71052f1d4c13d5624961cea27eb907f10fdf42d7e04389622967f7c99bcb42fa,stochastic-calculus-solutions.pdf,0.26,mathematics,low,5,stochastic-calculus-solutions,,,,False,,,,probability_theory,low,keyword_text,9514,True,False,af7207123f0bc8dc,False,,True
d152f6231120c40dd53104445de3d204d12de31b06c39e26b47d3c2430d62809,subgrad.pdf.pdf,0.1,unclassified,unclassified,5,subgrad.pdf,,,,False,,,,,,,1396,True,False,93c719e4051d5a0c,False,,True
19a326c5a72b9525d6adf89fb9a5389c4372c27431d487cadaa3679139801764,subgradients_notes.pdf,0.14,unclassified,unclassified,5,subgradients_notes,,,,False,,,,,,,8164,True,False,45274611a5b73997,False,,True
6aeea32fa5e543fe39dc7e34f6162fde07b1f9c9bdd7bd4620ff74244e830bef,takeout.pdf,0.15,unclassified,unclassified,5,takeout,,,,False,,,,,,,17035,True,False,5d18c827a525f4d6,False,,True
9ee6a37359124ef899f81dd50348ced9bc23511b57355ed97c3852e6cbd6dccf,tensoflorw_certf.pdf,0.35,unclassified,unclassified,5,tensoflorw_certf,,,,False,,,,,,,2796,True,False,46bf9d40bb628ec1,False,,True
b7cd89fd21ebfc239b79e523217e7144b4e3e66878348459418fbd56eaedbd91,thesis format 1.pdf,0.14,mathematics,medium,5,thesis format 1,,,,False,,,,mathematics,medium,keyword_text,2282,True,False,86e3bd6144021596,False,,True
d426a02e672c18faf801628bab8dbe60d2d3a886744917b837caa9ba77ec8f30,thesis.pdf,0.06,unclassified,unclassified,5,thesis,,,,False,,,,,,,4515,True,False,f9f9df0cf4cc8deb,False,,True
fa704c615a6aa0a43c222a8e9d470b09a3ad6e15fb1e57c60de7ceaaf3bea76a,three_vortex_huh 2.pdf,0.25,dynamical_systems,low,5,three_vortex_huh 2,,,,False,,,,,,,107,True,False,1c9472f1d1478425,False,,True
c3b3c7c6bd10e41e80ac76d4cfd921095236bdb1f2ca321450ee233717e41f9e,three_vortex_phase_plane.pdf,0.15,dynamical_systems,low,5,three_vortex_phase_plane,,,,False,,,,,,,88,True,False,18fa673a15b71871,False,,True
4eb71be4c4960a356da04a0d6510004e1ec7c0a378f1b44f3aa73b79be60a6aa,tice last name origin - Google Search.pdf,0.15,unclassified,unclassified,5,tice last name origin - Google Search,,,,False,,,,,,,4217,True,False,186acd882a0b58b6,False,,True
bfcd6ac8ae787bb2506d0e8d516b91989b68cc7f1b8c8e6c103a579664349e34,topic2.pdf,0.35,unclassified,unclassified,5,topic2_2.dvi,,,,False,,,,,,,18169,True,False,95d3101ffcfbf292,False,,True
86402b918485622a8a3bffb70e6f008edbb66c112e5d54724946cbc43016febd,two.pdf,0.09,unclassified,unclassified,5,two,,,,False,,,,,,,154,True,False,3fbee733db000bd7,False,,True
b80d840e879ad830f21c9cb5a7257c855e215590dcd921b863a092f650668d78,ugYJHJHREei8YA7p9DFkZg_ba20bc2091d111e8ab7357cd2948b1d4_Practice-Quiz-3-Solution-Guide.pdf,0.32,unclassified,unclassified,5,ugYJHJHREei8YA7p9DFkZg_ba20bc2091d111e8ab7357cd2948b1d4_Practice-Quiz-3-Solution-Guide,,,,False,,,,,,,5582,True,False,3113d39659b44bcd,False,,True
0ce0f414f768c44fc7112994e7af515e22bb3e336d6417192de4df681f2e512a,universal-epidemic-curve-for-covid-19-and-its-usage-for-forecasting.pdf,0.47,time_series,low,5,universal-epidemic-curve-for-covid-19-and-its-usage-for-forecasting,,,,False,,,,biology_neuroscience,low,keyword_text,18713,True,False,d374c90f50ef49db,False,,True
6f55783f5b3a7abe9fe204d0278fdf54387e279d09835926630d81c0b4092e67,userGuide.pdf,0.37,unclassified,unclassified,5,userGuide,,,,False,,,,,,,11625,True,False,21f249b17447cef0,False,,True
f9c7cffb96928110fe9559183e839b1789f11720837757fec855e10da1401609,validate_2.pdf,0.95,unclassified,unclassified,5,validate_2,,,,False,,,,,,,1857,True,False,2b38c5992e992f56,False,,True
64e1f22c1c396f3f1283aedf310723d622756999d3dc64d99a76219fee8aeb9b,w4.pdf,0.09,analysis,low,5,w4,,,,False,,,,analysis,low,keyword_text,8689,True,False,7c1a9bbd7295b1b6,False,,True
ace40f6321b3b1178e0f7c5616571d589a2cf268ce36fe28bdf04427c9410a77,week2_algorithmic_warmup.pdf,0.31,unclassified,unclassified,5,week2_algorithmic_warmup,,,,False,,,,,,,7128,True,False,0b872796c515ed10,False,,True
d97a526db94548479103a8989c47913663bf9463405f943bbc874e0053ca7945,welcome.pdf,0.07,unclassified,unclassified,5,welcome,,,,False,,,,,,,2081,True,False,768f54f1832fde14,False,,True
e973b5aaf3983e617345ef337303e5ae856ad2067964c774355e126311c80eb0,z85T0LZHQ7-OU9C2RyO_kA_e27ca1e54f8f4308acbc952ca2edf287_Readings---A-Pinch-of-Science-Logistic-Regression-.pdf,0.1,machine_learning,medium,5,z85T0LZHQ7-OU9C2RyO_kA_e27ca1e54f8f4308acbc952ca2edf287_Readings---A-Pinch-of-Science-Logistic-Regression,,,,False,,,,machine_learning,medium,keyword_text,408,True,False,c1d91527f1c3a957,False,,True
eb4278966edc5572cd10fd0c8047378dc33919b6c6fea9b8836405ec5b529697,zerototalcirculation.pdf.pdf,0.91,dynamical_systems,low,5,zerototalcirculation.pdf,,,,False,,,,,,,7657,True,False,f4cdcc1ca7fee2a9,False,,True
b8ac471150c30fae2d7c17fc3e745cb87b242917704a72e9e21a2dbe7b8302e7,zino2019.pdf,0.48,unclassified,unclassified,5,Consensus over Activity Driven Networks,,,,False,,,,,,,29053,True,False,9c370a7396692103,False,,True
5d5b6ee4a169839eb26970729fce166a7102df75a3b6b6e1922290498fc26067,zrp_prl_SM.pdf,0.29,probability_theory,low,5,zrp_prl_SM,,,,False,,,,probability_theory,low,keyword_text,13703,True,False,5f94d19b6347bc44,False,,True
a164c80dc4371a90f436a11f695990b182579a4972aef22d456ab268ace03b5b,Applied-Nonlinear-Dynamics-Analytical-Computational-and-Experimental-Methods-.pdf.pdf,24.57,dynamical_systems,medium,0,Frontmatter,,,,False,,,,dynamical_systems,medium,claude_code,4552,True,False,7fd105e56221f338,False,hash_dup_67,True
9a306a242089d1da6e7c4f516169572c7fa2f422c9c8e8c5db8e4feb214e5b16,07050753.pdf,1.03,dynamical_systems,medium,0,07050753,,,,False,,,,dynamical_systems,medium,keyword_text,15952,True,False,a5b209790dc42cd0,False,hash_dup_76,True
9b9fceb4404fa31372a5fe9a2c9f6106386be31952b0295653e7c62ced2747cd,11112557.pdf,1.6,unclassified,unclassified,0,11112557,,,,False,,,,,,,14682,True,False,65e53b1cf9a2ff76,False,hash_dup_98,True
d6b26aeb5f179e29d9cdcd0d23e71f90bee929096567c33a7e6fb674f4018d7f,13031666.pdf,1.78,unclassified,unclassified,0,13031666,,,,False,,,,,,,21238,True,False,f54697cdfab2e68e,False,hash_dup_109,True
bcb8fd0416160e72f90a5da61b7e1c481bbeaaf9ff85072fbe23b11f3d2e9160,14063519.pdf,1.28,physics,low,0,14063519,,,,False,,,,physics,low,keyword_text,12707,True,False,954d340d6874fdd0,False,hash_dup_117,True
0f66a6861bd02ab910367c0c12a1536861bf9cfeace6489a0806bf099b373336,150105660.pdf,1.58,unclassified,unclassified,0,150105660,,,,False,,,,,,,25249,True,False,960cba5ff3973b88,False,hash_dup_124,True
89ad5e2bbce722a32fbc0ebecde8c663eeeec6648e667af108e99f463553b49e,150800875.pdf,1.35,unclassified,unclassified,0,150800875,,,,False,,,,,,,12690,True,False,51308b3b7656bb8e,False,hash_dup_126,True
f6d127488e39219980c1f594e3ad0c575119a284f1babeaa95b1b4bb825223d0,150806855.pdf,1.14,dynamical_systems,low,0,150806855,,,,False,,,,dynamical_systems,low,keyword_text,24125,True,False,c411b32809698e30,False,hash_dup_127,True
6513281301a96549a9c024b1c5159490c94898417d3956d7f9065e0532083892,160106729.pdf,1.6,physics,low,0,160106729,,,,False,,,,physics,low,keyword_text,15251,True,False,10da9c742c32b5c6,False,hash_dup_129,True
aecd1492309b4558eefda35a3e982ed671f972a00d1fb26266a029d9c2cb4f00,161202041.pdf,1.83,dynamical_systems,medium,0,161202041,,,,False,,,,dynamical_systems,medium,keyword_text,13138,True,False,25fb11e5a5c2264d,False,hash_dup_132,True
72214270d5cfc58e6a3979d7b649a6eb7e2e78a33a324447fcb6ac504add7acb,170105276.pdf,1.21,physics,medium,0,170105276,,,,False,,,,physics,medium,keyword_text,26645,True,False,b63e44bb0a70c4bc,False,hash_dup_133,True
90f52e05d8dca04bc3ec2fc196218f67126c2f4544c71f146b7cf8978f628420,170306362.pdf,1.36,unclassified,unclassified,0,170306362,,,,False,,,,,,,13685,True,False,5003f792eaff9968,False,hash_dup_135,True
83265239ccfbfe35b1d72b524fa985ca3c6c4b70b0ada9618c91cd048864ea45,170709336.pdf,1.01,physics,medium,0,170709336,,,,False,,,,physics,medium,keyword_text,20612,True,False,33297b73cb266f73,False,hash_dup_139,True
daf63f76c91d41909ed5684bb1eaf52dfc83f6676d7f81c5f7ffdc225aa361d9,180607766.pdf,1.65,unclassified,unclassified,0,180607766,,,,False,,,,,,,9558,True,False,965e5d3302e4cbac,False,hash_dup_147,True
0f526a602eb4ba2e958b88e2a9708096d20f9ca7eded0600c25780742316e62d,190100115.pdf,1.25,dynamical_systems,low,0,190100115,,,,False,,,,dynamical_systems,low,keyword_text,9662,True,False,d0991dac504b66af,False,hash_dup_153,True
846729c8f064c23eb069c5b13e80eeae4ba8335f78b1850e22962af8844ff320,1010062Faphy19941044.pdf,0.61,dynamical_systems,medium,0,stq83a0.tmp,Unknown,,,False,,,,dynamical_systems,medium,keyword_text,15787,True,False,ceec8e49daf48920,False,hash_dup_83,True
85a727457dc04a3896eb3a478fac3bc3674eeb578892fa55f144f5fced616ea9,Brandon_Behring_Phys_Fluid_Cover.pdf,0.18,unclassified,unclassified,0,Brandon_Behring_Phys_Fluid_Cover,,,,False,,,,,,,1991,True,False,b3bb7ddd1ba89c37,False,hash_dup_195,True
0d6e6a835b82d869c80ac75ea67c780aaa19ef1f2f8bb81b3f01e58882b38a9d,JAMA The Journal of the American Medical Association Volume 253 issue 19 1985 doi 1010012Fjama198503350430083032 Strauss Richard H -- Anabolic Steroid Use and Perceived Effects in Ten Weight-T.pdf,0.37,unclassified,unclassified,0,JAMA The Journal of the American Medical Association Volume 253 issue 19 1985 doi 1010012Fjama198503350430083032 Strauss Richard H -- Anabolic Steroid Use and Perceived Effects in Ten Weight-T,Apex CoVantage LLC,1985,,False,,,,,,,15251,True,False,b037a42dc8400047,False,hash_dup_264,True
5e5da6408c1273caf8b1b52d107059e30e4e16f8e990ec8b194ba6bbb6487d8c,14027189.pdf,0.52,topology_geometry,low,0,Periodic orbits near a bifurcating slow manifold,K. Uldall Kristiansen,,,False,,,,topology_geometry,low,keyword_text,9610,True,False,eb967f91ef13e82b,False,hash_dup_115,True
7374e117cd38b3780423e8b67b063f067f6fac8b723df5cc37f401ff5f09bcfb,FSA_ERM_Assignment_PDF.pdf,0.25,unclassified,unclassified,0,FSA_ERM_Assignment_PDF,Society of Actuaries,,,False,,,,,,,10296,True,False,25204132ea8d9514,False,hash_dup_235,
fb764c8804c8b4d56bd12b5f436188981abaa4870454d24ffb881e5980ca8a4d,Transition_to_chaos_in_dynamics_of_four_point_vort.pdf,0.32,dynamical_systems,low,0,DANPhys5_06Borisov_ILO,sgmlprep,,,False,,,,,,,13244,True,False,92c7e40b39871c67,False,hash_dup_344,True
b174614f0e3e979aa4c1c39b4176cd9c29a1cabff26560820de19dbcff8ef8a4,2008.00826.pdf,0.42,unclassified,unclassified,0,2008.00826,,2008,,False,,,,,,,26593,True,False,85e77f865eac694b,False,hash_dup_158,True
90efb333a62c67588e46e8e825403d24abc98f3f87180568e0c15758875acf76,201200174.pdf,0.17,causal_inference,medium,0,201200174,,,,False,,,,causal_inference,medium,keyword_text,19208,True,False,a94c8b7c7ed434e7,False,hash_dup_159,True
3de6b234b830d275f465e1d3e686fd5aa6e15959e25fa309554a1f51c0c67258,rspa.2007.0209.pdf,0.31,mathematics,low,0,rspa.2007.0209,,2007,,False,,,,,,,9691,True,False,4d06ca1a2e9f4c17,False,hash_dup_381,True
4878d3edb17a4dd9f0e97ccce2076970e31f427e935ca7bdbab0e7730a214f15,rspa20100453.pdf,0.59,dynamical_systems,low,0,rspa20100453,,,,False,,,,,,,14465,True,False,fa44bdb4a90c5092,False,hash_dup_382,True
3d49644f87b87d969c5d68cf95860233f58dd5713474801b93112e5116b8bf25,rspa20160271.pdf,0.87,dynamical_systems,low,0,rspa20160271,,,,False,,,,physics,low,keyword_text,16368,True,False,2e56947fe32d1dd0,False,hash_dup_383,True
3e4fff14d45e0bf7238e3aeb70b7145ae3ec8f372783a6ab58491c88808248a4,0604098 1.pdf,0.3,dynamical_systems,medium,0,0604098 1,,,,False,,,,dynamical_systems,medium,keyword_text,16445,True,False,1582e8b983739ca2,False,,True
ba2396d080b3ccc4eb0168a6d004a49bdeacfd67ae85d00dbb9f9ef8abe18f35,0604098.pdf,0.3,dynamical_systems,medium,0,0604098,,,,False,,,,dynamical_systems,medium,keyword_text,16445,True,False,1582e8b983739ca2,False,,False
89ccec946029c555c4df09f7eebe53e7e186b7509d7d93222c9df489abb36085,0711.4064v1-3.pdf,0.8,dynamical_systems,low,0,0711.4064v1-3,,,,False,,,,dynamical_systems,low,keyword_text,15147,True,False,6ea64cc8a2bbae7e,False,hash_dup_77,True
f21a75f108cea75ab492e74888ca04276dcb60b1f79faade4e7687684aeb8d0d,08040118.pdf,0.55,unclassified,unclassified,0,arXiv:0804.0118v1  [nlin.CD]  1 Apr 2008,,,,False,,,,,,,28170,True,False,eb51d336c8bef3b1,False,hash_dup_78,True
30df4558e9a9df63ec924d8b4bdf6b7cc9fd6bba049a6742a14f8955a74a2522,08063916.pdf,0.17,dynamical_systems,low,0,08063916,,,,False,,,,dynamical_systems,low,keyword_text,10561,True,False,24ae570b5e2620fc,False,hash_dup_79,True
580369b2c37f61a0ac845320ebe3889c2da16bec4774ba1a811e14959a1e333f,08070314.pdf,0.38,unclassified,unclassified,0,08070314,,,,False,,,,,,,17858,True,False,fb7787c353864058,False,hash_dup_80,True
d891bc3baf2c1c46ee4b91dcd1f7e8e34651c3dcb1890e76b202386b4c4a4ec9,09052134-2.pdf,0.96,dynamical_systems,low,0,09052134-2,,,,False,,,,dynamical_systems,low,keyword_text,12366,True,False,4c9faf0addd88d3e,False,hash_dup_81,True
3d6bc89902e27f05611e42ee13fb95d01421dfa5cf4d514c0af7b5b0c2b7d44d,10054308.pdf,0.99,dynamical_systems,low,0,10054308,,,,False,,,,dynamical_systems,low,keyword_text,18303,True,False,49a8f5b748f9cfa0,False,hash_dup_88,True
4380d66f147fe2a99341831b5ec8254cedd6d18e00347a585167c107d67632bb,1010232Fa3A1008216128436.pdf,0.17,unclassified,unclassified,0,Regular and Chaotic Solutions of the Sitnikov Problem near the 3/2 Commensurability,,,,False,,,,,,,9604,True,False,a6e838a2a85ff160,False,,True
2b54acc5ba63236aef5712783ff27bbfefd11c565ee53e966ee3e3ac948f1b3f,10125613.pdf,0.34,unclassified,unclassified,0,10125613,,,,False,,,,,,,8772,True,False,d1e2ac83ad578be7,False,hash_dup_90,True
792de942a0a4d73a9d5692a8efa4bcc88890871eca89107e72a963029d768181,11065764.pdf,0.25,unclassified,unclassified,0,11065764,,,,False,,,,,,,20071,True,False,c6e010336b71579c,False,hash_dup_95,True
34402fc7d66937acbee822f5f1a8d4e1da2ef15c5dea19232ebc2f20858fc2f9,11106358.pdf,0.15,dynamical_systems,medium,0,11106358,,,,False,,,,dynamical_systems,medium,keyword_text,8618,True,False,2d77189ad1fda9f5,False,hash_dup_97,True
51aa5fef573c3775d2551de496659c985ea666e34818f0a3d6c617ca4e30303f,1111.3843.pdf,0.68,unclassified,unclassified,0,1111.3843,,,,False,,,,,,,13244,True,False,09c3bbb38a992f80,False,hash_dup_99,True
08350739f22d985653264c87415d92cd778d1bf3aafcc8340e126c8105e09868,1201.3728.pdf,0.51,unclassified,unclassified,0,1201.3728,,,,False,,,,,,,11736,True,False,28567f470775ba56,False,,True
b0ea3dfd01873c411d7072e89bfca2dfd9ac2794cc5123417d7121f4bc8ccb36,12013728.pdf,0.51,unclassified,unclassified,0,12013728,,,,False,,,,,,,11736,True,False,28567f470775ba56,False,,False
f3e16e445e611077b77e9fe0ac993dd0d4cac84a815415b03c1220eb4b955a25,12062481.pdf,0.25,dynamical_systems,low,0,arXiv:1206.2481v2  [math-ph]  31 Mar 2014,,,,False,,,,dynamical_systems,low,keyword_text,19078,True,False,8e5c5d05fced0e0f,False,hash_dup_101,True
8c0d55dde7bb762ae971a10d2df3f1ae083e851bf00cb8aa99218dfd84cd4579,12066162.pdf,0.49,unclassified,unclassified,0,12066162,,,,False,,,,,,,18015,True,False,8bc35255911a1c55,False,hash_dup_102,True
95f0df5a9b4f65c3a022fd0d3e39d29b49c5b9d1837384cb22e405ef55a89002,12091012.pdf,0.27,physics,medium,0,arXiv:1209.1012v1  [math.AP]  5 Sep 2012,,,,False,,,,physics,medium,keyword_text,10987,True,False,53f9953c30929273,False,hash_dup_105,True
466a3517c1421b6b5d38d37a4a28080024db6b13e75983fce4d7eb7a5db1a6be,12121274.pdf,0.3,physics,medium,0,12121274,,,,False,,,,physics,medium,keyword_text,15168,True,False,d25865a906d6817b,False,hash_dup_106,True
b8eb80fc845f60d5d1fd2a2ee7829358c77761304ff3c5e729301b6884fdb187,1301.3244.pdf,0.19,dynamical_systems,low,0,1301.3244,,,,False,,,,dynamical_systems,low,keyword_text,10147,True,False,19058e29f41dbe5c,False,hash_dup_107,True
cb6f52f8f11c86969e68eab37e05cd370ccccf281a7a11248be05cdda5a647ac,13013244.pdf,0.19,dynamical_systems,low,0,13013244,,,,False,,,,dynamical_systems,low,keyword_text,10147,True,False,19058e29f41dbe5c,False,,False
c479b8a830284fdba486431858682dde56982a269ebb6168c34b4ab9851b675f,13053974.pdf,0.24,physics,low,0,13053974,,,,False,,,,physics,low,keyword_text,8757,True,False,1ab6f6330dcb3dec,False,hash_dup_110,True
6ee689f9fbda04f5c02a8f6dd6c0914470b3db6d00a3b11e59b8bd9eff355039,1308.4745.pdf,0.56,physics,low,0,1308.4745,,,,False,,,,physics,low,keyword_text,12722,True,False,047f8a4cee3737cf,False,hash_dup_112,True
c69c7f8d0b1cd26f38dd52a63b1990ffb23316c24a9eac70fd7558f9cbe8efab,1403.4533.pdf,0.25,physics,medium,0,1403.4533,,,,False,,,,physics,medium,keyword_text,10418,True,False,ee83554bf7264bc5,False,hash_dup_116,True
cc7c4a9f44274c48b66f16e1e7e03ede604d47c64c58cd6fb93cd182ce1c44ae,14076652.pdf,0.87,physics,low,0,14076652,,,,False,,,,physics,low,keyword_text,15514,True,False,220f39d377d60b2c,False,hash_dup_118,True
f28b41f93e4236203915f95955fd1bc7ec1718e0f208d7a7cb2c5d45dbf16f49,14077685.pdf,0.96,unclassified,unclassified,0,14077685,,,,False,,,,,,,17115,True,False,2b524e737ec786e2,False,hash_dup_119,True
b7c7aa13c40b55cede800e350503784d2bf02264da8d961688e12b40fbcaa04e,14093042.pdf,0.65,physics,low,0,14093042,,,,False,,,,physics,low,keyword_text,16849,True,False,cae37a162d31956f,False,hash_dup_120,True
e59b4cb016fb8c7b948e5758812c54536a78a2e962466f99c4447e8e2b9e23ca,14093042 1.pdf,0.65,physics,low,0,14093042 1,,,,False,,,,physics,low,keyword_text,16849,True,False,cae37a162d31956f,False,,False
ed77dcf56d496419df510be460c9c8cf967aec700faa15a6cfcd6221db15d2c0,1410.2636.pdf,0.39,dynamical_systems,low,0,1410.2636,,,,False,,,,dynamical_systems,low,keyword_text,13593,True,False,90bdb441e18131c8,False,hash_dup_121,True
296a2eddfce91aa59396a63a91402fc64f0d26170b2e216d6cf7395b3f517edc,151006822.pdf,0.39,physics,low,0,151006822,,,,False,,,,physics,low,keyword_text,15357,True,False,6869abc888d48ab0,False,hash_dup_128,True
e9026ee5c8d4756612124cf39255b8ac2b36b9d6883154639699b28d356933d6,160300819.pdf,0.66,unclassified,unclassified,0,160300819,,,,False,,,,,,,17359,True,False,4e672d57b6f832f2,False,hash_dup_130,True
b1932aacc71ec7132826bb40f3a09d19c7d88562600df40716f963daffcbefca,170308929.pdf,0.41,physics,medium,0,170308929,,,,False,,,,physics,medium,keyword_text,13009,True,False,486aeefd1b98b945,False,hash_dup_136,True
6b0a2e395c7c3a6a4a48f6ac096d0f57897c39c2c7fecbd22fdf419497e869df,1704.00495.pdf,0.74,unclassified,unclassified,0,1704.00495,,,,False,,,,,,,8350,True,False,74e4d5027553cf25,False,hash_dup_137,True
370cc7ba7d3cbbe463ed8a617c0a7fa1e00b4204416601cae86ee1e178ba3b16,1709.01242.pdf,0.46,unclassified,unclassified,0,1709.01242,,,,False,,,,,,,14289,True,False,d6312f6ee27bc9e4,False,hash_dup_140,True
57aeb6435fc686f3f8e0f2c04a432ab754b055486366f91262daceeb28668a97,171007940.pdf,0.97,linear_algebra,medium,0,171007940,,,,False,,,,linear_algebra,medium,keyword_text,13336,True,False,1c0f9ca028afcf62,False,hash_dup_141,True
449f4c16baed4f123b48ba39f37882497ad4a58251526680482eb979d1b2ddb7,1711.09182.pdf,0.27,physics,medium,0,1711.09182,,,,False,,,,physics,medium,keyword_text,12979,True,False,2116439e9e88b1db,False,hash_dup_142,True
6c5ce01b4cc8ba78efbbc7905b22af3f49e5bb02f25b5597be0bf3ee2a56606f,180408320-2.pdf,0.53,unclassified,unclassified,0,180408320-2,,,,False,,,,,,,10629,True,False,73ece5e536333d42,False,hash_dup_145,True
0b072ce6538e21217a3f88eaed2c051e371bd0b58b71d8ae889eedc65a92cfa8,1806.01641.pdf,0.32,unclassified,unclassified,0,1806.01641,,,,False,,,,,,,11236,True,False,2946120a46a471a5,False,hash_dup_146,True
ca943669d68c18d04a953835cc7e52f4d9862f27a3b92ed5465c4cfe2596f0d1,180705171-2.pdf,0.39,dynamical_systems,low,0,180705171-2,,,,False,,,,dynamical_systems,low,keyword_text,10281,True,False,db3728756da2e546,False,hash_dup_148,True
fb0167d4ef987528bc15ab1368b01b5a6faf4a8fe48611d26ef9f128ac1e0042,180801769.pdf,0.91,physics,medium,0,180801769,,,,False,,,,physics,medium,keyword_text,11066,True,False,87d4138c3cfcabac,False,hash_dup_149,True
1db6b7346d9264aa5734c831253d8263b6c1074b714c25ab44e60d4d1c8b75d7,1808.09760.pdf,0.32,dynamical_systems,low,0,1808.09760,,,,False,,,,dynamical_systems,low,keyword_text,12050,True,False,e78fb638db0d9ce2,False,hash_dup_150,True
4dccebae2b2e32a079bbca3a6bbe36b424b615baa019696bfae41a24cafcf66e,180809760.pdf,0.32,dynamical_systems,low,0,180809760,,,,False,,,,dynamical_systems,low,keyword_text,12050,True,False,e78fb638db0d9ce2,False,,False
edb7ab2371bdc80dedb29bfeece1494da96dfc271cacc2739bca38c34c9a7dba,1810.03971.pdf,0.33,dynamical_systems,low,0,1810.03971,,,,False,,,,dynamical_systems,low,keyword_text,8478,True,False,629ebb67d65e07cb,False,hash_dup_151,True
dd9ff1f74896e2153e87f71beb6b3144e83875409fcb803dc42c4ca735ede9f7,1905.04059.pdf,0.48,dynamical_systems,low,0,1905.04059,,,,False,,,,dynamical_systems,low,keyword_text,9793,True,False,abe214db2009410e,False,hash_dup_157,True
37298cd019916938fb200049e16d69b15bde27ce83b7775242add88ae3e30b62,Charltte_health_record_immunizations.pdf,0.2,unclassified,unclassified,0,Charltte_health_record_immunizations,,,,False,,,,,,,33907,True,False,e75b10ea67ea4d03,False,hash_dup_160,True
c74f8bbd84a3f9ff7d2715c4f038080f3109c0fc5ea8c11960ad48a4d140d8ea,3dplot.pdf,0.06,unclassified,unclassified,0,3dplot,,,,False,,,,,,,0,False,False,,False,,True
13a65c4d5521ffe3e7e6f91ada870ec645f86ddcc008918b4762ddb373517b50,ACFrOgBA8SGjZHEb7md_JDNwpQz-_9RGscDYfpo76ZuHGkDMGlp2YsFcblG7pUFXlwhOplwuKA5kKwNyR_5aZnrKrfPQMdUhaMvVjvIgx6_fY_DeFK_Hmxy7OUSzyiA=.pdf,0.07,unclassified,unclassified,0,ACFrOgBA8SGjZHEb7md_JDNwpQz-_9RGscDYfpo76ZuHGkDMGlp2YsFcblG7pUFXlwhOplwuKA5kKwNyR_5aZnrKrfPQMdUhaMvVjvIgx6_fY_DeFK_Hmxy7OUSzyiA=,,,,False,,,,,,,2097,True,False,6000dd54815f7578,False,,True
fe2ac0c8faf38e6ade495f460088d53ed801f66737d8aa419c05a0ed5c5c5942,A_New_Integrable_Problem_of_Motion_of_Point_Vortic-2.pdf,0.1,unclassified,unclassified,0,kilin_tesis2.dvi,,,,False,,,,,,,2965,True,False,abe7a48bb9b0c85c,False,fuzzy_dup_405,True
1154ed61c56442ce1c165196556254312629d8a7f934eed7e85d9ffed38fb180,A_New_Integrable_Problem_of_Motion_of_Point_Vortic.pdf,0.1,unclassified,unclassified,0,kilin_tesis2.dvi,,,,False,,,,,,,2965,True,False,abe7a48bb9b0c85c,False,fuzzy_dup_405,False
0cc25fcff419ddff22f775ec761241a953a6cf20259dc0d9209b1b50612c7384,Antiresonance_in_switching_systems (3)_PZ.pdf,0.7,unclassified,unclassified,0,Antiresonance_in_switching_systems (3)_PZ,,,,False,,,,,,,21978,True,False,fb06549647ef1a7b,False,,False
a7bd05f4a9099c1c4dc2a16becbe376b24b4d4755491f3f46970e52ec7554565,Antiresonance_in_switching_systems (3)_PZ_RBV_AB_BMB.pdf,0.71,unclassified,unclassified,0,Antiresonance_in_switching_systems (3)_PZ_RBV_AB_BMB,,,,False,,,,,,,21978,True,False,fb06549647ef1a7b,False,,True
cf5131ba2b672e28f58a3c9ff8cebafadf9ba2701a9df8b490d62f8094b9c16b,Antiresonance_in_switching_systems (6).pdf,0.63,unclassified,unclassified,0,Antiresonance_in_switching_systems (6),,,,False,,,,,,,22085,True,False,18713fa1a5aade02,False,,True
a267fe30a74c334d5d2b051b2ea989c403deeb924322abe45c54d74baa946bfc,Antiresonance_in_switching_systems (6)_BMB.pdf,0.56,unclassified,unclassified,0,Antiresonance_in_switching_systems (6)_BMB,,,,False,,,,,,,22085,True,False,18713fa1a5aade02,False,,False
560b7ee49e07ad920a854aa7e41fda2690d1af239ed29355944e13a9583e0805,BCC214P_MASTER_Rev3_BOX-WITH BACK WINDOW V9.pdf,0.72,unclassified,unclassified,0,BCC214P_MASTER_Rev3_BOX-WITH BACK WINDOW V9,,,,False,,,,,,,4382,True,False,ed483b86ee28bcd5,False,,False
4f1a7d45467f7ccf2adf5b9d011d8a673d46987091c066af2cdedc32c59e8ceb,BTH240SL_Silver_Factory Die Line_V3.pdf,0.91,unclassified,unclassified,0,BTH240SL_Silver_Factory Die Line_V3,,,,False,,,,,,,3136,True,False,2d51165b8e482e36,False,,True
b387bdb1fc5628765886117c227eebb156c0a70b125ce3ee59d5b98180b14356,BTH240SL_Silver_V3Blue Back.pdf,0.91,unclassified,unclassified,0,BTH240SL_Silver_V3Blue Back,,,,False,,,,,,,3136,True,False,2d51165b8e482e36,False,,False
8d2c22d5b4b2ffd3b2cfa9e26610b3cdd0cbb6ccdf4571caa31ba11b27907a0a,"Below Ground 0 sq. ft, FIRST FLOOR 1140 sq. ft, SECOND FLOOR 924 sq. ft, THIRD FLOOR 0 sq. ft.pdf",0.28,unclassified,unclassified,0,"Below Ground 0 sq. ft, FIRST FLOOR 1140 sq. ft, SECOND FLOOR 924 sq. ft, THIRD FLOOR 0 sq. ft",,,,False,,,,,,,1,False,False,,False,,True
ff537caf5cea14c3949a742a3f6263add8beefe3d679906f505cb57f867c6fca,Boas M.L. - Mathematical Methods in the Physical Sciences. Instructor's Solutions Manual  - libgen.lc.pdf,0.4,mathematics,low,0,C:\1\IAB\IAB200~1\BoasIAB.dvi,,,,False,,,,,,,7061,True,False,ecf13a3f3b057d2a,False,fuzzy_dup_413,True
1c9e81542b3657ec1d19d398af0528601ac3a56f6c76b89a57eed9c583425e28,Boas- Mathematical Methods in the Physical Sciences 3ed INSTRUCTORS SOLUTIONS MANUAL.pdf,0.4,mathematics,low,0,C:\1\IAB\IAB200~1\BoasIAB.dvi,,,,False,,,,,,,7061,True,False,ecf13a3f3b057d2a,False,fuzzy_dup_413,False
0c889b1a942e66b971e3425aad26a020514707258b60ed969df4704fbe1ac8a6,Brandon_Behring_Oral_Outline.pdf,0.06,dynamical_systems,medium,0,Brandon_Behring_Oral_Outline,,,,False,,,,dynamical_systems,medium,keyword_text,4532,True,False,1dc5da3df5f9ba63,False,hash_dup_194,True
43bc9ca9584d098acc0aea8232f6abe6983156a7fd71cc5bc4515c1d0e670401,Brandon_Behring_Resume_3.pdf,0.09,unclassified,unclassified,0,Brandon_Behring_Resume_3,,,,False,,,,,,,4192,True,False,a607a2792d890177,False,hash_dup_197,True
616cd5d8f993e42577a232a281b2d54431f89e6a3a409b12e23ed6d39b696f6b,Brandon_Behring_Resume-2.pdf,0.09,machine_learning,low,0,Brandon_Behring_Resume-2,,,,False,,,,machine_learning,low,keyword_text,2951,True,False,e967fdbc3115d042,False,fuzzy_dup_414,True
838bb4e4eb1f8d53831a3c02d1b7a224bd3b4c750c9e0170687e3fe5285451a7,Brandon_Behring_Resume_2.pdf,0.09,machine_learning,low,0,Brandon_Behring_Resume_2,,,,False,,,,machine_learning,low,keyword_text,2951,True,False,e967fdbc3115d042,False,fuzzy_dup_414,False
20e65356258d2de9cb87e09b770ad90c9666b5f79f79b5d39e5954026ad2e363,Brandon_Tatyana_Table_Arrangement.pdf,0.46,unclassified,unclassified,0,Brandon_Tatyana_Table_Arrangement,,,,False,,,,,,,0,False,False,,False,,True
de3d5282b6efbc800a261893a6d6c1348e34797d6bc3901ea2c38165cf40b1e4,Buono_Offin_JGM_Inst_Per_Orbit_Ham 2.pdf,0.34,physics,medium,0,Buono_Offin_JGM_Inst_Per_Orbit_Ham 2,,,,False,,,,physics,medium,keyword_text,11316,True,False,16e0ca800107ca12,False,,True
62f2bb75fe22dd2c9603a2e7c644915bb492b7df7438e3504f300eb1d1363628,Buono_Offin_JGM_Inst_Per_Orbit_Ham.pdf,0.34,physics,medium,0,Buono_Offin_JGM_Inst_Per_Orbit_Ham,,,,False,,,,physics,medium,keyword_text,11316,True,False,16e0ca800107ca12,False,,False
54cb5745a9cf35a0d551866640a1752b1d9c1bd646ade424144d3ff853948dd5,COVID_ABM_Supplementary_PZ_RBV.pdf,0.25,unclassified,unclassified,0,COVID_ABM_Supplementary_PZ_RBV,,,,False,,,,,,,10765,True,False,8c9037a48d1a19a7,False,,False
21d7753afc5ec6e0c3ee7d47607fdcb6fbfd7aae840eb9b2455fbe6a736e3680,COVID_ABM_Supplementary_PZ_RBV_AB_SC.pdf,0.29,unclassified,unclassified,0,COVID_ABM_Supplementary_PZ_RBV_AB_SC,,,,False,,,,,,,10765,True,False,8c9037a48d1a19a7,False,,False
e11d2f2aa14e3282731e56ce6e392ec18ece1274ba391ea51b5b5675e7600eb7,COVID_ABM_Supplementary_PZ_RBV_AB_SC_SB.pdf,0.31,unclassified,unclassified,0,COVID_ABM_Supplementary_PZ_RBV_AB_SC_SB,,,,False,,,,,,,10765,True,False,8c9037a48d1a19a7,False,,True
51a73c1bd8ad97e28decca0b9abd7c27a5019b60900f6de8b9eec0fe239f405f,CalcBSnotes 1.pdf,0.12,analysis,low,0,CalcBSnotes 1,,,,False,,,,analysis,low,keyword_text,13728,True,False,f6b15f04282e8155,False,,True
461b6193d08f98344cbb2bb39a2dbb0377c6510cf217289106b7db5e0d7b7dd1,CalcBSnotes.pdf,0.11,analysis,low,0,CalcBSnotes,,,,False,,,,analysis,low,keyword_text,13728,True,False,f6b15f04282e8155,False,,False
cf8f05829a882f21bf04abeafbcac083000fe57525826160259ec7a7eff31638,Charlotte Louise Behring Trust - Federal EIN #.pdf,0.48,unclassified,unclassified,0,Charlotte Louise Behring Trust - Federal EIN #,,,,False,,,,,,,0,False,False,,False,,True
8cd3d38a932e4d9f511fc098f542999b5d75fa6e2d04129bf97e796c5b2819fc,Charlotte_Immunization.pdf,0.2,unclassified,unclassified,0,Charlotte_Immunization,,,,False,,,,,,,33907,True,False,e75b10ea67ea4d03,False,,False
1fdb853767c3711bf89520770c2c31b29334b59877d795710cee176dd199a39c,ERM_s9_​​​​​​​ERM_Strategic_Planning.pdf,0.56,unclassified,unclassified,0,ERM_s9_​​​​​​​ERM_Strategic_Planning,,,,False,,,,,,,10129,True,False,9e6877f451a729e9,False,hash_dup_228,True
d82fcc9a1e7cdd6d987c67d73adc4344d202b756274d869e54b5b998ae90c7f2,Evans PDE Solution Chapter 5 Sobolev.pdf,0.26,analysis,low,0,Evans PDE Solution Chapter 5 Sobolev,,,,False,,,,,,,6508,True,False,8e71f48949324fde,False,,False
fe11338fbf7777ea5d233770719a1a5ce9f36a949913036d922d602e31e8af5f,FASCORE_OS.pdf,0.65,unclassified,unclassified,0,FASCORE_OS,,,,False,,,,,,,24864,True,False,c67fdcde601fbcfb,False,,False
ab86524273d8361542936c8be4b458a9e1287d57e0a5ef65017b90ffcd738b79,Fig9.pdf,0.28,unclassified,unclassified,0,Fig9,,,,False,,,,,,,0,False,False,,False,,True
9d2cfddd3564b88ec0dc8f696f4fd42ccaa08666bccbbe052d9174bb00acca59,Figure_4.pdf,0.71,unclassified,unclassified,0,Figure_4.png,,,,False,,,,,,,0,False,False,,False,,True
e1c03f57a9f54e88467058fad6ac650acfb1a37f1d019fcbfba275090ca904da,Figure_5a 2.pdf,0.09,unclassified,unclassified,0,Figure_5a 2,,,,False,,,,,,,0,False,False,,False,,True
66feb23f625004ff284ce101ff42f62af845b610dcf87341aa7adf1c031b02e5,High_order_normal_form_construction_near_the_elliptic_orbit_of_the_Sitnikov_problem 1.pdf,0.48,dynamical_systems,low,0,High_order_normal_form_construction_near_the_elliptic_orbit_of_the_Sitnikov_problem 1,,,,False,,,,dynamical_systems,low,keyword_text,12656,True,False,fb4ad0c1f301519e,False,,True
edaaf01ce47d05e6d68c3d858576b89b6767a61ce96af66ea8e15f2a7f189ab6,High_order_normal_form_construction_near_the_elliptic_orbit_of_the_Sitnikov_problem.pdf,0.48,dynamical_systems,low,0,High_order_normal_form_construction_near_the_elliptic_orbit_of_the_Sitnikov_problem,,,,False,,,,dynamical_systems,low,keyword_text,12656,True,False,fb4ad0c1f301519e,False,,False
be7d115307a02f19b78c64fe1333c573215ade9d9846ccc06e2f2ae7f0ae76a1,Highlighted_COVID_ABM_Supplementary.pdf,0.31,unclassified,unclassified,0,Highlighted_COVID_ABM_Supplementary,,,,False,,,,,,,11793,True,False,5d60d00abe4d298c,False,,False
22b9323439c72136f97a2ea0cef17f325bed7e56e2a9527e9e53dacb6277a2ef,Highlighted_COVID_ABM_Supplementary_BB.pdf,0.33,unclassified,unclassified,0,Highlighted_COVID_ABM_Supplementary_BB,,,,False,,,,,,,11793,True,False,5d60d00abe4d298c,False,,True
a81543510cf877fd74b56a84dcbb407d926ecb4f8e14d2305968792c3a24c21f,Highlighted_COVID_ABM_Supplementary_BB1.pdf,0.3,unclassified,unclassified,0,Highlighted_COVID_ABM_Supplementary_BB1,,,,False,,,,,,,11793,True,False,5d60d00abe4d298c,False,,False
1e1540ca7b163e0c3c5ccbdc05870072b25c3bcd701ec3295fcae3f59843f580,Highlighted_COVID_ABM_Supplementary_BB2.pdf,0.3,unclassified,unclassified,0,Highlighted_COVID_ABM_Supplementary_BB2,,,,False,,,,,,,11793,True,False,5d60d00abe4d298c,False,,False
e826bac1664e3f4e02fc7a7920fcb6bdac926ef5bef4a179727ad8ce03885c3e,Highlighted_COVID_ABM_Supplementary_BB_3.pdf,0.3,unclassified,unclassified,0,Highlighted_COVID_ABM_Supplementary_BB_3,,,,False,,,,,,,11793,True,False,5d60d00abe4d298c,False,,False
d3488e419ed89ee63ab515def988218936848a37f860d335953bb142c310ecba,HouseholdProp 2.pdf,0.76,unclassified,unclassified,0,HouseholdProp 2,,,,False,,,,,,,0,False,False,,False,,True
fa05e6fe82cd55bbb458db94caeb2d34c0e80903ac875134742e7f850391fb2f,HspICUInt 2.pdf,0.06,unclassified,unclassified,0,HspICUInt 2,,,,False,,,,,,,0,False,False,,False,,True
96a65562ae4a17879ddbcbafd6e393a525de83bdd4cff1d5ba3a3e22390da3fc,ILA-201-U_DSM_SecA_F2025_v2.pdf,0.65,unclassified,unclassified,0,ILA-201-U_DSM_SecA_F2025_v2,,,,False,,,,,,,6343,True,False,48d5c232fd629726,False,hash_dup_253,True
23818d71cd7817d76b46754168a4b2101bc97ab97d7cd76ed77fb2ca5a81dffd,Kaplan_Schweser_FRM_P2_Introduction.pdf,0.14,unclassified,unclassified,0,Kaplan_Schweser_FRM_P2_Introduction,,,,False,,,,,,,3115,True,False,5f01c93ec3fd948b,False,hash_dup_279,True
871c635a8c710c0404e970116247d1f03e9fe6a17e0075dec0b5521affa7f9c4,Lecture_1_linear_systems_and_matrices_DRAFT.pdf,0.79,unclassified,unclassified,0,Lecture_1_linear_systems_and_matrices_DRAFT,Brandon Behring,,,False,,,,,,,2532,True,False,f5a9092d8f81d164,False,,False
cd453ae78a020ab270f87e22f3a61990af49fd96c74c1a49d365e5cbd5425653,Lecture_5_Example_2.pdf,0.64,unclassified,unclassified,0,Lecture_5_Example_2,,,,False,,,,,,,3,False,False,,False,,True
f57dd7031041e16d6daa7b579120a14cdc516b5a15768d42796f207d37af63b2,M707LectureNotes_4_variational.pdf,0.6,unclassified,unclassified,0,M707LectureNotes.jnt,Administrator,,,False,,,,,,,4,False,False,,False,fuzzy_dup_434,True
2d8d7bb41dd6e077e18b7f54ec01e8e2614f659a80136bc0dbb5769d55cc84f0,M707LectureNotes_8_integrability.pdf,0.65,unclassified,unclassified,0,M707LectureNotes.jnt,Administrator,,,False,,,,,,,4,False,False,,False,fuzzy_dup_434,True
8edf68f9164799e40ae7334bcf06ec8b46c1d1bc6961f9f34fa753ca24b27f3f,ME-GY 6003 Final Exam.pdf,3.23,unclassified,unclassified,0,ME-GY 6003 Final Exam,,,,False,,,,,,,158,True,False,92e68b2743df3bdd,False,,False
91879c3232c4872449e72367fea66f8ae93c59d1b07462579cea58ad04c7be43,NRwLegend 2.pdf,0.74,unclassified,unclassified,0,NRwLegend 2,,,,False,,,,,,,0,False,False,,False,,True
46ddb38c432afcb052fb1f1b9a629b21e6cc02e4510a14c7a1a6c16df9aba474,PSS_Aref_LF_h_0_11.pdf,0.2,unclassified,unclassified,0,PSS_Aref_LF_h_0_11,,,,False,,,,,,,0,False,False,,False,,True
16a97861381f619a6610977fa1e57de2ad87d5b8b2bf6f21929cea77fdd28905,PSS_E0 2.pdf,0.34,unclassified,unclassified,0,PSS_E0 2,,,,False,,,,,,,0,False,False,,False,,True
a9dd397836b57fa704897c9f02faf0a037cf44485b28e2bca1482e5919dd78e5,PSS_E0.pdf,0.34,unclassified,unclassified,0,PSS_E0,,,,False,,,,,,,0,False,False,,False,,True
e691a1ba7fb01ad5e227199e8486ffe65669cf7f6b3060082a836a7c7709878c,PSS_E0_copy.pdf,0.42,unclassified,unclassified,0,PSS_E0_copy,,,,False,,,,,,,67,True,False,,False,,True
5fa96666d5e466783fc865fa6d6a95ea81b4e0a630c5083e5e66ba5c46c5bb40,Practice Quiz: MDPs.pdf,1.64,unclassified,unclassified,0,Practice Quiz: MDPs,,,,False,,,,,,,0,False,False,,False,,True
5167775f74bbffcbee8c2930d526df4274ffb1d086f41b6f90e0aadab430cfc7,"Proceedings Mathematical Physical & Engineering Sciences Volume 468 issue 2139 2012 [doi 10.1098%2Frspa.2011.0388] Casas, F.; Oteo, J. A.; Ros, J. -- Unitary transformations depending on a small param_2.pdf",0.26,mathematics,low,0,"Proceedings Mathematical Physical & Engineering Sciences Volume 468 issue 2139 2012 [doi 10.1098%2Frspa.2011.0388] Casas, F.; Oteo, J. A.; Ros, J. -- Unitary transformations depending on a small param_2",,2012,,False,,,,dynamical_systems,low,keyword_text,13732,True,False,e464615e3deb1033,False,,False
f30993adb52fcedf147c3593dd24d84c717a81653c4aa59135fce1b062375a50,ProposalOutlineV1.pdf,0.08,physics,low,0,ProposalOutlineV1,,,,False,,,,physics,low,keyword_text,7282,True,False,0c82c9acb1eb9ee4,False,,True
5f3449b9f7580c03a6b6a3a71e3d0d78940420d22bf6634224de60e602462306,numpy.pdf,0.63,data_science,medium,0,Cheat sheet Numpy Python copy.indd,,,,False,,,,data_science,medium,keyword_text,7507,True,False,4f35e98458659113,False,hash_dup_314,True
988c1ddf350dd0151cf3fbd0a8675886f3bffd41ce9732f9b40d1d4bc4f30040,Quiz: Practice Assessment.pdf,3.16,unclassified,unclassified,0,Quiz: Practice Assessment,,,,False,,,,,,,0,False,False,,False,,True
a8b47a574e0cb051deb24a0adaee0bf63b565a2b1930a8f26bc274e97dcca2aa,RIAIlogo 2.pdf,0.05,unclassified,unclassified,0,RIAIlogo 2,,,,False,,,,,,,0,False,False,,False,,True
e56a2f7e386b9a54c2534968c332f7f2dfa3244f7acfd716c842aa51b84dc195,RedCardID.pdf,0.07,unclassified,unclassified,0,RedCardID,,,,False,,,,,,,2097,True,False,6000dd54815f7578,False,,False
45ae6ba04dee44f8bb82e23af12f936c10a26443051597f6ba1319983c7f57d4,Regular_and_Chaotic_Solutions_of_the_Sitnikov_Prob_2.pdf,0.17,unclassified,unclassified,0,C:KLUWERCELECELE1818CELE1818.DVI,B L Ganju (Thomson Press India) 1267 1997 Feb 07 16:25:21,,,False,,,,,,,9604,True,False,a6e838a2a85ff160,False,fuzzy_dup_446,False
bd0270a79d560563bcfcade1a97f72a3ed8036f8a154d0f1567f15b3db735e72,Rogue_Reciept.pdf,0.25,unclassified,unclassified,0,Rogue_Reciept,,,,False,,,,,,,0,False,False,,False,,True
35a35749df1095865207e88acfc81ded96d0215bee803a6fa8463fb9fb391a73,SIRInput.pdf,0.49,unclassified,unclassified,0,SIRInput,,,,False,,,,,,,0,False,False,,False,,True
3fc9a35c132c39a86c5f6efa3fd10e585cba9afad90daf6401160ebfee99eb5c,Scanned Documents 1.pdf.pdf,0.38,unclassified,unclassified,0,Scanned Documents 1.pdf,,,,False,,,,,,,0,False,False,,False,,True
77fdf9007ea57cd7d281274e80c3de4807a0ded1b39f34299a97b3ac9b7b5104,Screenshot from 2022-02-24 11-53-45-merged.pdf,0.06,unclassified,unclassified,0,Screenshot from 2022-02-24 11-53-45-merged,,2022,,False,,,,,,,1,False,False,,False,,True
1ebf1bda7746dff66f778d2779de67d9c34df6203f342f0492a15aa73baab66f,TIA_ERM_Drill_Spring2025_QuestionsOnly_V1.pdf,0.42,unclassified,unclassified,0,TIA_ERM_Drill_Spring2025_QuestionsOnly_V1,,,,False,,,,,,,3658,True,False,c75d4f9dca717c7a,False,,False
74a66d41d34879cb7f0c20b1a78933fbfc6097a4165fc6afd05f214d7851ce86,TIA_ERM_Drill_Spring2025_Solutions_V1.pdf,0.64,unclassified,unclassified,0,TIA_ERM_Drill_Spring2025_Solutions_V1,,,,False,,,,,,,3483,True,False,c75d4f9dca717c7a,False,,True
f7f5a68f24b07903e859e33ceed6c0d66ddbf7d24aa1ed099bca294056ab8b09,TIA_LPM_DSM_SecA_F2024-v2.pdf,0.49,unclassified,unclassified,0,TIA_LPM_DSM_SecA_F2024-v2,,,,False,,,,,,,6976,True,False,9f3891aba92542df,False,,True
ddee4d59e47efb64ca2363b9eae4759665fb28629d831bbbb635572d657f8db0,TIA_LPM_DSM_SecA_F2024-v3.pdf,0.49,unclassified,unclassified,0,TIA_LPM_DSM_SecA_F2024-v3,,,,False,,,,,,,6976,True,False,9f3891aba92542df,False,,False
677ea1f5892499b9114bc5fae16211b2ac43e5404289081b084e5657b19dd38d,TestSave.pdf,0.08,physics,low,0,TestSave,,,,False,,,,physics,low,keyword_text,7282,True,False,0c82c9acb1eb9ee4,False,,False
6c7954aa4699cafea69daa8407afffff9a637fd7cffb958d4b2f573fbb5e3140,achievable.pdf,0.06,unclassified,unclassified,0,achievable,,,,False,,,,,,,0,False,False,,False,,True
51299b9d8280d1edc37d52f5c2f16f04231f1a249eaa9b892318e228c11eb62a,activity_alone.pdf,0.06,unclassified,unclassified,0,activity_alone,,,,False,,,,,,,0,False,False,,False,,True
cda0020d283945be1423e748a40b9eeca1d9f623a6c9f17660856bd4ff990d63,activity_v_mask.pdf,0.07,unclassified,unclassified,0,activity_v_mask,,,,False,,,,,,,0,False,False,,False,,True
7c956a7c7573db5fc59258036a3feccbe96a28d47a3a062a0b315f13424ce983,annurev.fl.24.010192.000245-2.pdf.pdf,0.74,dynamical_systems,low,0,annurev.fl.24.010192.000245-2.pdf,,,,False,,,,,,,9494,True,False,2db0fefc6b5127b6,False,hash_dup_357,True
b68c715add2cae58b198b621340e3c46bd909daa622f07fddb5b2a26374cb99c,annurevfl24010192000245-3.pdf,0.74,dynamical_systems,low,0,annurevfl24010192000245-3,,,,False,,,,,,,9464,True,False,7a3b3a6b710ae4a5,False,hash_dup_358,True
45b739d3049b6b1d79130387dfb5f1458865c9dd1daa5b4a681d3a6025466c03,annurev.fl.24.010192.000245.pdf.pdf,0.74,dynamical_systems,low,0,annurev.fl.24.010192.000245.pdf,,,,False,,,,,,,9494,True,False,420d86ae05e68f10,False,hash_dup_359,True
9683b30faaeecfd906dc7559b59a6ea9c8a3f2d2a3d14e0ef92877f0cfb8c8b5,bar.pdf,0.22,unclassified,unclassified,0,bar,,,,False,,,,,,,0,False,False,,False,,True
818e0aec1e1f9b3a338c360603e87a80256c5455e10879762c4f0d6af187d1b6,braid.pdf,0.24,unclassified,unclassified,0,braid,,,,False,,,,,,,0,False,False,,False,,True
a589233ab683a92439e6fb3022e5172b645790a3108f2bef611851f52243f653,braiding_comparasion-eps-converted-to 5.pdf,0.8,dynamical_systems,low,0,braiding_comparasion-eps-converted-to 5,,,,False,,,,,,,0,False,False,,False,,True
09eacc823fb9cf7d6dcc274884cf0c8e5edfce4e72cc94005a9e9b74e86d0bff,ceri_logo.pdf,0.12,unclassified,unclassified,0,Logo CERI carré avec texte.pdf,,,,False,,,,,,,0,False,False,,False,,True
12edca8e7954c7bab1670f444a9665ac7372a918c58b524d258b235f2acb559a,compressed__6d61ac58f5add7fa68ed404a51b2618d_Datascience_Orientation_Defining_Data_Science_Reading.pdf,0.33,unclassified,unclassified,0,compressed__6d61ac58f5add7fa68ed404a51b2618d_Datascience_Orientation_Defining_Data_Science_Reading,Tjido,,,False,,,,,,,174,True,False,ce54f8b313cc90cb,False,,False
edf0bf08626616b7b1ae5b768919fcde313340f1e0b30aa77bb8db3df8f6fd0f,compressed__e35bb4c0fc8d9c5fae2b93f2c8186113_Week-3---slides---White.pdf,0.32,unclassified,unclassified,0,Installing Packages in R  and  Downloading Data,thistleton,,,False,,,,,,,631,True,False,42f606a37734aaf7,False,fuzzy_dup_454,False
cace67ceb92f04fa7851a81bf070acbdd298acaab6c5eecc460fc2a441f4f162,deaths 2.pdf,0.21,unclassified,unclassified,0,deaths 2,,,,False,,,,,,,0,False,False,,False,,True
e4a24bdb7c1ce2489a7f0c68c19fd96a566db5d7a69a810790c002ee683c6248,demo.pdf,0.05,unclassified,unclassified,0,demo,,,,False,,,,,,,0,False,False,,False,,True
5bb089d0f2928bdeef64a507f34eab14608307063d64b43c63e3600d9dcb9df0,dis 14.pdf,0.44,unclassified,unclassified,0,dis 14,,,,False,,,,,,,0,False,False,,False,,True
30365ffa871fb4ff7d2e84bc2e5f41ab104ed469b57b9676ecb4ee073130a91f,elstest-1p.pdf,0.1,unclassified,unclassified,0,elstest-1p,Jos Migchielsen; CV Radhakrishnan; CV Rajagopal,,,False,,,,,,,14508,True,False,76e18ff8cc261696,False,,False
b83474a8f8214ed0035d9bfd8c33a413dcabd756f462d0dd4c4730f623ebd6b3,enderq-eps-converted-to.pdf,0.09,unclassified,unclassified,0,enderq-eps-converted-to,,,,False,,,,,,,0,False,False,,False,,True
dd1b7a0ed72c942e220df7dc7ca1e747b638cb760b8d980aec7cff6603106dee,fig 2.pdf,0.33,unclassified,unclassified,0,fig 2,,,,False,,,,,,,23,False,False,,False,,True
cf24fcf2f6af3431eb79198594e1b8dc57f703088a7122b670e1d4d83a6c83fa,fig 3.pdf,0.46,unclassified,unclassified,0,fig 3,,,,False,,,,,,,9,False,False,,False,,True
712066da333a5757bd6f8ee31d158cc128a824b5a54f8d23ec8ee8b250f95bf1,fig 4.pdf,0.6,unclassified,unclassified,0,fig 4,,,,False,,,,,,,30,False,False,,False,,True
69a971e8c3d17d7edb3c842c982b200872990dbc4e7e8ba3233ff1f4f8764c6d,fig1 2.pdf,0.31,unclassified,unclassified,0,fig1 2,,,,False,,,,,,,15,False,False,,False,,True
6d0a939a3d3d9d18d12e0f64b15a7264ca7dbad48ae9e3769547438d8f75bd46,fig1 3.pdf,0.07,unclassified,unclassified,0,Quartz %d,,,,False,,,,,,,25,False,False,,False,,True
e456dec8f64789fb688794ccd6cf9f92feed884b2d6d81fb3dde8e169e2c6c5e,fig2 3.pdf,0.08,unclassified,unclassified,0,Quartz %d,,,,False,,,,,,,27,False,False,,False,,True
06545cf2c863ec8195da9f2611e82ca9461e832f07bc0070b8ca1c52bb2e459d,fig3 2.pdf,0.08,unclassified,unclassified,0,Quartz %d,,,,False,,,,,,,17,False,False,,False,,True
c9038dd485e324d7503d7f93ef5e8512a9bc572a436a110c982fa318c58683e9,fig4 2.pdf,0.07,unclassified,unclassified,0,Quartz %d,,,,False,,,,,,,22,False,False,,False,,True
53bf23441e727692e3500c5b87db8d5984dc033a0d9ef9b54e33c25cb87e9e66,fig5 2.pdf,0.08,unclassified,unclassified,0,Quartz %d,,,,False,,,,,,,21,False,False,,False,,True
1d60fdc78d57f769f5de29a8fada35beee1508db69c7e46c80e3ead3815dbe09,fig6 2.pdf,0.09,unclassified,unclassified,0,Quartz %d,,,,False,,,,,,,21,False,False,,False,,True
cb71c9b6fc1fa5f34bb3ab8d3e878f28b03ec32cb9513ea39320cae64d6b48f7,fig6 3.pdf,0.11,unclassified,unclassified,0,fig6 3,,,,False,,,,,,,21,False,False,,False,,True
32ce9dfcaf68d2c7d5f0a84c9b3755712f2686a68dbca0126f661ef4732f0140,fig7.pdf,0.12,unclassified,unclassified,0,Quartz %d,,,,False,,,,,,,24,False,False,,False,,True
78baab4f7c9df8605619dfb65f62e608d0fb1b596798985ee148ab610d3ab9ee,header-eps-converted-to.pdf,0.09,unclassified,unclassified,0,Sav529F.tmp,,,,False,,,,,,,0,False,False,,False,,True
e6a57f00563b5be249dfadb211bceece82098f2daecf3c5a962234b98117aa93,hospitalized.pdf,0.2,unclassified,unclassified,0,hospitalized,,,,False,,,,,,,0,False,False,,False,,True
e15416a31141232e159891ee9a62e6c6467829e879c143c92728a47e5cdb9b2f,icu.pdf,0.22,unclassified,unclassified,0,icu,,,,False,,,,,,,0,False,False,,False,,True
584ea47601acfb21c616e2962261c965b794e6fd70c97c69cb6dc7729aa6c26a,initial 3.pdf,0.17,unclassified,unclassified,0,initial 3,,,,False,,,,,,,0,False,False,,False,,True
7ed137389710b6c4cdc82ad08dad04c3f3e52d8f8f82b6cbc36443670cd23d5d,initial_configuration-eps-converted-to 2.pdf,0.25,dynamical_systems,low,0,initial_configuration-eps-converted-to 2,,,,False,,,,,,,0,False,False,,False,,True
c5538f00fa72def759f0ca81e3a061b3ec93922fceaa5679f1594180ef45d203,jpsj522642.pdf,0.55,unclassified,unclassified,0,jpsj522642,Miki Wadati1Institute of Physics; College of General Education; University of Tokyo,,,False,,,,,,,464,True,False,f2ac86e14ef900e8,False,,False
2fbdc971fc93e32d0da5f04acdd54385e5162f4e49a61a7b962e599bba342161,leap_frog_aref 2.pdf,0.18,dynamical_systems,low,0,leap_frog_aref 2,,,,False,,,,,,,0,False,False,,False,,True
7defbc91ea0d1b028c8c58d8f50939643fb826b510973dba24fa37038d26228c,leap_frog_coordinates_comparasion-eps-converted-to 2.pdf,0.78,dynamical_systems,low,0,leap_frog_coordinates_comparasion-eps-converted-to 2,,,,False,,,,,,,0,False,False,,False,,True
18cc5d3782a928893cd880c5c605218621609c5842c42d79a04bc9a7d8f26df5,leap_frog_dimer.pdf,0.33,dynamical_systems,low,0,leap_frog_dimer,,,,False,,,,,,,0,False,False,,False,,True
2080e470bab26d04c571cf5706f576eff3632005890f93a9f3b918731f154a48,leap_frog_initial_configuration.pdf,0.68,unclassified,unclassified,0,leap_frog_initial_configuration,,,,False,,,,,,,0,False,False,,False,,True
8975aaed01ef7919f361fb4c27b55baef64ad9f62b204f9c9c1e22dc7cad8043,leap_frog_lab.pdf,0.27,dynamical_systems,low,0,leap_frog_lab,,,,False,,,,,,,0,False,False,,False,,True
f17a76b511a1ce50df17a500534cc360a7b17c9cde07e420531a4ee985b4edee,leapfrogBreakup2 2.pdf,0.17,unclassified,unclassified,0,leapfrogBreakup2 2,,,,False,,,,,,,3,False,False,,False,,True
80ea81afe5f7331f3f55090aef4462170035202b6547ca8e56c97eacbb0ee03f,less_closure.pdf,0.13,unclassified,unclassified,0,less_closure,,,,False,,,,,,,0,False,False,,False,,True
59e9665a5a998c4bb8c5177d75ffc1e55f014a400d86eca45ef6bc918ae4be85,macmillan_tangle_2.pdf,0.09,unclassified,unclassified,0,macmillan_tangle_2,,,,False,,,,,,,0,False,False,,False,,True
d1c3db39d82a627d6f4bb0ef72fb0ded564ca2389bf5d3b82a62a25f569c9661,mask_alone.pdf,0.12,unclassified,unclassified,0,mask_alone,,,,False,,,,,,,0,False,False,,False,,True
aa1e41dbd4d30d5b2502a1325ee0b9964bd3112ece7c02b378895e0e7a0e242a,modest.pdf,0.06,mathematics,low,0,modest,,,,False,,,,,,,0,False,False,,False,,True
2a96e097e267a8e5efffdc27caab83aab5aa158594e01fbeaa28081c3d89fe87,periodic_orbit 6.pdf,0.06,dynamical_systems,low,0,periodic_orbit 6,,,,False,,,,,,,3,False,False,,False,,True
20bbdd6ee2dd960197d9532c162555095c4173f01ef0570bc6e7ae808cb700e5,plots_for_paper 2.pdf,0.05,unclassified,unclassified,0,plots_for_paper 2,,,,False,,,,,,,0,False,False,,False,,True
63bc18e5725c5251ff7b669a4f1bf32f6723474cfa2a9e605fbb98b6b9d856af,pricing_models_2.pdf,0.33,mathematics,low,0,pricing_models_2,MMobley,,,False,,,,,,,7151,True,False,e8c5e95f0c8c55b1,False,,False
0969d10457bb29909674b5f14fed8744c082a0d439f4026d2e4a57824efe6ad7,readl.pdf,0.12,unclassified,unclassified,0,readl,,,,False,,,,,,,0,False,False,,False,,True
b269fc5bbbf9cddf65cdb69eb4ecc603b5b5d4dc875aabf812014c4ffc2a2947,real_data.pdf,0.09,unclassified,unclassified,0,real_data,,,,False,,,,,,,0,False,False,,False,,True
8ca81cb18e15690e3a7e4c92c88e0600e2dda8941d917f07a73428cdb41284e3,rspa20070209.pdf,0.31,mathematics,low,0,rspa20070209,,,,False,,,,,,,9691,True,False,4d06ca1a2e9f4c17,False,,False
f421dc2e4ebc98f568af7a97e5ebcc0b8eb747f55dcb4b701b150ba7575c73e7,sample.pdf,0.08,unclassified,unclassified,0,sample,Daniel J Barrett,,,False,,,,,,,12,False,False,,False,,True
710ec91cc1ec3ec354a7e4c4a4ff2ca248553d5dd672d82e7c42a1e5c8dd32eb,schematic-eps-converted-to 2.pdf,0.08,unclassified,unclassified,0,./schematic.eps,,,,False,,,,,,,0,False,False,,False,,True
1361e13802f6ef257a152eaffd329f0f53853c9ab624a6b4d0e09539afda61ac,test.pdf,0.11,unclassified,unclassified,0,test,,,,False,,,,,,,0,False,False,,False,,True
e3e693a68df11efc287b5e3ed8b172eb724a274d09fa33576f60f4ac0b487c1c,three_to_one-eps-converted-to 7.pdf,0.58,dynamical_systems,low,0,three_to_one-eps-converted-to 7,,,,False,,,,,,,0,False,False,,False,,True
070bbfcec07d2eb7b59c4d8a44eddd5b15311d1b85734f2e1064590f1e8abd47,timeIntegrals 3.pdf,0.22,unclassified,unclassified,0,timeIntegrals 3,,,,False,,,,,,,0,False,False,,False,,True
d4d032172c0694391ea6acec09b3d39608208c6cab981d17fa0e801b1dba4625,timeIntegrals60.pdf,0.23,unclassified,unclassified,0,timeIntegrals60,,,,False,,,,,,,0,False,False,,False,,True
b8dff7338a69e75dd31dc9119ea7d86f58787296cb3050321b804dc6a2bd827a,trace 3.pdf,0.06,unclassified,unclassified,0,trace 3,,,,False,,,,,,,3,False,False,,False,,True
45ba6a8e39d5a3191a763203dbe1d04fbfebf26af5d444f7975d9eea282a1021,treatment 2.pdf,0.5,unclassified,unclassified,0,treatment 2,,,,False,,,,,,,0,False,False,,False,,True
7cbc18c0f979019a8f1265c25f7e3504460585602181577f4468a75346acc517,two_to_one-eps-converted-to 2.pdf,0.5,dynamical_systems,low,0,two_to_one-eps-converted-to 2,,,,False,,,,,,,0,False,False,,False,,True
a9200a46aede655ab8b4e043f298b9632b21b651a5e4a5d6e9e0afec3ad99039,typical_walk_dis25874 2.pdf,0.17,unclassified,unclassified,0,typical_walk_dis25874 2,,,,False,,,,,,,66,True,False,,False,,True
d5fe0cc042a2db62ebd2c8519821291fb16956d927d17d6d3d11a237e1046e4d,typicaldis 2.pdf,0.37,unclassified,unclassified,0,typicaldis 2,,,,False,,,,,,,50,True,False,,False,,True
71a06c886098169aa68e751f959b6cd2eadbb12e1829354571067d12564c629d,typicaldis.pdf,0.3,unclassified,unclassified,0,typicaldis,,,,False,,,,,,,50,True,False,,False,,True
697df6d947e579f054e90de0a2ac3d6f93663d187c779a8eef975bfbb10ecea8,typicalwalk 2.pdf,0.24,unclassified,unclassified,0,typicalwalk 2,,,,False,,,,,,,56,True,False,,False,,True
4888d4d7bf7b1d34f5d59a0dc33c752320c79cb2c55b0f95a38c7d8d27933a45,typicalwalk19566.pdf,0.12,unclassified,unclassified,0,typicalwalk19566,,,,False,,,,,,,54,True,False,,False,,True
e6a1cb1a971b9a418b35da45f30932f1b585c46e0e7d99a941a2f058e9a85172,typicalwalk21759 2.pdf,0.29,unclassified,unclassified,0,typicalwalk21759 2,,,,False,,,,,,,38,False,False,,False,,True
bf61b2a624458ad988c09855378bd1788cd89048d01fd7a5077f9bd0f5d2c645,vacStudy 2.pdf,0.25,unclassified,unclassified,0,vacStudy 2,,,,False,,,,,,,0,False,False,,False,,True
d6ff8544525494516a2a63ee6250f20b08cfd1bb123b2c6ca077794de9e6dc1c,validation 2.pdf,0.63,unclassified,unclassified,0,validation 2,,,,False,,,,,,,0,False,False,,False,,True
c08331416ec4efa3923cc8b435ab368ed5403079ed7f829350b5fab001611813,vortex_rings 3 2.pdf,0.28,dynamical_systems,low,0,vortex_rings 3 2,,,,False,,,,,,,0,False,False,,False,,True
1528caaa3e9d21f81402016ca3dc7729966cd5190fd14a8dc267ecfbc0e3f1b7,walk_about 15.pdf,0.43,unclassified,unclassified,0,walk_about 15,,,,False,,,,,,,3,False,False,,False,,True
3b3c39b5e02c3fa04f2247da52913a27c899c6855e27a355523835e184258994,walk_about_comparasion-eps-converted-to 3.pdf,0.76,dynamical_systems,low,0,walk_about_comparasion-eps-converted-to 3,,,,False,,,,,,,0,False,False,,False,,True
dfb73f7c8351c831048bda278419ee7159c65bf57377648d8172a9af785aa0b5,walk_braid 10.pdf,0.41,unclassified,unclassified,0,walk_braid 10,,,,False,,,,,,,3,False,False,,False,,True
cb5a046f2fe385ecd00a4bab22ea028f4ebe72c5307d25b1f33bde411e34f80a,walk_dis 18.pdf,0.35,unclassified,unclassified,0,walk_dis 18,,,,False,,,,,,,3,False,False,,False,,True
43cc7c560604681d4885db9be581e34bf87e8d8bcd353e1606c601d09e0a5d6b,walk_dis 19.pdf,0.16,unclassified,unclassified,0,walk_dis 19,,,,False,,,,,,,0,False,False,,False,,True
