filename,size_mb,domain,confidence,is_book,title,authors_str,year,priority_score,duplicate_group,flags_str,sha256,pages
"(Journal of Strength & Conditioning Research) Schoenfeld BJ, Peterson MD, Ogborn D, Contreras B, Sonmez GT-[Article] Effects of Low- Versus High-Load Resistance Training on Muscle Strength and Hypertr.pdf.pdf",0.3,unclassified,unclassified,False,"Schoenfeld BJ, Peterson MD, Ogborn D, Contreras B, Sonmez GT-[Article] Effects of Low- Versus High-Load Resistance Training on Muscle Strength and Hypertr.pdf",,,0,,,bb10410788d728da7e7290ef67e80894cc3c60a54f4e8053515e4d150a08f9d2,32
(Texts in Applied Mathematics 41) Brian Davies (auth.)-Integral Transforms and Their Applications-Springer-Verlag New York (2002).pdf.pdf,20.2,mathematics,low,False,Brian Davies (auth.)-Integral Transforms and Their Applications-Springer-Verlag New York,,2002,50,hash_dup_57,possible_duplicate,f10ae4604ad24bb0560d156ebaed8540c281447a95502931c038e03e03db02e0,386
(Undergraduate texts in mathematics) John Stillwell (auth.)-Naive Lie theory-Springer-Verlag New York (2008).pdf.pdf,1.4,mathematics,low,False,John Stillwell (auth.)-Naive Lie theory-Springer-Verlag New York,,2008,30,hash_dup_62,possible_duplicate,6035281475f06d1c4f1dec0196d217c51f9a2ca23f3912be5266ed8c495ceaf1,230
-Four Hamiltonian Systems 2005.pdf,0.7,dynamical_systems,low,False,Four Hamiltonian Systems 2005,,2005,20,,,c8ecfc9d142aee5293c922154c9145d3d7329f172a296f57e3c5b684babe3be7,25
0000263pdfsequence=1.pdf,0.6,unclassified,unclassified,False,0000263pdfsequence=1,,,0,,,661b31f4ed0ad71e0bf452817aa0e5a65d7c69a4dbdc4447f758393b1a573dba,9
0000384.pdf,1.0,unclassified,unclassified,False,PII: 0167-2789(88)90025-5,,,0,,,5efb4ef83dabc7243ac757b76f7e9cc73418d53c117cf51475b64e7ff8c42ef0,20
0008068.pdf,0.9,unclassified,unclassified,False,arXiv:math/0008068v2  [math.NT]  7 Jan 2001,,,0,,,d090641554ecd4bf99163e1314c7cb3a3547254f4b0bbef1b733efa299823828,125
01-ModelingToolkit.pdf,0.2,software_engineering,low,False,01-ModelingToolkit,Chris Rackauckas,,10,,,c6155deea0eb59f278d01f6743e4e7bbee8e7c4e8ff82942ea5aef50ccf1b5dd,15
01-beeler_reuter.pdf,0.2,mathematics,low,False,01-beeler_reuter,Shahriar Iravanian,,10,,,79d1cbd1b555790fd3c3bcf38e8300348efd835e4209212d9e2384f084868d88,18
01-ode_introduction.pdf,0.5,mathematics,low,False,01-ode_introduction,Chris Rackauckas,,10,,,21d2728939dd672912c72c9db3e0e4936c23a5acb7172cb5e086e77a3d7dd911,20
01-workshop_exercises.pdf,0.1,fitness,low,False,01-workshop_exercises,Chris Rackauckas,,10,,,09b9ef42a27cd01b65c3722928e40ef8967bf8536457e596a22d2a370750b42b,14
0101026.pdf,0.1,unclassified,unclassified,False,arXiv:physics/0101026v1  [physics.class-ph]  4 Jan 2001,,,0,,,7ca977b36a5b2843795e7d42173ac93fb5c09adad929aee0317fc0489481aaa2,9
0105048.pdf,0.6,unclassified,unclassified,False,arXiv:nlin/0105048v3  [nlin.CD]  30 Aug 2001,,,0,,,55ab589363f88efc2a9598d43268b1a0f49da79af30f7d2690a66e12b60e80ce,22
0109202.pdf,0.3,unclassified,unclassified,False,arXiv:math/0109202v1  [math.DS]  25 Sep 2001,,,0,,,4cfc89de9ecdd492f7567136946396ea55f917ea90611249b1e136806f4e3e40,35
0141076820972668.pdf,0.3,unclassified,unclassified,False,"COVID-19, seasonal influenza and measles: potential triple burden and the role of flu and MMR vaccines",Nazrul Islam; Kamlesh Khunti; Azeem Majeed,,10,,,699b5737e6fc3286d3789aff8e2ea0810080bb67c4766e4884cd36c113f3e78d,2
01_11_2024_to_02_08_2024.pdf,0.8,unclassified,unclassified,False,01_11_2024_to_02_08_2024,,,0,,,150f02e1c8708945cc44145cb47a546d9d39a69eb5d90e9c45ff3f835a878a42,4
01_Models2.9.23.pdf,0.5,mathematics,low,False,01_Models2.9.23,,,0,,,528a70eb12f0a2941ab3a0f041ddf476df3b2422ce27acb0de823a65a3568a7b,16
01_intro_1_1_whystudyalgorithms.pdf,0.1,algorithms,low,False,01_intro_1_1_whystudyalgorithms,Daniel Kane; Alexander S. Kulikov; Michael Levin; Pavel Pevzner; Neil Rhodes,,10,,,a8bfab816ef1219ae1a536e467030a01322e3d06c5eb88e8329d5f3b039ad837,18
01_intro_1_2_comingup.pdf,0.1,algorithms,low,False,01_intro_1_2_comingup,Daniel Kane; Alexander S. Kulikov; Michael Levin; Pavel Pevzner; Neil Rhodes,,10,,,e54e336c645f7452f7969322d45f80e0e8bd2f3382d1b07e48221f2795bd88a9,7
01_intro_2_fibonaccinumbers.pdf,0.2,algorithms,low,False,01_intro_2_fibonaccinumbers,Daniel Kane; Alexander S. Kulikov; Michael Levin; Pavel Pevzner; Neil Rhodes,,10,,,0bf8aeb75c36c2ff0add5a3d71306717e8c64d9cf0c1024f50373a979336aa77,44
01_intro_3_GCD1.pdf,0.3,algorithms,low,False,01_intro_3_GCD1,Daniel Kane; Alexander S. Kulikov; Michael Levin; Pavel Pevzner; Neil Rhodes,,10,,,ae356654d2be247be5370d3b058b937eaefc2215ff0306e819f3e220921d9a98,11
01_intro_3_GCD2.pdf,0.1,algorithms,low,False,01_intro_3_GCD2,Daniel Kane; Alexander S. Kulikov; Michael Levin; Pavel Pevzner; Neil Rhodes,,10,,,04e2798584eae571bf45870a2f04a39cef15a98d652160cdd442fd4984e0706f,18
01_intro_4_1_runtimes.pdf,0.4,algorithms,low,False,01_intro_4_1_runtimes,Daniel Kane; Alexander S. Kulikov; Michael Levin; Pavel Pevzner; Neil Rhodes,,10,,,2f97bbe17557ea1bc6b53a88bd9bd6a5bf442489d47a816fd92f1b93b03e3406,20
01_intro_4_2_asymptoticnotation1.pdf,0.1,algorithms,low,False,01_intro_4_2_asymptoticnotation1,Daniel Kane; Alexander S. Kulikov; Michael Levin; Pavel Pevzner; Neil Rhodes,,10,,,3d7fb03ed45780039b1d73445b700b3ee69eb32028c7ab6321b5432b4d2addb3,11
01_intro_5_courseoverview.pdf,0.1,algorithms,low,False,01_intro_5_courseoverview,Daniel Kane; Alexander S. Kulikov; Michael Levin; Pavel Pevzner; Neil Rhodes,,10,,,4226d74874903e84bc06d65345e68f559e7a05f3c06119dfce2d6a462eaa20e1,12
01hofer.pdf,0.3,unclassified,unclassified,False,01hofer,,,0,,,f7d7322a6c87334000cd6b0e5db7e0a7c4672e76ccda4e7f30036f4e7808f08a,44
02-advanced_ODE_solving.pdf,0.2,mathematics,low,False,02-advanced_ODE_solving,Chris Rackauckas,,10,,,c936ee771fbba92c073356c7cb267b6d18edb258bd9e8f539af19995ba11a7ae,18
02-choosing_algs.pdf,0.4,mathematics,low,False,02-choosing_algs,Chris Rackauckas,,10,,,27e042ad27761d963c45fd861fe8a4b39b5f41899f857bc7405873208b9ee4ae,9
02-conditional_dosing.pdf,0.1,unclassified,unclassified,False,02-conditional_dosing,Chris Rackauckas,,10,,,9434ebcf73d5a9ec82907e78d1eeaabe675cc482df8a9b82ecad2a6c076134ce,5
02-feagin.pdf,0.1,unclassified,unclassified,False,"Feagin's Order 10, 12, and 14 Methods",Chris Rackauckas,,10,,,ee2303c9950b4b39043ffe31c0c43ffc0ac4983c29fbcf271877944cc7176249,8
02-monte_carlo_parameter_estim.pdf,0.2,unclassified,unclassified,False,02-monte_carlo_parameter_estim,Chris Rackauckas,,10,,,ed47c6befd4a123ae13066201229d0706dca1e4049f2ed27d55858a3aa2f29e1,7
02-uncertainties.pdf,0.1,unclassified,unclassified,False,02-uncertainties,Mosè Giordano; Chris Rackauckas,,10,,,baaea0d876055e2808bc1318c4d62051d0ad88d150a086d952879bc600ecd7e1,7
02-workshop_solutions.pdf,0.8,fitness,low,False,02-workshop_solutions,Chris Rackauckas,,10,,,b6a3884cd7cd5f9435b47e15f740ede01b5eefa1cc83d9bf480db9912edd40db,10
0202060.pdf,0.1,unclassified,unclassified,False,arXiv:nlin/0202060v1  [nlin.CD]  27 Feb 2002,,,0,,,9affb948d5b58c57cfd47001b42ff2e3cb2bdda503ee16352273db6ca0232be3,17
0207043.pdf,0.5,unclassified,unclassified,False,arXiv:nlin/0207043v3  [nlin.CD]  19 Dec 2002,,,0,,,71b9263c0682ef6c92a4220c79c53ec3ba56c7789a4597049f0590ad1603873e,16
0208032.pdf,0.7,unclassified,unclassified,False,arXiv:nlin/0208032v2  [nlin.CD]  26 Sep 2002,,,0,,,27f8ae30097cdab96dece8aaa267017c3a50b508d192614be7645276e3c07cff,8
0211039.pdf,0.1,unclassified,unclassified,False,arXiv:math-ph/0211039v1  17 Nov 2002,,,0,,,1284f998a5ff0795a4e8054d3ad6c4ea17edb77135324ba2aaa3d54f3232b715,17
02_09_2024_to_03_11_2024.pdf,0.8,unclassified,unclassified,False,02_09_2024_to_03_11_2024,,,0,,,d64b513fe2af428eea1502232e12391f2c97e5cb2325124659fbbd52cd5050a5,4
02_greedy_2_groupingchildren.pdf,0.3,algorithms,low,False,02_greedy_2_groupingchildren,Daniel Kane; Alexander S. Kulikov; Michael Levin; Pavel Pevzner; Neil Rhodes,,10,,,3e6290dc24b5ac5e15b79f95b48b817b01ce8ec60e9863210562558d7c51a74c,41
02_greedy_3_fractionalknapsack.pdf,0.2,algorithms,low,False,02_greedy_3_fractionalknapsack,Daniel Kane; Alexander S. Kulikov; Michael Levin; Pavel Pevzner; Neil Rhodes,,10,,,70bafe681d7f18319ea72e0b3affb99f4187f39d1f68822da3cc067eb0fd1685,33
03-547.pdf,0.7,unclassified,unclassified,False,03-547,Alessandra Celletti,,10,,,ad72402f5a5138b6cbb88c8e4fcd2482c7940639f0c64b598dff9fcd0049fba3,23
03-diffeqbio_I_introduction.pdf,0.7,mathematics,low,False,03-diffeqbio_I_introduction,Samuel Isaacson,,10,,,12bfe9ff5d4c536cd8b3a3e4c64aefedb5f83ff608af16e7a83dab72936a5149,9
03-kolmogorov_equations.pdf,0.1,unclassified,unclassified,False,03-kolmogorov_equations,Ashutosh Bharambe,,25,,,b72f8ade62d9e4f7af307636240462afbe9d34a8bf514f7fae6f03432f57e5e6,21
03-ode_minmax.pdf,0.2,mathematics,low,False,03-ode_minmax,Chris Rackauckas,,10,,,30201e3b8a9a48e34907cd2bdbbd4ff4a72996673cfa71385eef6350917bb162,6
03-optimizing_diffeq_code.pdf,0.1,mathematics,low,False,03-optimizing_diffeq_code,Chris Rackauckas,,10,,,fd6c2664a888147ca0f6b0fcfc5e4fc5e12727fd4353557db4e10d8bf446a0bc,17
0301OllePV1.pdf,0.6,unclassified,unclassified,False,0301OllePV1,,,0,,,7a98693e12a75f13d0e80ee5550dc67dce622380a0da93b8d1378c8bb518f8d1,38
0304265.pdf,0.2,unclassified,unclassified,False,0304265,,,0,,,e5797aa429e264766eb846c58ba269a08c3873f3253aa1a365fb62c5d3c8371d,12
0310022.pdf,0.1,unclassified,unclassified,False,0310022,,,0,,,70dc63d631b8cb88efda6eafbe964c85ec5a43158cd344f3f4ada177e9f41d9e,10
03_09_2024_to_04_10_2024.pdf,0.8,unclassified,unclassified,False,03_09_2024_to_04_10_2024,,,0,,,c8094639735fda7ed375edcdff07c10ee7b92590bc0c7fd71f7663cedf69dcd7,4
03_divide_and_conquer_1_search_array.pdf,1.0,algorithms,low,False,03_divide_and_conquer_1_search_array,Daniel Kane; Alexander S. Kulikov; Michael Levin; Pavel Pevzner; Neil Rhodes,,10,,,4db95ff37ac1b0d17e8528662f72cf9352749e8e42ce1c523b0d6fa0412df07e,110
03_divide_and_conquer_2_polynomial_mult.pdf,0.3,algorithms,low,False,03_divide_and_conquer_2_polynomial_mult,Daniel Kane; Alexander S. Kulikov; Michael Levin; Pavel Pevzner; Neil Rhodes,,10,,,3bf5c09cbde9fd6f8d6a99845aea0ccaafabcca264757bb5a21be5af819fcbcb,114
03_divide_and_conquer_3_master_theorem.pdf,0.2,algorithms,low,False,03_divide_and_conquer_3_master_theorem,Daniel Kane; Alexander S. Kulikov; Michael Levin; Pavel Pevzner; Neil Rhodes,,10,,,daf3850ad1fc893026e5ed78eb54ae88ad109d1e035849048154d61ee7fc2db1,76
03_divide_and_conquer_4_sorting.pdf,0.2,algorithms,low,False,03_divide_and_conquer_4_sorting,Daniel Kane; Alexander S. Kulikov; Michael Levin; Pavel Pevzner; Neil Rhodes,,10,,,0b80460d0fd52d7c4532e5ae5df737274fb80fd08646bd6ac7b7d3e47d276f1c,73
03_divide_and_conquer_5_quicksort.pdf,0.2,algorithms,low,False,03_divide_and_conquer_5_quicksort,Daniel Kane; Alexander S. Kulikov; Michael Levin; Pavel Pevzner; Neil Rhodes,,10,,,01899041d162b2096c8d4b0e2cfe1b5fe3d2df93c742fc08293950651792c9b4,79
04-diffeqbio_II_networkproperties.pdf,0.1,mathematics,low,False,04-diffeqbio_II_networkproperties,Samuel Isaacson,,10,,,fd20b3234ab090863cd9120af338dcfd9b0a433dce9d2a407972fbab3a22ec03,15
0401022.pdf,0.5,unclassified,unclassified,False,0401022,,,0,,,1dde608f6d49a405e227ba4a8462fa1a622682220d8a2eda3a9ee102f087cde1,28
0402430.pdf,2.0,unclassified,unclassified,False,0402430,,,0,,,c3732fd5af198dd4abb81aaa4e76d598359eec7477c70406850027c79b47c9a2,47
0404058.pdf,0.4,unclassified,unclassified,False,0404058,,,0,,,d5dc4fe33f373ec6832f32aab93f32a8e9bb190d9fa688731867b44735839196,18
0407028.pdf,1.5,unclassified,unclassified,False,0407028,,,0,,,65e814328e4870835d02a0910eb5c5834e4e5bfbb9e75c7d04d3caca597efe75,26
0411017.pdf,0.3,unclassified,unclassified,False,0411017,,,0,,,a9db7f6894cee328bc35f2f1b9dd36dcaf2a7a8cc124350b5ba27ef49cebb27e,28
04123.pdf,1.7,unclassified,unclassified,False,04123,,,0,,,bbaabcec55d76a3978bb1968224a38e9818a9331baa2b17c5ffc86f103b99154,30
04_11_2024_to_05_09_2024.pdf,0.8,unclassified,unclassified,False,04_11_2024_to_05_09_2024,,,0,,,ea458a3518c916c679bd8fd5d59593b9d1423b7c8843868d79cf4c57d789be40,4
04_dynamic_programming_1_changeproblem.pdf,1.0,algorithms,low,False,04_dynamic_programming_1_changeproblem,Daniel Kane; Alexander S. Kulikov; Michael Levin; Pavel Pevzner; Neil Rhodes,,10,,,06632ad5ef1b2e7430b0627ec17ff847fed582f32e1af2022ad3eeb71f3be752,41
04_dynamic_programming_3_knapsack.pdf,0.4,algorithms,low,False,04_dynamic_programming_3_knapsack,Daniel Kane; Alexander S. Kulikov; Michael Levin; Pavel Pevzner; Neil Rhodes,,10,,,48c3dd3fcd21080c5ec7e98e788cb1653f91c8abcc560cc39e744ff586c617bf,67
04_dynamic_programming_4_maxarith.pdf,0.1,algorithms,low,False,04_dynamic_programming_4_maxarith,Daniel Kane; Alexander S. Kulikov; Michael Levin; Pavel Pevzner; Neil Rhodes,,10,,,4d6478d600ffdf5e6c195a3451bab34df0dfc52411ab128fb96b4589da5a2047,26
04b_cpt_ops_hsp.pdf,0.2,unclassified,unclassified,False,04b_cpt_ops_hsp,,,0,,,f5e73989acaa6637f4c3fdfcf70f9fb3311eb9a5b21296c194e8c8d84ff63cd8,7
05-kepler_problem.pdf,0.3,unclassified,unclassified,False,05-kepler_problem,Yingbo Ma; Chris Rackauckas,,10,,,500470c71e8e4e51dc64ddbde37f2862d96604c6ea5f2fc8f26b6f407d55cf5c,11
0503049.pdf.pdf,0.2,unclassified,unclassified,False,0503049.pdf,,,0,,,aebc015188504b1793e7ad632fd60debbf965481a4c27b729ac3e2a42598f20a,16
0503066.pdf,0.7,unclassified,unclassified,False,0503066,,,0,,,eccc0f2438b8e5749517d9bd165a6f49bf814e006360265b1ecad50333f33e15,42
0503066.pdf.pdf,0.7,unclassified,unclassified,False,0503066.pdf,,,0,,,156c0bce943dfc5277b339d31d3eab68e27f49d32b79f556aff64d992192c720,41
0506043-2.pdf,0.5,unclassified,unclassified,False,0506043-2,,,0,,,7bc0fcb2e4044610a9724de6a5352effefc081ea0df58ae69bfc8f3be5554d07,29
05_10_2024_to_06_10_2024.pdf,0.8,unclassified,unclassified,False,05_10_2024_to_06_10_2024,,,0,,,6bdb09ed686d40ca09c59091882bd80632dd489c2c89d254e6485b25e61824ca,4
06-pendulum_bayesian_inference.pdf,0.9,statistics,low,False,06-pendulum_bayesian_inference,Vaibhav Dixit,,10,,,e0b4cd0755c5b47a0ccf28202137b416fb2d79a611ca51bdb62a814ee3c5ba74,5
0604098 1.pdf,0.3,unclassified,unclassified,False,0604098 1,,,0,,,3e4fff14d45e0bf7238e3aeb70b7145ae3ec8f372783a6ab58491c88808248a4,20
0604098.pdf,0.3,unclassified,unclassified,False,0604098,,,0,,,ba2396d080b3ccc4eb0168a6d004a49bdeacfd67ae85d00dbb9f9ef8abe18f35,20
0605061.pdf,0.1,unclassified,unclassified,False,0605061,,,0,,,4d9131b8285170f33c20350906f94dd38d7a03d2a878b489fb718a8532db1a61,10
0609427.pdf,1.4,unclassified,unclassified,False,0609427,,,0,,,d087a2c3ce25e8dbb16dc477f2f9b29dea28b71dafdb1006d0e0d4772bbaa11e,29
0611468.pdf,0.2,unclassified,unclassified,False,0611468,,,0,,,63a59c03205c07b9de4c80958050cb6404c1644f042f1adb8f83883028a32d5b,14
06784511.pdf,3.5,mathematics,low,False,Modeling Temporal Activity Patterns in Dynamic Social Networks,,,0,,,d85fe561a1f77d668100f9a2791d94573b709d378658270d630966eab04efc8f,19
06_11_2024_to_07_10_2024.pdf,0.8,unclassified,unclassified,False,06_11_2024_to_07_10_2024,,,0,,,d7221965f233ac5da96b4d067afb6c46bfb2618994eb36bfa4ccc7ea46830762,4
07-outer_solar_system.pdf,0.1,unclassified,unclassified,False,07-outer_solar_system,Yingbo Ma; Chris Rackauckas,,10,,,430678f74bc2263f992258419a20f3a46ee7bc9d451ecad6d2e7f13373d81adf,7
0703023v1.pdf,0.7,unclassified,unclassified,False,0703023v1,,,0,,,0ae8a8d49cfdbb46276b01ba627407a287ecc95af0aa995dcdc08cad47bc8aff,29
07040146.pdf,0.3,unclassified,unclassified,False,arXiv:0704.0146v1  [cond-mat.other]  2 Apr 2007,,,0,,,f3793906e33331678e1497f49316f55cf07fc57ea1ab8a260e83ac582ccad207,17
07050753.pdf,1.0,unclassified,unclassified,False,07050753,,,0,hash_dup_76,possible_duplicate,9a306a242089d1da6e7c4f516169572c7fa2f422c9c8e8c5db8e4feb214e5b16,39
070696453 1.pdf,0.6,dynamical_systems,medium,False,070696453 1,Patricia Yanguas; Jesús F. Palacián; Kenneth R. Meyer; H. Scott Dumas,,25,,,f8cf83f0fe0422cafa887719329a1a6181245fdd20c13d1ad5181bcb86d0e121,30
070696453.pdf,0.6,dynamical_systems,medium,False,"Periodic Solutions in Hamiltonian Systems, Averaging, and the Lunar Problem | SIAM Journal on Applied Dynamical Systems | Vol. 7, No. 2 | Society for Industrial and Applied Mathematics",Patricia Yanguas; Jesús F. Palacián; Kenneth R. Meyer; H. Scott Dumas,,45,,,758035d9be7da8066a2f9e5862ae3db7e561165a3d6c30def0a0ff17c2ff8422,30
0707.pdf,0.3,unclassified,unclassified,False,0707,,,0,,,90d9c9f1f20b4d9b4ffefa6822ee1574c8ba4002c7c0560ec907dda5302427aa,7
070707.pdf,0.2,unclassified,unclassified,False,070707,,,0,,,66f2ca88ba028e1f94990822710fbfdf29b74614d7b3a6774865c4d8a1c8c949,4
0711.4064v1-2.pdf,0.8,unclassified,unclassified,False,0711.4064v1-2,,,0,hash_dup_77,possible_duplicate,89ccec946029c555c4df09f7eebe53e7e186b7509d7d93222c9df489abb36085,17
0711.4064v1-3.pdf,0.8,unclassified,unclassified,False,0711.4064v1-3,,,0,hash_dup_77,possible_duplicate,89ccec946029c555c4df09f7eebe53e7e186b7509d7d93222c9df489abb36085,17
07121103v1.pdf,0.2,unclassified,unclassified,False,07121103v1,,,0,,,643ba1ea3a0fc62004535c8729c31b74c318475347c924873d9955dba9cda5c4,20
07303.pdf,0.2,unclassified,unclassified,False,07303,,,0,,,3151006931791ff1f55a66ef7ac700f29af5441acb48a6811d0d34db38d810e3,23
07_11_2024_to_08_08_2024.pdf,0.8,unclassified,unclassified,False,07_11_2024_to_08_08_2024,,,0,,,8f9d8b28523ef4aa4d33c7a50a8acd732bddd7e60a0b522914b9bc7f8a51f20a,6
08-spiking_neural_systems.pdf,0.6,unclassified,unclassified,False,08-spiking_neural_systems,Daniel Müller-Komorowska,,10,,,64105e7cbaa1cdd0b34e8d486f2b1981d5b8db786cc8d4d9d65376f07841fdd7,20
0801.3588.pdf,0.8,topology_geometry,low,False,0801.3588,jean-jacques,,10,,,44de0e7ce67fe4b6a9c2e9c17b6fbeb1d7bac0eef4786fee255198143db876d1,24
08024313.pdf,0.3,unclassified,unclassified,False,08024313,,,0,,,bb945aacf2941d350c23c905194d569929b019d8e0dba0cbfab0f62aeb7aee46,16
0804.0118.pdf,0.6,unclassified,unclassified,False,arXiv:0804.0118v1  [nlin.CD]  1 Apr 2008,,,0,hash_dup_78,possible_duplicate,f21a75f108cea75ab492e74888ca04276dcb60b1f79faade4e7687684aeb8d0d,38
08040118.pdf,0.6,unclassified,unclassified,False,arXiv:0804.0118v1  [nlin.CD]  1 Apr 2008,,,0,hash_dup_78,possible_duplicate,f21a75f108cea75ab492e74888ca04276dcb60b1f79faade4e7687684aeb8d0d,38
08042347.pdf,0.2,unclassified,unclassified,False,08042347,,,0,,,c4059952d675861539d0e6b88815630930bbe3620263d26d28f1d064091e6f07,16
0806.3916.pdf,0.2,unclassified,unclassified,False,0806.3916,,,0,hash_dup_79,possible_duplicate,30df4558e9a9df63ec924d8b4bdf6b7cc9fd6bba049a6742a14f8955a74a2522,12
08063916.pdf,0.2,unclassified,unclassified,False,08063916,,,0,hash_dup_79,possible_duplicate,30df4558e9a9df63ec924d8b4bdf6b7cc9fd6bba049a6742a14f8955a74a2522,12
0807.0314.pdf,0.4,unclassified,unclassified,False,0807.0314,,,0,hash_dup_80,possible_duplicate,580369b2c37f61a0ac845320ebe3889c2da16bec4774ba1a811e14959a1e333f,30
0807.0454.pdf,0.4,unclassified,unclassified,False,0807.0454,,,0,,,60adb6b1c74daaf44d16a63750632643181d9992407ffadc52ed54a0e48d372b,32
08070314.pdf,0.4,unclassified,unclassified,False,08070314,,,0,hash_dup_80,possible_duplicate,580369b2c37f61a0ac845320ebe3889c2da16bec4774ba1a811e14959a1e333f,30
0808.3028.pdf,0.2,unclassified,unclassified,False,0808.3028,,,0,,,7d2dd7374b60a3fd5c6f0da173a096d70d986fad9965b6f7ce8e30a17d20c08a,15
0809.4402.pdf,0.4,unclassified,unclassified,False,0809.4402,,,0,,,51215b9f90b7d878facc548a61bd36511cace904447934939eb0671e5e5ae3bc,35
0811.1785.pdf,0.3,unclassified,unclassified,False,0811.1785,,,0,,,a71554a8abf00d2cb9791c7407ea31099c819a0653eaba8cb0c3713dabb52454,18
08121810.pdf,2.0,unclassified,unclassified,False,08121810,,,0,,,c42391af9bcf3a561ea496b10117874b04269ced981a9556efdd6ba1ebb1ac23,37
08619441.pdf,0.8,unclassified,unclassified,False,On Unveiling the Community Structure of Temporal Networks,,,0,,,6e00d39bc130e053c7aaa74aa292ce5728fc362170fdab210ca3bc859d4ef47a,6
08882376.pdf,0.6,unclassified,unclassified,False,Consensus Over Activity-Driven Networks,,,0,,,f36638bf966f888f81698ddece01634a8ac632f8d8cd8845fca339047d01169b,12
08_09_2024_to_09_09_2024.pdf,0.8,unclassified,unclassified,False,08_09_2024_to_09_09_2024,,,0,,,64a075e5ff941b77eae33932eb51cd64ec74ee44463ab392c9b224181fb3f679,6
09021293.pdf,0.9,unclassified,unclassified,False,09021293,,,0,,,c3215288b0d8c635951b8d86a2f10696d8d5ec3021c6d3d12c6fcbe361eb1969,15
0903.2126.pdf,0.1,unclassified,unclassified,False,0903.2126,,,0,,,626d24ad0a428359f7470e110c03a775b18a44d277a2367d1ae36f58bcbb1603,4
0903.2132.pdf,0.3,unclassified,unclassified,False,0903.2132,,,0,,,55431a3707a648232bb98204dd72c47b2ab8ae801f205c7aadc256133531576f,20
0905.2134-2.pdf,1.0,unclassified,unclassified,False,0905.2134-2,,,0,hash_dup_81,possible_duplicate,d891bc3baf2c1c46ee4b91dcd1f7e8e34651c3dcb1890e76b202386b4c4a4ec9,59
0905.2134.pdf,1.0,unclassified,unclassified,False,0905.2134,,,0,,,87f7eef0e97de61479eca793da1a28c17f2b4ba4707b4980cc4907564ccded26,59
09052134-2.pdf,1.0,unclassified,unclassified,False,09052134-2,,,0,hash_dup_81,possible_duplicate,d891bc3baf2c1c46ee4b91dcd1f7e8e34651c3dcb1890e76b202386b4c4a4ec9,59
09089218.pdf,0.5,signal_processing,low,False,On Assessing Control Actions for Epidemic Models on Temporal Networks,,,0,,,e06bb8cd4853135e5fc0f51eb65b506410353e8e7ac2ba71afef0c8d5af7bd89,6
0909.4513.pdf,0.3,unclassified,unclassified,False,0909.4513,,,0,,,fe6f2b2b758c4e5c5312a10f0ab5aa1f1a86f5cccd5507fa9eb10255e9f911af,7
0910.2575.pdf,0.2,unclassified,unclassified,False,0910.2575,,,0,,,c5518024a4ca47daf7563eac16e45abcd18e76686b1b10642ecfcf3c739350c4,16
0912.0591.pdf,0.2,unclassified,unclassified,False,0912.0591,,,0,,,48fe98ad1ca4b1f17e055c7d2dc8f08da1a344c229a775c7185387256ee7c474,12
0951-7715_27_5_859b.pdf,0.9,unclassified,unclassified,False,0951-7715_27_5_859b,,,0,,,8923d4b7e392a33b6be50ff57cb14f0ec82bf071abe2d7b3f86f946f09aeae83,38
0980011116.pdf,37.9,fitness,low,False,Olympic Weightlifting,,,0,hash_dup_82,possible_duplicate,d2e1fdad17218fdf3a53a6ded51b831035d273952050a530fdf17b00343de7d5,397
0faceb252ceb2e350be593d208c33e15b28e.pdf,0.4,dynamical_systems,high,False,Symbolic Dynamics for the Hénon–Heiles Hamiltonian on the Critical Level,Arioli; et al,,10,,,a2cf3653530af4b87ed420cf3e3d6b23175f0c54a42ecc8a6377f87d2e1f59e7,30
1-s2-0-s0096300319308367-main.pdf,0.8,dynamical_systems,low,False,1-s2-0-s0096300319308367-main,M. Hajiketabi,,25,,,12318b53611cf7d035bd3d2b650656eed78d703c0e3f2706f5f0acbba7d0a7c0,13
1-s2.0-S0022039604005170-main.pdf,0.6,unclassified,unclassified,False,1-s2.0-S0022039604005170-main,,,15,,,803c627686478fdf3027ba2b2d45e87e0b1e1e8554399e0d3bc5c836bad2c20a,72
1-s2.0-S0022247X07007366-main.pdf,0.1,unclassified,unclassified,False,1-s2.0-S0022247X07007366-main,,,15,,,42f03ac0c2217663c733262c739dd49d27b8ab58e61c0b7e7ee4111c8fd77d72,10
1-s2.0-S0167278920304097-main.pdf,0.6,unclassified,unclassified,False,1-s2.0-S0167278920304097-main,,,15,,,18afc95cf633133b2c6e5428687be7069d2d1b15cd9ce9fb9df04d895eebfff5,18
1-s2.0-S0370269313007983-main.pdf,0.4,unclassified,unclassified,False,1-s2.0-S0370269313007983-main,Marcelo Gleiser,,25,,,d011e2b67b61e96e2734f4f314dc96ff4e37ed585fdb17e4dfea9791518271d3,4
1-s2.0-S0375960119308631-main.pdf,0.6,mathematics,low,False,1-s2.0-S0375960119308631-main,Yongwang Gong,,25,,,b9ca3f8ae0d3f3e9231b12c6df358f4a489a7aa019dc574d6ad73dbc52f2c7ec,8
1-s2.0-S0378437115003246-main.pdf,0.8,unclassified,unclassified,False,1-s2.0-S0378437115003246-main,Dun Han,,25,,,6105cad4f0d7397b224fddb63add486cd45993e3c9f65f1486d054562cd9da90,9
1-s2.0-S1473309914710746-main.pdf,0.4,mathematics,low,False,1-s2.0-S1473309914710746-main,Stefano Merler MS,,25,,,d995fd3a418f771c8db8f64c2d362d8b7943c7309bb5256ce6c42d97f7a82e05,8
1-s20-002203967990069X-main.pdf,0.8,unclassified,unclassified,False,1-s20-002203967990069X-main,,,0,,,c387d5c6e79ed106b0346c4addabba874c867f9531663dfa5cc5e8c9e06d1e48,17
1-s20-S0001870809002345-main.pdf,0.2,dynamical_systems,low,False,1-s20-S0001870809002345-main,Xijun Hu; Shanzhong Sun,,25,,,cadb07c361c7108fcdc9b67a722667cb5689bd5c74a8adaf82b962fc14fca2b5,22
1-s20-S0022039601940896-main.pdf,0.2,dynamical_systems,high,False,1-s20-S0022039601940896-main,Roberts; G. E,,10,,,b423a6455a46cc36c552bb4b13f0d3a077d54dffa7f833528345ed78b1e4bf49,28
1-s20-S0022039603002523-main.pdf,0.5,unclassified,unclassified,False,1-s20-S0022039603002523-main,,,15,,,be3c9c2fcb1dffe11f3bb1a950007319afb8c3d54d2159ba64868a223af1f34b,29
1-s20-S0022039606000271-main.pdf,0.4,unclassified,unclassified,False,1-s20-S0022039606000271-main,,,15,,,81dd7e945b83c01398497c963cc588a73f5007cc3941077fcfd422e880525689,33
1-s20-S0022039608004907-main.pdf,0.2,unclassified,unclassified,False,1-s20-S0022039608004907-main,Jifeng Chu; Jinzhi Lei; Meirong Zhang,,25,,,3deebdf39a23268f611fe16bf43acab56d4e41c260b915f734d07fecbec88ad2,13
1-s20-S0022039611001094-main.pdf,0.2,dynamical_systems,high,False,1-s20-S0022039611001094-main,Zhifu Xie,,25,,,4277923c9463a81e9a1ce884c03788caa6f071f7b1256c2806b1b3d319c40064,15
1-s20-S0022039611003032-main.pdf,0.2,dynamical_systems,high,False,1-s20-S0022039611003032-main,Xian-Hua Tang,,25,,,8ffb39be4251cbf3325ae816eda214dcb0f6b0c060707fe3ca376b953be188e9,24
1-s20-S0022039611004682-main.pdf,0.5,mathematics,medium,False,1-s20-S0022039611004682-main,Cheng-Hsiung Hsu,,25,,,d6da04a186c8389cd9f27033850561c0b4e2868b8d9b180718fe4717cd2701ed,36
1-s20-S0022039614002095-main.pdf,0.4,dynamical_systems,high,False,1-s20-S0022039614002095-main,Vivina L. Barutello,,25,,,2a27b953ef7f4477d739566a1d1e1e43fa1ada3322ba7dbd03b695ad1633c160,41
1-s20-S0022039699937233-main.pdf,0.2,dynamical_systems,high,False,1-s20-S0022039699937233-main,Fitzpatrick; P. M; et al,,10,,,ee0abfdc26b506de6dfce8be268917588192e666e57ae4ee021f5ddbc89a1678,23
1-s20-S0022039699937385-main.pdf,0.2,dynamical_systems,high,False,1-s20-S0022039699937385-main,Howison; R. C; et al,,10,,,536e1380a12752fbbe4cd6b4137bcf99fdc4a40f9fc89233b011afb3bce90992,24
1-s20-S0022123611002874-main.pdf,0.2,dynamical_systems,medium,False,1-s20-S0022123611002874-main,Xijun Hu,,25,,,78b9742afba31c1687c96053dece5ba1e10ae371edbff534eba9b9d1cdb206ba,32
1-s20-S0022247X10000661-main.pdf,0.1,dynamical_systems,low,False,1-s20-S0022247X10000661-main,Xiaoping Wang,,25,,,795bfc65163c0c6013eab355b1dad7b8511fb6a8edec7942859f622ce3f4eae6,8
1-s20-S0022247X99966052-main.pdf,0.9,unclassified,unclassified,False,1-s20-S0022247X99966052-main,,,15,,,e032cfde7e96b28b69fce1e86e79596a1b5c6daf3c2df8212f05efcefc1b5b96,14
1-s20-S016727891400178X-main.pdf,0.6,dynamical_systems,medium,False,1-s20-S016727891400178X-main,Pietro-Luciano Buono,,25,,,624f30f26802e97a980ffce2b4c626cdf116b1dbe97980b50bda36571e640c75,16
1-s20-S0307904X11000588-main.pdf,0.2,mathematics,medium,False,1-s20-S0307904X11000588-main,N. Taghizadeh,,25,,,0bd6781d7925348c48c70e69ec682b3a79a4235ebe715c0e242240924e7a9796,7
1-s20-S1474667017388705-main.pdf,0.7,dynamical_systems,high,False,1-s20-S1474667017388705-main,F.J. Muñoz-Almaraz,,25,,,a3ef0ba9b56ee86566c2f893045135bfdd105b2bb2577ebf26d92c19271ea678,6
1. Standard notations for Deep Learning.pdf,0.2,deep_learning,low,False,1. Standard notations for Deep Learning,,,0,,,05fac68188af16a2451408eced626a66e9b60f5bb3ac96a8a2d6dec539dec28d,2
1.2428272.pdf.pdf,1.0,unclassified,unclassified,False,1.2428272.pdf,,,0,,,5a78e912b7f8502f9200da9ccd29c5f006a60c502f024bb2221b4bd0f23d95d9,31
1.525429.pdf.pdf,0.6,dynamical_systems,medium,False,1.525429.pdf,Robert G. Littlejohn,,10,,,bb6aa666c108cb9a027647dcfbc759fe9dfc997bcc6f1e1f97556907f80f377b,7
1.PDF.pdf,0.2,unclassified,unclassified,False,1.PDF,,,0,,,ecc77eaebee756f3286bf43e50f60244ee37daa45da3ecc28601fa861d7a1380,1
1.pdf,0.4,unclassified,unclassified,False,1,,,0,,,27e71b4f4219d7a35d01ac6498bfee7aa7fcaff9674be9a83308ee31b7eb00ca,54
10-SO_pre_website.pdf,0.4,unclassified,unclassified,False,10-SO_pre_website,,,0,,,209ca177bea5efc31ffbf5f0c3d417e59b2aad7e6acedba068cd8643a650c8c4,13
10.1.1.152.6512.pdf,0.2,unclassified,unclassified,False,10.1.1.152.6512,,,0,,,ddebc679b42ca497c4a21d634a512e08f534dea634f126d386f3a8e4b5bf7acd,19
10.1.1.77.3314.pdf,0.3,unclassified,unclassified,False,10.1.1.77.3314,,,0,,,4dcbc6e5ac3c830091e2f86529b4ac50ec82fa1e8b4bec53cc65b616d2a4c5b9,52
10.1006%2Faphy.1994.1044.pdf,0.6,unclassified,unclassified,False,stq83a0.tmp,Unknown,1994,15,hash_dup_83,possible_duplicate,846729c8f064c23eb069c5b13e80eeae4ba8335f78b1850e22962af8844ff320,21
10.1007%2Fs10808-010-0047-5.pdf.pdf,0.3,unclassified,unclassified,False,10.1007%2Fs10808-010-0047-5.pdf,,,0,,,63ec9218dc8ade88edb8ca61361ca447ce32ab3d254cc9a80beb86009a0e7d95,10
10.1023%2Fb%3Anody.0000045547.51598.41.pdf,0.3,unclassified,unclassified,False,10.1023%2Fb%3Anody.0000045547.51598.41,,,0,,,285270de70ac759ee8b009700a0cf5abc8ec85083b98ed17261ff42e82bdfc4b,14
10.1080%2F14029251.2013.805567.pdf,0.9,unclassified,unclassified,False,10.1080%2F14029251.2013.805567,,2013,5,,,0e11de5345264b52ff1044d212791651b31e75dd3d0e367bc703c7210f15e9a1,16
10.1080@19488300.2014.880093.pdf,0.3,unclassified,unclassified,False,UHSE_A_880093_O,Taylor Francis,2014,15,,,9644008b7779824f2e97cea444380f92d59e8a79f61395069764e70293a2411a,23
10.1103%2FPhysRevE.69.056501.pdf,0.2,unclassified,unclassified,False,10.1103%2FPhysRevE.69.056501,,,0,,,59155e663f189507925810039cf3fab87c910920ebbe71e1dc4882a573fa36ec,10
10.1109%2Fcdc.2000.912109.pdf,0.7,dynamical_systems,low,False,10.1109%2Fcdc.2000.912109,IEEE,2000,15,,,69178162c4d9f7abf2a7ab7e88a1b34d51bcf30752e1f262cd0e61b2ce9064d1,8
10.1146%2Fannurev.pc.43.100192.000515.pdf,1.0,dynamical_systems,low,False,10.1146%2Fannurev.pc.43.100192.000515,J M Gomez Llorente; E Pollak,,10,,,d427a910ef1e87df458a0632429db1c8fe3e394b8cc54bfa41379324a9d75964,36
10.pdf,0.2,unclassified,unclassified,False,10,,,0,,,cce8e2b78918021705bcb4b688952d22245a3be547b39fd05ca69c314dfc3440,8
10030922.pdf,3.5,unclassified,unclassified,False,10030922,,,0,,,6bd6902faa9fca01caa321ddcf58269aed927a3eb90d8341fd10131a57e8decb,33
1004.1132.pdf,0.1,unclassified,unclassified,False,1004.1132,,,0,,,0d6e1f342f16b73bf3903e2149da8f53a0d53d1b5cbd2229bdd319f72ab2d73c,9
1005.4308-2.pdf,1.0,unclassified,unclassified,False,1005.4308-2,,,0,hash_dup_88,possible_duplicate,3d6bc89902e27f05611e42ee13fb95d01421dfa5cf4d514c0af7b5b0c2b7d44d,50
1005.4308.pdf,1.0,unclassified,unclassified,False,1005.4308,,,0,hash_dup_88,possible_duplicate,3d6bc89902e27f05611e42ee13fb95d01421dfa5cf4d514c0af7b5b0c2b7d44d,50
10054308.pdf,1.0,unclassified,unclassified,False,10054308,,,0,hash_dup_88,possible_duplicate,3d6bc89902e27f05611e42ee13fb95d01421dfa5cf4d514c0af7b5b0c2b7d44d,50
1006.0346.pdf,0.3,unclassified,unclassified,False,1006.0346,,,0,,,1116c1fd99b6e087fae9524e61f86de7a568bd6354bf8762d23191ea9d8ed686,20
1006.1532-2.pdf,0.6,unclassified,unclassified,False,1006.1532-2,,,0,hash_dup_89,possible_duplicate,fdb54bea1a40ea3edd94f08ada43c7fcbb0c5229ae893299b5c467ac537f818a,78
1006.1532-3.pdf,0.6,unclassified,unclassified,False,1006.1532-3,,,0,hash_dup_89,possible_duplicate,fdb54bea1a40ea3edd94f08ada43c7fcbb0c5229ae893299b5c467ac537f818a,78
1006.1532.pdf,0.6,unclassified,unclassified,False,1006.1532,,,0,hash_dup_89,possible_duplicate,fdb54bea1a40ea3edd94f08ada43c7fcbb0c5229ae893299b5c467ac537f818a,78
1006.2789.pdf,0.5,unclassified,unclassified,False,1006.2789,,,0,,,80478acd8af8330e78a83689b178c378e4559f6934f966d9bec929071f370720,31
10061532.pdf,0.6,unclassified,unclassified,False,10061532,,,0,,,14aade14c6df23b5c6cc6d31a456dde5fc3501371f2de3718001f25e082c3d3e,78
100807673.pdf,1.1,dynamical_systems,medium,False,"Geometric Averaging of Hamiltonian Systems: Periodic Solutions, Stability, and KAM Tori | SIAM Journal on Applied Dynamical Systems | Vol. 10, No. 3 | Society for Industrial and Applied Mathematics",Kenneth R. Meyer; Jesús F. Palacián; Patricia Yanguas,,45,,,adc01e5334b09ca13857bca0a929ef9d28ffa7557f5582b6e2be8b03e2eb4b99,40
1010022Fcpa3160290613.pdf,0.8,dynamical_systems,low,False,1010022Fcpa3160290613,,,0,,,9ac1e2fbf419a3af7c488ccf68190aa24c05c52f69a213cafc1429498631bf53,21
1010022Fzamm20000801344.pdf,0.3,dynamical_systems,medium,False,1010022Fzamm20000801344,,,0,,,1a47a7225f4ade8fcb7e941521902e4c621814661f5fb94c6bbee557e31b1871,4
1010062Faphy19941044.pdf,0.6,unclassified,unclassified,False,stq83a0.tmp,Unknown,,0,hash_dup_83,possible_duplicate,846729c8f064c23eb069c5b13e80eeae4ba8335f78b1850e22962af8844ff320,21
1010062Fjsvi19960863.pdf,0.2,unclassified,unclassified,False,1010062Fjsvi19960863,Blair; K. B; et al,,10,,,53680beb81d8b09c5354888def0bcb25688b47a19f7cfc1c4911c65c2adcf638,15
1010062Fjsvi19981994.pdf,0.1,unclassified,unclassified,False,1010062Fjsvi19981994,Van Dooren,,10,,,7e68ad8f3ed6cf0d0cce3d882b39b93adfebc681f28a413042f8bf0a4533e09d,5
1010072Fbf02848258.pdf,0.5,dynamical_systems,low,False,Time dependent canonical perturbation theory II: Application to the Henon-Heiles system,,,0,,,20141a9661d2ce0a92dfed2d8e6b92783d9e14c76891c5da913e78e6f6d891d0,16
1010072Fs00013-016-0931-1.pdf,0.4,unclassified,unclassified,False,1010072Fs00013-016-0931-1,,,20,,,d28624ca0caf43d5a3aa9e983d6d6a3728050e1430a891260adee27b4311f1db,8
1010072Fs000330050086.pdf,0.2,unclassified,unclassified,False,1010072Fs000330050086,,,0,,,47211e9612412b027231e301deae89326076bf169ca0ba97b121e7ba4fa03317,6
1010072Fs00205-011-0475-2.pdf,0.2,unclassified,unclassified,False,1010072Fs00205-011-0475-2,,,0,,,d80c0d61a453a470a1f4cdf2744684fc98ca15fc9b4a0399834666afeb6b696b,12
1010072Fs10569-011-9380-0.pdf,0.4,unclassified,unclassified,False,1010072Fs10569-011-9380-0,,,0,,,da5e935ec981223221c7a584608c5590430fe9d311a7f6d1d5d33b0f1eadd8d1,16
1010072Fs10569-013-9507-6.pdf,0.3,unclassified,unclassified,False,1010072Fs10569-013-9507-6,,,0,,,80861575e92bd5ff7623cc0d500167b212ae95425d4f462f32646336ab74869c,12
1010072Fs10569-018-9825-9.pdf,0.8,dynamical_systems,low,False,1010072Fs10569-018-9825-9,Mauricio Misquero,,30,,,340e1721f016cb947e350188e1d1c340acaf96ca8adfb374c39319c2355b02d7,25
1010072Fs10884-016-9533-7.pdf,0.7,mathematics,medium,False,1010072Fs10884-016-9533-7,Lúcia Brandão Dias,,30,,,b1362768f9ca16d191ae5d7f1d7aa92035ec354836ad66d9851b71f5132fa9d8,12
1010072Fs11071-008-9346-2.pdf,0.8,unclassified,unclassified,False,1010072Fs11071-008-9346-2,,,0,,,47d8603714ce50c5ca0542913af8dff003538ba569871f416add91fdf5ac27f3,15
1010072Fs11071-011-9950-4.pdf,0.6,unclassified,unclassified,False,1010072Fs11071-011-9950-4,,,0,,,69ff41e84e27f2839fb1ba5c0a70a8bf473fd1554aa4585a49c838a50ff8d8a8,8
1010072Fs12346-008-0012-3.pdf,0.5,unclassified,unclassified,False,1010072Fs12346-008-0012-3,,,0,,,be13d7b9b293fb6e37e5e578508664c957607b8f66a5e7490105aab68ed121bc,14
1010072Fs12346-009-0003-z.pdf,0.4,unclassified,unclassified,False,1010072Fs12346-009-0003-z,,,0,,,e66760ed110db0505341409f29bb0fbc22be8b6a8f340c5dc0084041ad1a5728,23
1010162F0167-27898590177-0.pdf,1.0,unclassified,unclassified,False,1010162F0167-27898590177-0,,,0,,,2f4286f2fa635d122c88ac2750c195a83ac50f59c04beed996ad3200f574adb6,16
1010162F0167-27898690043-6.pdf,0.6,unclassified,unclassified,False,1010162F0167-27898690043-6,,,0,,,f0b49f7e8a348a65c332c08533c349bdf94a41db8502089eaab825096440ec49,10
1010162FS0034-48770280013-1.pdf,0.5,unclassified,unclassified,False,1010162FS0034-48770280013-1,,,0,,,0db3663b0778a8f9c4ccd9462433e55c4288b4830ec64826633c878bdd4e271d,10
1010162Fjcrma200901011.pdf,0.1,dynamical_systems,low,False,1010162Fjcrma200901011,Hugo Jiménez Pérez; Ernesto A. Lacomba,,25,,,b15b734c0eaa0ed8253dd27144861d4dbd8a6b321490b47572579be32353b380,4
1010162Fjjappmathmech200611008.pdf,0.5,unclassified,unclassified,False,1010162Fjjappmathmech200611008,,,15,,,caa0767d50c588ec6f53dae1affd08913feeac2c41675f6e273fc276255a5d10,20
1010162Fjphysd200510009.pdf,0.9,unclassified,unclassified,False,1010162Fjphysd200510009,,,15,,,bf07daae95438012a479fafc27f2268f6a2a3964f11fb4da0dfd33b46a5158a7,10
1010162Fs0167-27899890012-4.pdf,0.8,unclassified,unclassified,False,1010162Fs0167-27899890012-4,,,0,,,93a3ef2b261456234c2868d49e532ceb1c1aa765cd2b0a22cc5426d203ed00bc,10
1010162Fs0167-69110100090-1.pdf,0.2,unclassified,unclassified,False,1010162Fs0167-69110100090-1,,,0,,,014b64bfd6520e3ba4e4e91934c75c1622c882b28dae14e4fb72005a936f8d15,18
1010162Fs0375-96019800116-9.pdf,0.9,unclassified,unclassified,False,1010162Fs0375-96019800116-9,,,0,,,3f0578e798ef41121c16c134a98a48dbbb300acb0f811441ba56c0d5b402e12f,11
1010172FS0022112084001233.pdf,0.5,unclassified,unclassified,False,1010172FS0022112084001233,Hassan Aref,,10,,,79cd482de860873b4a591c7ce80b9ac79387aef3da9939daa1a7b4ea18aeb607,21
1010232Fa3A1008216128436.pdf,0.2,unclassified,unclassified,False,Regular and Chaotic Solutions of the Sitnikov Problem near the 3/2 Commensurability,,,0,,,4380d66f147fe2a99341831b5ec8254cedd6d18e00347a585167c107d67632bb,12
1010232Fa3A1011117003713.pdf,0.2,dynamical_systems,low,False,Periodic orbits of the Sitnikov problem via a Poincar&#x00E9; map,,,0,,,737f4bfaf2e793dcb2bc94e7f64bbcd1aa938ba1bd9217cc8263641f01609af4,31
1010232Fa3A1014508619774.pdf,0.1,unclassified,unclassified,False,"On Motions Near the Lagrange Equilibrium Point <Emphasis Type=""Italic"">L</Emphasis> <Subscript>4</Subscript> in the Case of Routh's Critical Mass Ratio",,,0,,,e468866579a0ae8bc54b91353019a44a9bd52af6010ab8caedc9eb8f101bf442,15
1010232Fa3A1017582218587.pdf,0.4,dynamical_systems,medium,False,Bifurcation Cascades and Self-Similarity of Periodic Orbits with Analytical Scaling Constants in H&#x00E9;non&#x2013;Heiles Type Potentials,,,0,,,482330e71f88bf64526da8b4bb2b23078fee7bd5b4230098cc24f19513cdba7f,24
1010232Fa3A1021739407472.pdf,0.2,dynamical_systems,low,False,On the Stability of Planar Oscillations and Rotations of a Satellite in a Circular Orbit,,,0,,,1505866df5da4e689b0fa537217f63100f935343779814001cfde4862aa8ee48,16
1010632F1523447.pdf,0.5,unclassified,unclassified,False,1010632F1523447,,,0,,,b6c9cef843ed3bc541d8fd07468c394a6e041e2879a61cfe4cf318cdfff67a4e,5
1010632F1873339.pdf,0.5,unclassified,unclassified,False,1010632F1873339,,,0,,,02d46920f4bc09a72ed628338237080d8e7453ecfe14503e4eed3a672b1c2622,13
1010882F0169-59832F462F32F031415.pdf,0.7,dynamical_systems,low,False,1010882F0169-59832F462F32F031415,Alexey V Borisov,,10,,,0524ab9924740f3e842d64875fc0a7be9b9105216220af036865c71a04d940c0,17
1010882F0951-77152F122F42F304.pdf,0.3,unclassified,unclassified,False,1010882F0951-77152F122F42F304,,,0,,,a773c75e08e6571c0d0c2ad4231ac8d479cfec0fed9c16e49010ae297ffe7af5,25
1011032FPhysRevE542033.pdf,0.9,unclassified,unclassified,False,1011032FPhysRevE542033,,,0,,,8c718edb827e304bf273ecafad5a1f7d268167e161945a8fb1da3ef7f767ea9f,38
10111359755.pdf,0.2,unclassified,unclassified,False,10111359755,,,0,,,0053dd621de65cf49893abd59db4b412053b8e891540cfc0a56ba5a49f0cf408,23
10111693370.pdf,0.6,dynamical_systems,medium,False,"On Linear Stability in the N-Body Problem I, II and III",Gareth Roberts,,10,,,d386fc4c5825cddc826d352d472e8adabc3c47f5236185610057895f9e1726f6,78
10111905712.pdf,0.1,unclassified,unclassified,False,10111905712,,,0,,,6db1029b66154f6af349443b2611ed6a52c59f9f9378062b9cf23a1cc0e16316,3
10112129932.pdf,3.2,dynamical_systems,low,False,Geometric singular perturbation theory,,,0,,,6e5e0798d2496644962373f9b8539341a7446aa55704b1feb3f9d93cc3320251,75
101130526.pdf,0.5,unclassified,unclassified,False,bl2.tex,,,0,,,cd8e9db119bae55c763981cdd4d1c69e4772809209c4b7a2840a0508a8611b7a,11
1011308149.pdf,0.2,unclassified,unclassified,False,1011308149,,,0,,,568c9247cf482fb0a5fca0e0a5a1afcd02a1ff6b95ad5219f56c0a410a5757eb,28
1011309762.pdf,0.2,unclassified,unclassified,False,1011309762,,,0,,,b01328a8c9c1380e93dbd2d9e3e2cb4f3a6046d209b9f9137892c4deddea3c24,15
1011342F11941506.pdf,0.1,dynamical_systems,low,False,On a multiple resonance in linear Hamiltonian systems,,,0,,,f9d4efb9b36e8a1ddc8304e38251b8789aa5fe164c54e8c7856a50918c6cbbeb,5
1011342FS1560354715010050.pdf,0.6,unclassified,unclassified,False,1011342FS1560354715010050,,,0,,,e13e2db19e886d6ad43bc6ac3aabf0662d16953484a473f09e6092f55657fa41,11
1011342FS1560354715060015.pdf,0.7,unclassified,unclassified,False,1011342FS1560354715060015,,,0,,,6a72735328d326956d1bf48dd8707941688e6da308db9ba127fe168db5337f0f,22
1011342FS1560354716040018.pdf,0.5,unclassified,unclassified,False,1011342FS1560354716040018,,,0,,,f2d0e0c7fa3f3321e119a90c610ccc59e63e4fa5be2aa6e491080eb6b2847ca3,13
1011342FS1560354717070048.pdf,0.4,unclassified,unclassified,False,1011342FS1560354717070048,,,0,,,c6b49b13f5a8e36f930434a7b73ce22ed8da4b72cfcfb175aa7feebf02666ccc,16
1011342Fs0010952511060049.pdf,0.2,unclassified,unclassified,False,1011342Fs0010952511060049,,,0,,,4efe50da46f0d468e26397e455dd0d043de29a02bd7bf6956a0c0200abbba8a5,4
10113803907.pdf,3.0,unclassified,unclassified,False,PII: S0167-2789(97)00015-8,,,0,,,18cd10094a9b70124124aabd30beef36cc78e5ff1f25d54f61de85aec9c6dcf7,43
1011422F9789812792099_0010.pdf,0.4,unclassified,unclassified,False,1011422F9789812792099_0010,ANTONIO GARCIA; ERNESTO PEREZ-CHAVELA,,10,,,5b4e0896553ca60022cc67a40a13f0fd7fde1d55e36ba7a6d00a94d4268230c5,12
1011422Fs0218127406015672.pdf,0.7,dynamical_systems,high,False,1011422Fs0218127406015672,CHRIS ANTONOPOULOS; TASSOS BOUNTIS; CHARALAMPOS SKOKOS,,10,,,7431c5cc0322975a12dcd4b839eb49eb1af3ea4f1f802acff5c0d4cd68cf6604,17
1011437875.pdf,2.5,unclassified,unclassified,False,1011437875,,,0,,,dcd1c11fadd46dbbcc7eba9a527dc72a7efb5391e9203d44dd3c1ca9f5d8b1de,39
10114493v1.pdf,0.4,unclassified,unclassified,False,10114493v1,,,0,,,31bdf0a4851ca61f665fc707e536fba36764266029d8c1fdbf10efd45106a33b,21
10114934479.pdf,3.5,unclassified,unclassified,False,doi:10.1016/j.physd.2006.08.012,,,15,,,fa17be4f1f12133880e6b5f03e5815eaee57b95b84a3620f8af26ed8f631f3b4,18
1011505270.pdf,2.3,unclassified,unclassified,False,1011505270,,,0,,,2706afa14856026fcd524207a012d738bf58f8bc78e4ad2898c406e83e46735a,31
10115385957.pdf,0.7,dynamical_systems,low,False,Geometrical aspects of stability theory for Hill's equations,,,0,,,dfe556fefd2a59912eb59f76c6e8c1175966971b93123c778c9d19c6bc2d2dc0,16
10115471476.pdf,1.0,unclassified,unclassified,False,perturbedsitnikov.dvi,,,0,,,7af65ca9661d198455a6fba86a42e6e3bb0b662fa2f56709e0f7c061af8a7f9d,12
10115486222.pdf,0.3,unclassified,unclassified,False,Theory of the alternating-Gradient Synchrotron,Courant; E. D; et al,,10,,,94c586600396ad47715773c22395eb6a1566d8c0af3ff64fdbe936197411917b,49
1011575367.pdf,0.3,unclassified,unclassified,False,1011575367,,,0,,,8b8847c7fc49ebc315f1dfb719fe8ec1c4bbf9f9f3261250a3dcda8ec8312d8d,24
10115836748.pdf,3.0,unclassified,unclassified,False,10115836748,,,0,,,c4fe25115d5ffb7a23217e91752c162f72486f5832c889bd28ac152935f7374f,34
10115967161.pdf,1.2,unclassified,unclassified,False,PII: 0167-2789(85)90084-3,,,0,,,b3f2663285c25fc4a0e72027618c9c9ffc8a88811308658c160dc11368d4c3bc,35
10116621606.pdf,0.4,unclassified,unclassified,False,10116621606,,,0,,,44f5bbdeabbad49765828945bea7dcaedb5d9b65e4c82e837890983d370ca567,23
10116708321-2.pdf,0.3,unclassified,unclassified,False,10116708321-2,,,0,,,df30953473461f5e8ea986c4e80f522484b360ff5b371fc868abb1897767fa13,17
1011746493.pdf,0.5,unclassified,unclassified,False,PII: S0167-2789(01)00347-5,,,0,,,919b9e68bd3bc5f29fef1e99e739bee8028b0d8da7e14b0605d80900ddf0653c,25
1012.5613-2.pdf,0.3,unclassified,unclassified,False,1012.5613-2,,,0,hash_dup_90,possible_duplicate,2b54acc5ba63236aef5712783ff27bbfefd11c565ee53e966ee3e3ac948f1b3f,23
1012.5613.pdf,0.3,unclassified,unclassified,False,1012.5613,,,0,hash_dup_90,possible_duplicate,2b54acc5ba63236aef5712783ff27bbfefd11c565ee53e966ee3e3ac948f1b3f,23
10120079.pdf,0.5,unclassified,unclassified,False,10120079,,,0,,,5e6ae2e460c4c0992667e036afd45eeedbedd582b8031754013707cf115dc45a,48
1012092F0295-50752F52F22F003.pdf,0.4,unclassified,unclassified,False,1012092F0295-50752F52F22F003,,,0,,,d00ba34527de6bf3a9c68ee0e657f8c4f51671948ccfe7ebdbbd5b36cd0c278c,6
10125613.pdf,0.3,unclassified,unclassified,False,10125613,,,0,hash_dup_90,possible_duplicate,2b54acc5ba63236aef5712783ff27bbfefd11c565ee53e966ee3e3ac948f1b3f,23
1023072F51822.pdf,0.5,topology_geometry,low,False,Long-Time Symplectic Integration: The Example of Four-Vortex Motion,,,0,fuzzy_dup_401,possible_duplicate,1295ad1c6e3ba02e92933bf39856476c32292d80319e17f64fac2154196355b8,15
1025142F35270.pdf,0.5,unclassified,unclassified,False,Stability of the triangular points in the elliptic restricted problem of three bodies.,K. T. ALFRIEND; R. H. RAND,,10,,,fec76141a7b160130c7fa8c07e0c13b3de7ba907aae104eade5b752f71703893,5
1034091_1_unknown_upload_16664160_qgbdd3_sc.pdf,0.8,unclassified,unclassified,False,1034091_1_unknown_upload_16664160_qgbdd3_sc,,,0,,,2cc717dea70669e2aa27d2e06873e864bff34b4b98355305bfcd409d2c6f38e3,10
1049805.pdf,2.0,unclassified,unclassified,False,1049805,,,0,,,cd9082381bd7875ec74e94b49ddaa7b18acbba9256b62705ce50ba8e77465c2b,11
109-dynamics-and-statics-of-vortices-on-a-plane-and-a-sphere-i_ru.pdf.pdf,0.2,dynamical_systems,low,False,109-dynamics-and-statics-of-vortices-on-a-plane-and-a-sphere-i_ru.pdf,,,0,,,a0b396a5cba56e1ef9830aee98370da9aa7cadd4991287e91a3e77fba1d1ddd0,11
11010229v1.pdf,0.1,unclassified,unclassified,False,11010229v1,,,0,,,335a203d5338c901fc9a27b9331dc9472ab35fa8acf6d1430e149138f2dc31cb,8
11023315.pdf,0.2,unclassified,unclassified,False,11023315,,,0,,,e5d32b089f9a0d6b750f39d9d2ecf2947e8d6d89bdbc80f7c1bcd5ef78ba1b3b,20
11044345.pdf,0.6,unclassified,unclassified,False,11044345,,,0,,,83d4472f00a0e0db3319ed1189574e817dcf1d6b9d5a3c612ff23f2e9d2e41af,74
11053235.pdf,2.8,unclassified,unclassified,False,eightsep.eps,Carles,,0,hash_dup_93,possible_duplicate,0edc4593c366d4aaeb5185218e29c22ebd8e8447d394c0aaa4f6d6cf6f34e5f8,16
1106.5764.pdf,0.2,unclassified,unclassified,False,1106.5764,,,0,hash_dup_95,possible_duplicate,792de942a0a4d73a9d5692a8efa4bcc88890871eca89107e72a963029d768181,8
11061306.pdf,5.7,unclassified,unclassified,False,11061306,,,0,hash_dup_94,possible_duplicate,26bc6c41d5a58eaee8078f8a9ec404b10d76454969050191acd5986c13edf87b,52
11065764.pdf,0.2,unclassified,unclassified,False,11065764,,,0,hash_dup_95,possible_duplicate,792de942a0a4d73a9d5692a8efa4bcc88890871eca89107e72a963029d768181,8
1107.1475.pdf,0.3,unclassified,unclassified,False,1107.1475,,,0,,,33a536d1f82fd9fff94fe27424ee721864fe583fd52e8ecb3f3b727e7a104f03,23
1108.4970.pdf,0.2,unclassified,unclassified,False,1108.4970,,,0,,,65e3bf13d362c25f45404afd0d24f68ed84e4e7c4a1ed08b7fe0dc367d3f6d3a,6
11084970v3.pdf,0.3,unclassified,unclassified,False,11084970v3,,,0,,,d125e3c2a689d0331759f618479101291207427b5b517c4e4d77bf2c3153c4b9,6
111.pdf,0.1,unclassified,unclassified,False,111,,,0,,,96387af6b9a476707599eb549ff1e750855f2f5808bc378a8e1a17589bafec12,12
1110.6358.pdf,0.1,unclassified,unclassified,False,1110.6358,,,0,hash_dup_97,possible_duplicate,34402fc7d66937acbee822f5f1a8d4e1da2ef15c5dea19232ebc2f20858fc2f9,17
11106358.pdf,0.1,unclassified,unclassified,False,11106358,,,0,hash_dup_97,possible_duplicate,34402fc7d66937acbee822f5f1a8d4e1da2ef15c5dea19232ebc2f20858fc2f9,17
1111.3843-2.pdf,0.7,unclassified,unclassified,False,1111.3843-2,,,0,hash_dup_99,possible_duplicate,51aa5fef573c3775d2551de496659c985ea666e34818f0a3d6c617ca4e30303f,16
1111.3843.pdf,0.7,unclassified,unclassified,False,1111.3843,,,0,hash_dup_99,possible_duplicate,51aa5fef573c3775d2551de496659c985ea666e34818f0a3d6c617ca4e30303f,16
11112557.pdf,1.6,unclassified,unclassified,False,11112557,,,0,hash_dup_98,possible_duplicate,9b9fceb4404fa31372a5fe9a2c9f6106386be31952b0295653e7c62ced2747cd,34
11124874.pdf,4.5,unclassified,unclassified,False,11124874,,,0,hash_dup_100,possible_duplicate,c72fe417ae16466b48fef856ffbf7506bfb2ae19c8829cc7d0dc162c886d382c,33
11283.pdf,6.3,causal_inference,low,False,Elements of Causal Inference,Peters; Jonas; Dominik Janzing; Bernhard Schölkopf,,15,,,f9a113b85f62a21ed735e3ff19e8715238c0e1ebe0e814c8b241a302c6ae069f,289
114-lie-algebras-in-vortex-dynamics-and-celestial-mechanics-mdash-iv_ru.pdf.pdf,1.2,algebra,low,False,114-lie-algebras-in-vortex-dynamics-and-celestial-mechanics-mdash-iv_ru.pdf,,,0,,,4a6c685038cc2dc0a64058266a986bc5aeed9094abb008e1fdf11255636f9052,28
115-dynamics-of-three-vortices-on-a-plane-and-a-sphere-mdash-iii-noncompact-case-problems-of-collaps-and_ru.pdf.pdf,0.6,dynamical_systems,low,False,115-dynamics-of-three-vortices-on-a-plane-and-a-sphere-mdash-iii-noncompact-case-problems-of-collaps-and_ru.pdf,,,0,,,b4942a5e949fac310b3a602303c3b78a11b9d7d3233d37df152187e3fd016b85,13
116-dynamics-of-three-vortices-on-a-plane-and-a-sphere-mdash-ii-general-compact-case_ru.pdf.pdf,0.5,dynamical_systems,low,False,116-dynamics-of-three-vortices-on-a-plane-and-a-sphere-mdash-ii-general-compact-case_ru.pdf,,,0,,,1d3ce450ada2a6f66e7b28059859ac040bf6876af9f20b791e19104a9d69a326,16
1201.3728.pdf,0.5,unclassified,unclassified,False,1201.3728,,,0,,,08350739f22d985653264c87415d92cd778d1bf3aafcc8340e126c8105e09868,60
1201.6356.pdf,0.6,unclassified,unclassified,False,Periodic solutions of planetary systems with satellites and the averaging method in systems with slow and fast variables,E.A. Kudryavtseva,,10,,,7bfb4f69406ce49a8abc879ef81d11a7f2ebd0093be9f30604bf101285dc9688,40
12013728.pdf,0.5,unclassified,unclassified,False,12013728,,,0,,,b0ea3dfd01873c411d7072e89bfca2dfd9ac2794cc5123417d7121f4bc8ccb36,60
1204.2592.pdf,0.5,unclassified,unclassified,False,1204.2592,,,0,,,f6b2cf20e76c6e940463fe684e7295112fd798634df875fcd752f115f89ba1f5,28
1206.2481.pdf,0.2,unclassified,unclassified,False,arXiv:1206.2481v2  [math-ph]  31 Mar 2014,,,0,hash_dup_101,possible_duplicate,f3e16e445e611077b77e9fe0ac993dd0d4cac84a815415b03c1220eb4b955a25,9
1206.5475.pdf,0.9,unclassified,unclassified,False,1206.5475,marek,,10,,,4ac67f3a72c2fdf68c42fa03d6879536915edff8c35806b8c8ff19dde1d5ff53,13
1206.6162.pdf,0.5,unclassified,unclassified,False,1206.6162,,,0,hash_dup_102,possible_duplicate,8c0d55dde7bb762ae971a10d2df3f1ae083e851bf00cb8aa99218dfd84cd4579,43
12062321.pdf,11.2,unclassified,unclassified,False,12062321,,,10,,,779d74bfd09bc700b8403c4a5c7b1ceae254bdc918e924dbfd735652538ff871,40
12062481.pdf,0.2,unclassified,unclassified,False,arXiv:1206.2481v2  [math-ph]  31 Mar 2014,,,0,hash_dup_101,possible_duplicate,f3e16e445e611077b77e9fe0ac993dd0d4cac84a815415b03c1220eb4b955a25,9
12066162.pdf,0.5,unclassified,unclassified,False,12066162,,,0,hash_dup_102,possible_duplicate,8c0d55dde7bb762ae971a10d2df3f1ae083e851bf00cb8aa99218dfd84cd4579,43
1207.3764.pdf,0.4,unclassified,unclassified,False,1207.3764,,,0,hash_dup_103,possible_duplicate,21d6a7b9c7e1909ace8aab0998d502c963fa7b67dc153305d947d4f8b4901b88,25
12073764.pdf,0.4,unclassified,unclassified,False,12073764,,,0,hash_dup_103,possible_duplicate,21d6a7b9c7e1909ace8aab0998d502c963fa7b67dc153305d947d4f8b4901b88,25
1208.3183.pdf,0.8,unclassified,unclassified,False,1208.3183,,,0,,,a085a1e898463328fdcaa3c48cbe569a7cc023898077940f2cc181fcd1c948c3,27
1208.5667.pdf,0.7,unclassified,unclassified,False,1208.5667,,,0,,,41eeb137cf0bde8e9e68c5100870e52a3aa71292dbe8117537a6b191c01bcd2c,27
1209.1012.pdf,0.3,unclassified,unclassified,False,arXiv:1209.1012v1  [math.AP]  5 Sep 2012,,,0,hash_dup_105,possible_duplicate,95f0df5a9b4f65c3a022fd0d3e39d29b49c5b9d1837384cb22e405ef55a89002,35
12091012.pdf,0.3,unclassified,unclassified,False,arXiv:1209.1012v1  [math.AP]  5 Sep 2012,,,0,hash_dup_105,possible_duplicate,95f0df5a9b4f65c3a022fd0d3e39d29b49c5b9d1837384cb22e405ef55a89002,35
1211.pdf,0.3,unclassified,unclassified,False,main.dvi,,,0,,,21ac936ff0a494604e61c7c55704d73296571427a25256010e885c9919389cbe,22
12114560.pdf,1.0,unclassified,unclassified,False,12114560,,,0,,,5e21d42a36bcc897c025bc912b8a002952c4a6f9f246e0d72b8d6171e3b3c89b,40
1212.1274.pdf,0.3,unclassified,unclassified,False,1212.1274,,,0,hash_dup_106,possible_duplicate,466a3517c1421b6b5d38d37a4a28080024db6b13e75983fce4d7eb7a5db1a6be,28
12121274.pdf,0.3,unclassified,unclassified,False,12121274,,,0,hash_dup_106,possible_duplicate,466a3517c1421b6b5d38d37a4a28080024db6b13e75983fce4d7eb7a5db1a6be,28
12425103pdfsequence=1.pdf,0.4,unclassified,unclassified,False,12425103pdfsequence=1,,,0,,,846f4e8c365de01d0d2558b6fd7aec7380dedc80b85adddf7131a5562f7fdb36,24
12923140.pdf,1.0,unclassified,unclassified,False,PII: S0167-2789(97)00201-7,,,0,,,d0f05b38b518d891247d1213f622d6d8e2e0b8b31c4c80bd696f8d7e85950ac9,14
12976_2013_492_MOESM1_ESM.pdf,0.1,unclassified,unclassified,False,12976_2013_492_MOESM1_ESM,,,0,,,f12d6063b219553d9f7b2ece625ccc66c4ada57faae9ef8fd702770ddbeaecf7,3
1301.3244-2.pdf,0.2,unclassified,unclassified,False,1301.3244-2,,,0,hash_dup_107,possible_duplicate,b8eb80fc845f60d5d1fd2a2ee7829358c77761304ff3c5e729301b6884fdb187,13
1301.3244.pdf,0.2,unclassified,unclassified,False,1301.3244,,,0,hash_dup_107,possible_duplicate,b8eb80fc845f60d5d1fd2a2ee7829358c77761304ff3c5e729301b6884fdb187,13
13013244.pdf,0.2,unclassified,unclassified,False,13013244,,,0,,,cb6f52f8f11c86969e68eab37e05cd370ccccf281a7a11248be05cdda5a647ac,13
13023301.pdf,0.2,unclassified,unclassified,False,13023301,,,0,,,af29ce5a8c392ab3532876cd0c2a423f8506204ef22b3632037968125b31e151,16
13031666.pdf,1.8,unclassified,unclassified,False,13031666,,,0,hash_dup_109,possible_duplicate,d6b26aeb5f179e29d9cdcd0d23e71f90bee929096567c33a7e6fb674f4018d7f,9
1305.0470.pdf,0.6,unclassified,unclassified,False,1305.0470,,,0,,,d695bedd026deab662cb429cc1f61939d59d37315c6126e134391d7aa133f7a6,45
1305.3974.pdf,0.2,unclassified,unclassified,False,1305.3974,,,0,hash_dup_110,possible_duplicate,c479b8a830284fdba486431858682dde56982a269ebb6168c34b4ab9851b675f,22
13053974.pdf,0.2,unclassified,unclassified,False,13053974,,,0,hash_dup_110,possible_duplicate,c479b8a830284fdba486431858682dde56982a269ebb6168c34b4ab9851b675f,22
13072166.pdf,3.5,unclassified,unclassified,False,13072166,,,0,hash_dup_111,possible_duplicate,f974520d57ad4d8042ddf6d247b015b28adc79cd5dbf7d9af16ae2efc33652de,29
13078119.pdf,9.6,unclassified,unclassified,False,13078119,,,5,,,0237b829fdb7e45bbf604572fb87ba2b66e185b65fced0dca1c898b754ebead9,23
1308.4745-2.pdf,0.6,unclassified,unclassified,False,1308.4745-2,,,0,hash_dup_112,possible_duplicate,6ee689f9fbda04f5c02a8f6dd6c0914470b3db6d00a3b11e59b8bd9eff355039,52
1308.4745.pdf,0.6,unclassified,unclassified,False,1308.4745,,,0,hash_dup_112,possible_duplicate,6ee689f9fbda04f5c02a8f6dd6c0914470b3db6d00a3b11e59b8bd9eff355039,52
1309.3196.pdf,0.4,unclassified,unclassified,False,1309.3196,,,0,,,d2797a12f0c3ea8916f1771a5e95332ed97a9dc8f2686635f0c99a754ede6366,35
13107927.pdf,3.1,unclassified,unclassified,False,13107927,,,0,hash_dup_113,possible_duplicate,c66a862512d21aa4a79fe1fbd72bb733d169b515ba7907a69d7f03630e26a2ec,37
13122542.pdf,2.1,unclassified,unclassified,False,13122542,,,0,hash_dup_114,possible_duplicate,e2af8e09eaa6dc09f8859ecc1e001ea208bf7d0249d70800be547474d6d85923,16
1402.7189.pdf,0.5,topology_geometry,low,False,Periodic orbits near a bifurcating slow manifold,K. Uldall Kristiansen,,10,hash_dup_115,possible_duplicate,5e5da6408c1273caf8b1b52d107059e30e4e16f8e990ec8b194ba6bbb6487d8c,65
14020012.pdf,5.5,unclassified,unclassified,False,14020012,,,5,,,736eceb3708caa32cd460c588b1638e812aa09e974ee4e77573714044b01a12e,45
14027189.pdf,0.5,topology_geometry,low,False,Periodic orbits near a bifurcating slow manifold,K. Uldall Kristiansen,,0,hash_dup_115,possible_duplicate,5e5da6408c1273caf8b1b52d107059e30e4e16f8e990ec8b194ba6bbb6487d8c,65
1403.4533-2.pdf,0.2,unclassified,unclassified,False,1403.4533-2,,,0,hash_dup_116,possible_duplicate,c69c7f8d0b1cd26f38dd52a63b1990ffb23316c24a9eac70fd7558f9cbe8efab,23
1403.4533.pdf,0.2,unclassified,unclassified,False,1403.4533,,,0,hash_dup_116,possible_duplicate,c69c7f8d0b1cd26f38dd52a63b1990ffb23316c24a9eac70fd7558f9cbe8efab,23
14044922.pdf,1.3,unclassified,unclassified,False,14044922,,,0,,,1d6f8596d4cef28b79faed183add8433e5a582f0db175237b5c2bddf1bcd06c6,12
14047679.pdf,3.9,unclassified,unclassified,False,conj.eps,mkatsan,,10,,,beaa7d73d30a508ce8610ddafa49496624eadef526a932f0a98a0e2c6b90b4bb,28
14063519.pdf,1.3,unclassified,unclassified,False,14063519,,,0,hash_dup_117,possible_duplicate,bcb8fd0416160e72f90a5da61b7e1c481bbeaaf9ff85072fbe23b11f3d2e9160,48
1407.3151.pdf,0.8,unclassified,unclassified,False,1407.3151,,,0,,,f06f82c261f8683e217d58ed5aa09a9690d78c2fd5d22c8da0d8d257a17367e3,7
1407.6652.pdf,0.9,unclassified,unclassified,False,1407.6652,,,0,hash_dup_118,possible_duplicate,cc7c4a9f44274c48b66f16e1e7e03ede604d47c64c58cd6fb93cd182ce1c44ae,10
1407.7685-2.pdf,1.0,unclassified,unclassified,False,1407.7685-2,,,0,hash_dup_119,possible_duplicate,f28b41f93e4236203915f95955fd1bc7ec1718e0f208d7a7cb2c5d45dbf16f49,30
1407.7685.pdf,1.0,unclassified,unclassified,False,1407.7685,,,0,hash_dup_119,possible_duplicate,f28b41f93e4236203915f95955fd1bc7ec1718e0f208d7a7cb2c5d45dbf16f49,30
14076652.pdf,0.9,unclassified,unclassified,False,14076652,,,0,hash_dup_118,possible_duplicate,cc7c4a9f44274c48b66f16e1e7e03ede604d47c64c58cd6fb93cd182ce1c44ae,10
14077685.pdf,1.0,unclassified,unclassified,False,14077685,,,0,hash_dup_119,possible_duplicate,f28b41f93e4236203915f95955fd1bc7ec1718e0f208d7a7cb2c5d45dbf16f49,30
1408.1748.pdf,0.2,unclassified,unclassified,False,arXiv:1408.1748v1  [math.AP]  8 Aug 2014,,,0,,,905988f4291a3e00b9bb3db13a534512b60184dd7e34c0abfbe1493e1ea86105,19
1409.3042.pdf,0.7,unclassified,unclassified,False,1409.3042,,,0,hash_dup_120,possible_duplicate,b7c7aa13c40b55cede800e350503784d2bf02264da8d961688e12b40fbcaa04e,21
14093042 1.pdf,0.7,unclassified,unclassified,False,14093042 1,,,0,,,e59b4cb016fb8c7b948e5758812c54536a78a2e962466f99c4447e8e2b9e23ca,21
14093042.pdf,0.7,unclassified,unclassified,False,14093042,,,0,hash_dup_120,possible_duplicate,b7c7aa13c40b55cede800e350503784d2bf02264da8d961688e12b40fbcaa04e,21
140960207.pdf,2.7,topology_geometry,low,False,Parameterization of Invariant Manifolds for Periodic Orbits I: Efficient Numerics via the Floquet Normal Form,Roberto Castelli; Jean-Philippe Lessard; J. D. Mireles James,,10,,,4e50527dc8f9f9d8def2f9808cef97698e16f53bd08ed23d7e0b77fe5bc24001,36
1410.2636-2.pdf,0.4,unclassified,unclassified,False,1410.2636-2,,,0,hash_dup_121,possible_duplicate,ed77dcf56d496419df510be460c9c8cf967aec700faa15a6cfcd6221db15d2c0,24
1410.2636-3.pdf,0.4,unclassified,unclassified,False,1410.2636-3,,,0,hash_dup_121,possible_duplicate,ed77dcf56d496419df510be460c9c8cf967aec700faa15a6cfcd6221db15d2c0,24
1410.2636.pdf,0.4,unclassified,unclassified,False,1410.2636,,,0,hash_dup_121,possible_duplicate,ed77dcf56d496419df510be460c9c8cf967aec700faa15a6cfcd6221db15d2c0,24
14101407.pdf,2.7,unclassified,unclassified,False,scalecolor2.eps,paez,,10,,,d039fbadf005cd702f2c9bf73cde9dd3ae617754504ee1b28da065b8dab2ef11,46
14112403.pdf,7.5,unclassified,unclassified,False,14112403,,,0,hash_dup_122,possible_duplicate,f464249a347d5adf7fbe9385106cfaa3705e0b86dcb5f03f057d41ea54eb774d,8
14774333.pdf,0.7,unclassified,unclassified,False,14774333,,,0,,,80cdee5205643f98cc4a3b3b881326cff888d9371511562b99c910dd000bda61,18
150105660.pdf,1.6,unclassified,unclassified,False,150105660,,,0,hash_dup_124,possible_duplicate,0f66a6861bd02ab910367c0c12a1536861bf9cfeace6489a0806bf099b373336,11
150107018.pdf,0.7,unclassified,unclassified,False,150107018,,,0,,,34f937bac3ffd11f99b2e6afd1e40ec8161f2e4ae4c61844fffeaa5c9714356b,20
150202510.pdf,5.7,unclassified,unclassified,False,150202510,,,5,,,b503debe2a9dc92df29f0e42a0aa3856478171815af43d5d81436c0e99bf91b2,12
1503.01805.pdf,0.8,unclassified,unclassified,False,1503.01805,,,0,,,09f53114d70f77d12892e62a8ca0c17b9ccfccc66cbe144334956aa7e5f8d70e,6
150301369.pdf.pdf,0.4,unclassified,unclassified,False,150301369.pdf,,,0,,,83cf31c34cd6dd544ae9d6ed4620e42c0c949f01b51c01575786d3ae13b57004,16
150303358v1.pdf,0.3,unclassified,unclassified,False,150303358v1,,,0,,,ca434beb55758420b21d6aa3b6d633793ba069750ff8a261bdd7933aa0fadd9f,19
150305134.pdf,0.1,dynamical_systems,low,False,Aperiodic Moser Theorem,Fortunati; Wiggins,,10,,,5113cbc936478333a8da4c553866cd8588f786dc8a011b9920691010ae85ee6a,10
15031845.pdf,1.3,unclassified,unclassified,False,An Algorithm for Melnikov Functions and Application to a Chaotic Rotor,Jian-Xin Xu; Rui Yan; Weinian Zhang,,10,,,4f1b6cc8c6513a63c1768dd030a5d633802bfed0c7ac57193f7ca1d256b6ce27,22
15034606.pdf,4.4,dynamical_systems,low,False,On orbital stability of planar oscillations of a satellite in a circular orbit on the boundary of the parametric resonance,B. S. Bardin; E. A. Chekina,,10,,,b8bb83ba8197878dc5f2ec324e83c71a14e940309c1efb611a10362271fcfae3,9
1504.02173.pdf,0.6,unclassified,unclassified,False,1504.02173,,,0,,,b32dca24901cce90b463f14e475db5df0644d8aca835bd8726d166708014bbd1,14
1504.04099-2.pdf,0.3,unclassified,unclassified,False,1504.04099-2,,,0,hash_dup_125,possible_duplicate,2b8708c917e865973cc5049cd995124205f453d0818d597aedd419f1093baacb,19
1504.04099-3.pdf,0.3,unclassified,unclassified,False,1504.04099-3,,,0,hash_dup_125,possible_duplicate,2b8708c917e865973cc5049cd995124205f453d0818d597aedd419f1093baacb,19
1504.04099.pdf,0.3,unclassified,unclassified,False,1504.04099,,,0,hash_dup_125,possible_duplicate,2b8708c917e865973cc5049cd995124205f453d0818d597aedd419f1093baacb,19
150404099.pdf,0.3,unclassified,unclassified,False,150404099,,,0,hash_dup_125,possible_duplicate,2b8708c917e865973cc5049cd995124205f453d0818d597aedd419f1093baacb,19
1507.01392.pdf,0.2,unclassified,unclassified,False,1507.01392,,,0,,,df84e1fd30ada788adf001f56ecd6df03d239dfd4c3f56b103ef8d79a8e4f097,22
150800381.pdf,1.8,unclassified,unclassified,False,crossed1872_corrected.ps,paez,,10,,,33e8f81e6a7fde52b8d35a54541af08ff85b1425d128f274ad9cc525711bb403,19
150800875.pdf,1.4,unclassified,unclassified,False,150800875,,,0,hash_dup_126,possible_duplicate,89ad5e2bbce722a32fbc0ebecde8c663eeeec6648e667af108e99f463553b49e,24
150805959.pdf,2.2,unclassified,unclassified,False,150805959,,,0,,,e872b2bc166db2619b815f273ea14327205405c30231f3d5b6e4d937fa6aece5,17
150806855.pdf,1.1,unclassified,unclassified,False,150806855,,,0,hash_dup_127,possible_duplicate,f6d127488e39219980c1f594e3ad0c575119a284f1babeaa95b1b4bb825223d0,25
150907638.pdf,7.0,unclassified,unclassified,False,150907638,,,5,,,e34b46394cef2656b0543878afff49fafde1d91218a78db4248ceb5a90acc225,9
1510.00949.pdf,0.6,unclassified,unclassified,False,1510.00949,,,0,,,efb3450fbee49f7297ba2c7b652c6ead85a51f95dfbe783113014a597f0f3d54,21
1510.06822.pdf,0.4,unclassified,unclassified,False,1510.06822,,,0,hash_dup_128,possible_duplicate,296a2eddfce91aa59396a63a91402fc64f0d26170b2e216d6cf7395b3f517edc,42
151006756.pdf,2.8,unclassified,unclassified,False,N4LTX8.eps,spencersmith,,10,,,9521de4b5bb643f23c6e355647def0d45c83d0ceb8167d610f89deb69619c1bc,201
151006822.pdf,0.4,unclassified,unclassified,False,151006822,,,0,hash_dup_128,possible_duplicate,296a2eddfce91aa59396a63a91402fc64f0d26170b2e216d6cf7395b3f517edc,42
151007248.pdf,0.7,unclassified,unclassified,False,151007248,,,0,,,614eb41eac9557f5bc46b422990fc43a216f3d16d06127333be7204066248c3a,60
151100070.pdf,0.2,unclassified,unclassified,False,151100070,,,0,,,edbfeac06f201aa56041238c5a7e2eaf97ea79f9572e1a20f18115d4c3989801,28
151104889.pdf,3.1,unclassified,unclassified,False,151104889,,,0,,,051c7a419e3a2d0425ff604d8e97dcf746e76f5767555fd02ac848dfd1f4b4e8,20
1512.02302.pdf,0.2,unclassified,unclassified,False,1512.02302,,,0,,,3c8849d469a8a822bc91e92bb2a456ddf726d60eb204122a3dbdc262cbe5e3f1,16
151200707.pdf,7.1,unclassified,unclassified,False,151200707,,,5,,,29d07c329010e754d37b9fa8152cfc3a79570a01d7013b9907538d6dce99ef12,36
151202178.pdf,8.3,unclassified,unclassified,False,151202178,,,5,,,fd58086dabd03bb49c4391623d8a78237e26be879981e2700f916d0d9797d9c9,39
151208683.pdf,2.2,unclassified,unclassified,False,The title of my PDF,My name,,0,fuzzy_dup_402,possible_duplicate,621dc466c4ef123fffcb3678f62e151750fc06ba0b8d8716f414f55d9b676ab7,15
1585.pdf,1.0,unclassified,unclassified,False,1585,,,0,,,953a3adaaffd66762a1c98c884c4616f7a6b3e6c53a09e1d21977bed8fe41d3a,197
16-STS602.pdf,0.3,unclassified,unclassified,False,Logistic Regression: From Art to Science,Dimitris Bertsimas; Angela King,,10,,,e4d4657adb79f042e0e02f09f98b07f60a1dcdb35496833841e96aac651b81eb,18
160106729.pdf,1.6,unclassified,unclassified,False,160106729,,,0,hash_dup_129,possible_duplicate,6513281301a96549a9c024b1c5159490c94898417d3956d7f9065e0532083892,8
1603.00819.pdf,0.7,unclassified,unclassified,False,1603.00819,,,0,hash_dup_130,possible_duplicate,e9026ee5c8d4756612124cf39255b8ac2b36b9d6883154639699b28d356933d6,9
160300819.pdf,0.7,unclassified,unclassified,False,160300819,,,0,hash_dup_130,possible_duplicate,e9026ee5c8d4756612124cf39255b8ac2b36b9d6883154639699b28d356933d6,9
160307131.pdf,1.1,unclassified,unclassified,False,160307131,,,0,,,ca642aaae140140ce8aba8021743ad0dbcb2a4a5028ccce1ba7b0d387e4da949,54
160307760.pdf,2.2,unclassified,unclassified,False,160307760,,,0,,,558e1a3af7853158046a7de95cde4ab709d15e1778aac74b5038639173981bdb,17
160309515.pdf,4.2,unclassified,unclassified,False,160309515,,,0,,,98b26feb86b18e12a4ac77ff55f72a033eaff030834087b501793d16cf04cee8,19
160403376.pdf,3.1,unclassified,unclassified,False,160403376,,,0,,,c78e28163eef19e5a9c05f02212a32b0ff8abf8ea6d034221b6b57d0b67eddb9,18
160404622.pdf,2.1,unclassified,unclassified,False,160404622,,,0,,,db400669b7ed1ce868a4856ecfe5c4a14c4ade069cad4dbbe88944e1c9dee665,16
1607.00636.pdf,0.4,unclassified,unclassified,False,1607.00636,,,0,,,2191284f357d6f83d7e5f12cd1ae0fde8ed996770a7a537b3355974f818a2c54,22
1607.03753.pdf,0.3,unclassified,unclassified,False,1607.03753,,,0,,,a69045393a387844e172f718d447cc3f5a82fd2d84818294b36207de29437248,22
160800060.pdf,1.1,unclassified,unclassified,False,160800060,,,0,,,3186133dacb9f4a31c004a00150627de1e5cf26e203d1522a25a5444c7dbdf78,71
161003363.pdf,2.6,unclassified,unclassified,False,161003363,,,0,hash_dup_131,possible_duplicate,33c7745a5925644ece3d76d5515b459ef53fc85e011f2d0d59f8f328991a1991,26
1612.06832.pdf,1.0,unclassified,unclassified,False,1612.06832,,,0,,,2a5706eca6db41ac468791e92410a8f0811849b0c92fb0da5b59e536257b66e0,25
1612.07254.pdf,0.5,unclassified,unclassified,False,1612.07254,,,0,,,36a757392b8930f410e57233412848a33da025170242a7a69ea30b49e9911ffa,32
161202041.pdf,1.8,unclassified,unclassified,False,161202041,,,0,hash_dup_132,possible_duplicate,aecd1492309b4558eefda35a3e982ed671f972a00d1fb26266a029d9c2cb4f00,41
161208852.pdf,7.0,unclassified,unclassified,False,161208852,,,5,,,00f0ef359810b2734c7de929060403b7e870d98ca192deea9b598e739452c7b8,26
16p2.pdf,0.1,unclassified,unclassified,False,16p2,,,0,,,5b8b3012e91ab1bf6c19d003ce0ef3ba45176e114136c771af9f09b4c979c88c,5
16th-survey-emerging-risks.pdf,0.7,unclassified,unclassified,False,16th-survey-emerging-risks,SOA,,10,,,006e5d7086bbb77dc66a870bb931af15a3bc73cc1579178e5095bf32031e7b62,15
1701.04882.pdf,0.2,unclassified,unclassified,False,1701.04882,,,0,,,9c6763a21add5e1f8db780e6cef23c740b419a3a6cd406bdc1f6222ec5aa96ef,9
170105276.pdf,1.2,unclassified,unclassified,False,170105276,,,0,hash_dup_133,possible_duplicate,72214270d5cfc58e6a3979d7b649a6eb7e2e78a33a324447fcb6ac504add7acb,18
170207287.pdf,8.8,unclassified,unclassified,False,170207287,,,0,hash_dup_134,possible_duplicate,55904328af53b92abfc22af3bd2edcb3460e3c3a2c06b153120a4b9f1ab4aa56,24
1703.02482.pdf,0.7,unclassified,unclassified,False,1703.02482,,,0,,,c180be96c37ece33f18b0732e65815d2b3b216bf3c58e1f9da67d427ec814567,9
1703.03908.pdf,0.7,unclassified,unclassified,False,1703.03908,,,0,,,409c55d7dab419b887d63470f7e224cc96047e640a9c2a70a62c6faf7eb3a3ba,24
1703.08929-2.pdf,0.4,unclassified,unclassified,False,1703.08929-2,,,0,hash_dup_136,possible_duplicate,b1932aacc71ec7132826bb40f3a09d19c7d88562600df40716f963daffcbefca,16
1703.08929.pdf,0.4,unclassified,unclassified,False,1703.08929,,,0,hash_dup_136,possible_duplicate,b1932aacc71ec7132826bb40f3a09d19c7d88562600df40716f963daffcbefca,16
170306362.pdf,1.4,unclassified,unclassified,False,170306362,,,0,hash_dup_135,possible_duplicate,90f52e05d8dca04bc3ec2fc196218f67126c2f4544c71f146b7cf8978f628420,18
170307857.pdf,0.4,unclassified,unclassified,False,170307857,,,0,,,018a3628c4181d4a912bc3717b59ee5a9d5e5e46f7c3785303f186eeec631032,24
170308819.pdf,14.0,unclassified,unclassified,False,170308819,,,10,,,2838739bb20bb7df23a47caef993955f2a1081a6972482630ec792c18e709e71,162
170308929.pdf,0.4,unclassified,unclassified,False,170308929,,,0,hash_dup_136,possible_duplicate,b1932aacc71ec7132826bb40f3a09d19c7d88562600df40716f963daffcbefca,16
1704.00495-2.pdf,0.7,unclassified,unclassified,False,1704.00495-2,,,0,hash_dup_137,possible_duplicate,6b0a2e395c7c3a6a4a48f6ac096d0f57897c39c2c7fecbd22fdf419497e869df,30
1704.00495-3.pdf,0.7,unclassified,unclassified,False,1704.00495-3,,,0,hash_dup_137,possible_duplicate,6b0a2e395c7c3a6a4a48f6ac096d0f57897c39c2c7fecbd22fdf419497e869df,30
1704.00495.pdf,0.7,unclassified,unclassified,False,1704.00495,,,0,hash_dup_137,possible_duplicate,6b0a2e395c7c3a6a4a48f6ac096d0f57897c39c2c7fecbd22fdf419497e869df,30
1705.02373.pdf,0.2,unclassified,unclassified,False,1705.02373,,,0,,,472daaec770ede531d9546b598805c2dc935e047948abd318fec6a5907a6e6bc,15
1705.05645.pdf,0.7,unclassified,unclassified,False,1705.05645,,,0,,,a1882e269af491419594ca766d66a05e8ec706c7e0b876fd0d18a381dc6d8fa7,26
1705.09173.pdf,0.5,unclassified,unclassified,False,1705.09173,,,0,,,e1813b1f529f324eea59ecf05b6899a0698438f1b9fcd79892ef430dfa437e2e,39
170510484.pdf,0.2,unclassified,unclassified,False,170510484,,,0,,,2255772e03051af6650dc4695f7ac3637c9a8af12d3febe6c6ef04b911c5d10a,22
170603762.pdf,2.1,unclassified,unclassified,False,170603762,,,0,,,bfaaec89262875f927cf1b38b2da2d775f3309b7bea3537f29b606ca67e79065,15
170604980.pdf.pdf,3.9,unclassified,unclassified,False,170604980.pdf,,,0,,,660ead216badebdbbe5117cbbb6a3c0958580f47dcb8b84ff2b833f06e41bf1e,17
1707.04970.pdf,0.8,unclassified,unclassified,False,1707.04970,,,0,,,13c9e99493d6099b6083691fbf21a669a243fb865776f7251daed31436fc9f74,14
1707.07138.pdf,0.2,unclassified,unclassified,False,1707.07138,,,0,,,96cd7095634861cbfe1957dacf00628e3920bcfeafaf92c303689dc594e2016b,27
170709336.pdf,1.0,unclassified,unclassified,False,170709336,,,0,hash_dup_139,possible_duplicate,83265239ccfbfe35b1d72b524fa985ca3c6c4b70b0ada9618c91cd048864ea45,11
170800158.pdf,3.0,unclassified,unclassified,False,170800158,,,0,,,a8ec3ae8ec12ecdbcf6635c0064a038e6c3633f90a17ac311581c24e4cf7d80a,19
170805300.pdf,8.6,unclassified,unclassified,False,170805300,,,5,,,41eaa0cf0a6ecc2d928c6b0a5ee17c5e4ddefc763bf2609058b3a9229ab68f50,25
1709.01242-2.pdf,0.5,unclassified,unclassified,False,1709.01242-2,,,0,hash_dup_140,possible_duplicate,370cc7ba7d3cbbe463ed8a617c0a7fa1e00b4204416601cae86ee1e178ba3b16,26
1709.01242.pdf,0.5,unclassified,unclassified,False,1709.01242,,,0,hash_dup_140,possible_duplicate,370cc7ba7d3cbbe463ed8a617c0a7fa1e00b4204416601cae86ee1e178ba3b16,26
170904360.pdf,5.5,dynamical_systems,low,False,Escape dynamics in the Hénon-Heiles Hamiltonian system,Euaggelos E. Zotos,,15,,,765b43f8c445b28ce79b7cfaa6efd8f2531be0f2b81d6eae4deb4e32419d54f0,15
1710.07940.pdf,1.0,unclassified,unclassified,False,1710.07940,,,0,hash_dup_141,possible_duplicate,57aeb6435fc686f3f8e0f2c04a432ab754b055486366f91262daceeb28668a97,36
171007940.pdf,1.0,unclassified,unclassified,False,171007940,,,0,hash_dup_141,possible_duplicate,57aeb6435fc686f3f8e0f2c04a432ab754b055486366f91262daceeb28668a97,36
171008782.pdf,0.4,unclassified,unclassified,False,171008782,,,0,,,eaca0477c617b41951b1d2db4498b0ec318618e7ff019c7f8c6548a1352c1085,32
171010140.pdf,3.4,unclassified,unclassified,False,171010140,,,0,,,218b3540a8353c028bbb5eb3252f120b9edcbff13610162b4c2a6125ee5030c1,11
171011256.pdf,0.1,unclassified,unclassified,False,171011256,,,0,,,a5ae39545c76025dd622ae8d48411b0d0bf09f51134fcada086bfd9a4beebb02,16
1711.09182-2.pdf,0.3,unclassified,unclassified,False,1711.09182-2,,,0,hash_dup_142,possible_duplicate,449f4c16baed4f123b48ba39f37882497ad4a58251526680482eb979d1b2ddb7,27
1711.09182.pdf,0.3,unclassified,unclassified,False,1711.09182,,,0,hash_dup_142,possible_duplicate,449f4c16baed4f123b48ba39f37882497ad4a58251526680482eb979d1b2ddb7,27
171103330.pdf,1.8,unclassified,unclassified,False,171103330,,,0,,,ea9369bf8f61c37c7f287c3dbe61dacc8bc43357c3ac5d712e8ba9290fe3c19a,30
171203604.pdf,9.3,unclassified,unclassified,False,171203604,,,0,hash_dup_143,possible_duplicate,2b59853dde2a0f45239d241b0cccfebe88de02e1deece8069c0471838b861e2b,25
18-046.pdf,0.7,unclassified,unclassified,False,18-046,,,0,,,c0efa8f6203d308fc9b731f51fb68dedd1661d3ab18924ba418ab579b448ec10,24
1801.07412.pdf,0.4,unclassified,unclassified,False,1801.07412,,,0,,,a4faaf1c1e846559aeee1dada39eb24ce883165c5b424ae5a57d3bf922f83591,6
180100710.pdf,4.4,unclassified,unclassified,False,The title of my PDF,My name,,0,fuzzy_dup_402,possible_duplicate,bc7f97db2d6724af3ce96ca976d9655605caf48b141c326bccc3ebef265a1656,17
180107275.pdf,1.5,unclassified,unclassified,False,180107275,,,0,,,d1050fcccf05384b23a614050f4cda5d82b6f08f426e3bf70f09eb2cca96ea50,35
180201353.pdf,0.5,unclassified,unclassified,False,180201353,,,0,,,fee3b5a0d36efdd0105811189fac42de45358fddcbfd9d06be85efec12495173,12
1803.01507.pdf,0.3,unclassified,unclassified,False,1803.01507,,,0,,,20f4e85032fbec7bd680b09e2c1f48db39c1d0f4a4e598d874cd19f6b55e5183,29
1803.07888.pdf,0.7,unclassified,unclassified,False,1803.07888,,,0,,,c1bc96df9ae457f39b41a412fefb161a07141b119850bf5312024f8feb9d27b4,8
180304043.pdf,1.1,unclassified,unclassified,False,180304043,,,0,,,d4e65933adf561ab482c9fe59d2b8bde4eb6df54e418cb91ee85944a95bd2c48,24
1804.08320-2.pdf,0.5,unclassified,unclassified,False,1804.08320-2,,,0,hash_dup_145,possible_duplicate,6c5ce01b4cc8ba78efbbc7905b22af3f49e5bb02f25b5597be0bf3ee2a56606f,22
1804.08320-3.pdf,0.5,unclassified,unclassified,False,1804.08320-3,,,0,hash_dup_145,possible_duplicate,6c5ce01b4cc8ba78efbbc7905b22af3f49e5bb02f25b5597be0bf3ee2a56606f,22
1804.08320.pdf,0.5,unclassified,unclassified,False,1804.08320,,,0,hash_dup_145,possible_duplicate,6c5ce01b4cc8ba78efbbc7905b22af3f49e5bb02f25b5597be0bf3ee2a56606f,22
180403127.pdf,0.4,unclassified,unclassified,False,180403127,,,0,,,e9b7b63a8544862eead4a1fd592f59565bf83c1a038cb064079d927df8ab314f,28
180408320-2.pdf,0.5,unclassified,unclassified,False,180408320-2,,,0,hash_dup_145,possible_duplicate,6c5ce01b4cc8ba78efbbc7905b22af3f49e5bb02f25b5597be0bf3ee2a56606f,22
1805.10417.pdf,0.2,unclassified,unclassified,False,1805.10417,,,0,,,3b376da5a33aed1ea32a3a8bd5aa436bdbaded4c6ad572697a51eaaaca13ed11,17
1806.01641-2.pdf,0.3,unclassified,unclassified,False,1806.01641-2,,,0,hash_dup_146,possible_duplicate,0b072ce6538e21217a3f88eaed2c051e371bd0b58b71d8ae889eedc65a92cfa8,37
1806.01641-3.pdf,0.3,unclassified,unclassified,False,1806.01641-3,,,0,hash_dup_146,possible_duplicate,0b072ce6538e21217a3f88eaed2c051e371bd0b58b71d8ae889eedc65a92cfa8,37
1806.01641.pdf,0.3,unclassified,unclassified,False,1806.01641,,,0,hash_dup_146,possible_duplicate,0b072ce6538e21217a3f88eaed2c051e371bd0b58b71d8ae889eedc65a92cfa8,37
180607766.pdf,1.6,unclassified,unclassified,False,180607766,,,0,hash_dup_147,possible_duplicate,daf63f76c91d41909ed5684bb1eaf52dfc83f6676d7f81c5f7ffdc225aa361d9,21
1807.05171-2.pdf,0.4,unclassified,unclassified,False,1807.05171-2,,,0,hash_dup_148,possible_duplicate,ca943669d68c18d04a953835cc7e52f4d9862f27a3b92ed5465c4cfe2596f0d1,19
1807.05171-3.pdf,0.4,unclassified,unclassified,False,1807.05171-3,,,0,hash_dup_148,possible_duplicate,ca943669d68c18d04a953835cc7e52f4d9862f27a3b92ed5465c4cfe2596f0d1,19
1807.05171.pdf,0.4,unclassified,unclassified,False,1807.05171,,,0,hash_dup_148,possible_duplicate,ca943669d68c18d04a953835cc7e52f4d9862f27a3b92ed5465c4cfe2596f0d1,19
180700693.pdf,5.8,unclassified,unclassified,False,The title of my PDF,My name,,15,fuzzy_dup_402,possible_duplicate,c501324564939b2f5aa0e0feb7c6bbad51091b166b7e4e6b19db5a6f6ee37353,19
180705171-2.pdf,0.4,unclassified,unclassified,False,180705171-2,,,0,hash_dup_148,possible_duplicate,ca943669d68c18d04a953835cc7e52f4d9862f27a3b92ed5465c4cfe2596f0d1,19
1808.01769-2.pdf,0.9,unclassified,unclassified,False,1808.01769-2,,,0,hash_dup_149,possible_duplicate,fb0167d4ef987528bc15ab1368b01b5a6faf4a8fe48611d26ef9f128ac1e0042,18
1808.01769.pdf,0.9,unclassified,unclassified,False,1808.01769,,,0,hash_dup_149,possible_duplicate,fb0167d4ef987528bc15ab1368b01b5a6faf4a8fe48611d26ef9f128ac1e0042,18
1808.09760-2.pdf,0.3,unclassified,unclassified,False,1808.09760-2,,,0,hash_dup_150,possible_duplicate,1db6b7346d9264aa5734c831253d8263b6c1074b714c25ab44e60d4d1c8b75d7,30
1808.09760-3.pdf,0.3,unclassified,unclassified,False,1808.09760-3,,,0,hash_dup_150,possible_duplicate,1db6b7346d9264aa5734c831253d8263b6c1074b714c25ab44e60d4d1c8b75d7,30
1808.09760-4.pdf,0.3,unclassified,unclassified,False,1808.09760-4,,,0,hash_dup_150,possible_duplicate,1db6b7346d9264aa5734c831253d8263b6c1074b714c25ab44e60d4d1c8b75d7,30
1808.09760.pdf,0.3,unclassified,unclassified,False,1808.09760,,,0,hash_dup_150,possible_duplicate,1db6b7346d9264aa5734c831253d8263b6c1074b714c25ab44e60d4d1c8b75d7,30
180801769.pdf,0.9,unclassified,unclassified,False,180801769,,,0,hash_dup_149,possible_duplicate,fb0167d4ef987528bc15ab1368b01b5a6faf4a8fe48611d26ef9f128ac1e0042,18
180809760.pdf,0.3,unclassified,unclassified,False,180809760,,,0,,,4dccebae2b2e32a079bbca3a6bbe36b424b615baa019696bfae41a24cafcf66e,30
1809.09964.pdf,0.2,unclassified,unclassified,False,1809.09964,,,0,,,2b0bfc47d2612c2c97cbc1c9a985f440b5e568149ff224680bc04ff8ffce2c43,12
180906702.pdf,2.1,unclassified,unclassified,False,180906702,,,0,,,ef3c8ee5735c01383aeb291c2189f1805ca84c756bb235c5baaf62a17d478d9e,24
1810.03971-2.pdf,0.3,unclassified,unclassified,False,1810.03971-2,,,0,hash_dup_151,possible_duplicate,edb7ab2371bdc80dedb29bfeece1494da96dfc271cacc2739bca38c34c9a7dba,28
1810.03971.pdf,0.3,unclassified,unclassified,False,1810.03971,,,0,hash_dup_151,possible_duplicate,edb7ab2371bdc80dedb29bfeece1494da96dfc271cacc2739bca38c34c9a7dba,28
181005987.pdf,0.6,unclassified,unclassified,False,181005987,,,0,,,b543c39ee7731b8b6b9cf229a3304ba6b6dd14058a3310d84871107283514815,56
1811.06595.pdf,0.4,unclassified,unclassified,False,1811.06595,,,0,,,adb6ad5a7e80a2aa1ae4722d32c7627623dce356bb43cde6ffe151531dc20ab4,31
1811.09023.pdf,0.3,unclassified,unclassified,False,1811.09023,,,0,,,c6766e694a0bf98b61ebe721d573d2af0ddf9add439016b10445ba81db2e1650,30
181105897.pdf,0.7,unclassified,unclassified,False,181105897,,,0,,,97283010657c240dc982f3ae10aea903f35a3d02e3a8069078a90eafa97be3e8,25
181109442.pdf,2.6,unclassified,unclassified,False,181109442,,,0,,,6fc16365e6a4c1a6f5eb7dd159b15a9b14f92bc7a77cb428605ffd53a4602e46,19
1812.05073.pdf,0.6,unclassified,unclassified,False,1812.05073,,,0,,,d8006e3f6b2cd1f30bcc6db9789ea64eeba3095bcc3205fd868fb09eb0a3394b,9
1812.11749.pdf,0.6,unclassified,unclassified,False,1812.11749,,,0,,,383da1f17af125490a921766951fe190c13c7327a0178fe2a3fdbecd4d0bdadc,9
181202328.pdf,1.8,unclassified,unclassified,False,181202328,,,0,,,a671fdcbfa3e1997758a6b8357ceeed91770531ccec4f4dfa54541aca962baa0,10
181210852.pdf,0.6,unclassified,unclassified,False,181210852,,,0,,,24e106ea8d8c2a3005ec59885da4e50e90f91aaf90375cc9bd690f8cb12b829d,41
1875520.pdf,1.1,unclassified,unclassified,False,1875520,,,0,,,112de591d80624563df41cb21c8b44b0ec164bfffad4a570b9ee1d45ad1ebf0f,220
18m1171485.pdf,0.5,dynamical_systems,high,False,18m1171485,Lorenzo Zino; Alessandro Rizzo; Maurizio Porfiri,,10,,,6018498ec6622828dacb8609218048067facb98bef22b7ff5a1e827189b3e0b9,25
19-04-11-Cheat-Sheet-TensorFlow-2-0.pdf,0.8,unclassified,unclassified,False,19-04-11-Cheat-Sheet-TensorFlow-2-0,,,0,,,9026a888b16a840be754877485d098d8c22592e58890aca95fd9f67d2f62ca1d,3
190100115.pdf,1.2,unclassified,unclassified,False,190100115,,,0,hash_dup_153,possible_duplicate,0f526a602eb4ba2e958b88e2a9708096d20f9ca7eded0600c25780742316e62d,20
190100705.pdf,0.6,unclassified,unclassified,False,190100705,,,0,,,12bfb6051561595eb2c6bea0a5ce2fbd2d95ec3fada105645500f949ff442f76,24
190107289.pdf,1.0,unclassified,unclassified,False,190107289,,,0,,,0ad04929d0f3fd3de14d6f958f52393b17d92126915da40eae0ada7bf6834fa9,22
190110728.pdf,2.2,unclassified,unclassified,False,190110728,,,0,,,7e2b656b50ceb25b98a6f2f660f9c8beb76c55ec06e610917ce470af680ff42a,9
1902.05463.pdf,1.0,unclassified,unclassified,False,1902.05463,,,0,,,227fb34cc5e2ff78433733bbcbb4dc95e7394531812b1a82d2074e5862636b92,8
1902.08219.pdf,0.4,unclassified,unclassified,False,1902.08219,,,0,hash_dup_154,possible_duplicate,a99db654f5c1687ff07522dbf1a212adb12bba81abbf02e1b0611be6f8c38fe9,15
190205965.pdf,3.7,deep_learning,low,False,From Dark Matter to Galaxies with Convolutional Networks,Xinyue Zhang*; Yanfang Wang*; Wei Zhang*; Yueqiu Sun*; Siyu He; Gabriella Contardo; Francisco Villaescusa-Navarro; Shirley Ho,,10,,,d30d7b86dc7b2dac25f845883389f26a640648bd48fb844e4b56d624ebbf1926,10
190208219.pdf,0.4,unclassified,unclassified,False,190208219,,,0,hash_dup_154,possible_duplicate,a99db654f5c1687ff07522dbf1a212adb12bba81abbf02e1b0611be6f8c38fe9,15
190209957.pdf,0.3,unclassified,unclassified,False,190209957,,,0,,,08914dbca28b8500d0386c076c044b0666e1184ed8c77ee6d677f478cde848ef,9
190306966.pdf,2.2,unclassified,unclassified,False,190306966,,,0,,,50908b3d5cc3b97f5ff58071f3c2bc1b888cd6515680910500804433aee86254,27
190309418.pdf,3.2,unclassified,unclassified,False,190309418,,,0,hash_dup_155,possible_duplicate,b0403be8cb0260a6d239a7eef3a1c90951bc4bbe8408d55c0fae27063ce5b625,15
190402539.pdf,0.7,unclassified,unclassified,False,Template for 12pt scientific paper,David Miller,,10,,,8c7aed10e3fe90258bfa680062d356708a5ee8cbf0c4985c8e6a34ad5283375d,60
190403924.pdf,1.5,unclassified,unclassified,False,The title of my PDF,My name,,0,fuzzy_dup_402,possible_duplicate,3e81aaba85be9b082ca4a4a1cba3514e6849123e53ace2897e7c571e8952f811,12
190413062.pdf,1.9,unclassified,unclassified,False,190413062,,,0,,,216df0365ff6290bfabc3e26d8e4c1a17f4ee3781ae0a0a0336ac5f7b4d85670,223
1905.04059-2.pdf,0.5,unclassified,unclassified,False,1905.04059-2,,,0,hash_dup_157,possible_duplicate,dd9ff1f74896e2153e87f71beb6b3144e83875409fcb803dc42c4ca735ede9f7,10
1905.04059.pdf,0.5,unclassified,unclassified,False,1905.04059,,,0,hash_dup_157,possible_duplicate,dd9ff1f74896e2153e87f71beb6b3144e83875409fcb803dc42c4ca735ede9f7,10
190503451.pdf,0.2,unclassified,unclassified,False,190503451,,,0,,,4e7b63cc90142becff66a75f184970157f7d9f11741fcdb4c36d75d073cd157b,20
190510396.pdf,4.5,unclassified,unclassified,False,190510396,,,0,,,d249b291c5fbd9ff707df3c402fd9fbf1999529837a5107756a927e1578c0fdd,24
190511647.pdf,0.3,unclassified,unclassified,False,190511647,,,0,,,59eb7d879c1ace78822c985ed09861f4220ab752bc174bd09bc3cfe7e6054fcc,20
190601298.pdf,0.1,unclassified,unclassified,False,arXiv:1906.01298v1  [math.DS]  4 Jun 2019,,,0,,,c82f5492ebf0e8cb34b7abe20dccdfc80f983c8da9cea77f564687448b3313cd,13
190607515.pdf,0.6,unclassified,unclassified,False,190607515,,,0,,,b0f165e28c0b3fb05f01f33d0f8baa73f044804ff555ca82b60fa998273f9ec2,12
190611262.pdf,3.1,unclassified,unclassified,False,190611262,,,0,,,9d33dd8c4c29c09e4264d28a625ee73831486491dae5dd870e6bc4f991111846,7
190708746.pdf,0.3,unclassified,unclassified,False,190708746,,,0,,,ade4a32dc2af0daddf75ae0d6411b8727f65efe5d5d894610b9fdee2ae57c3ce,38
190709434.pdf,0.5,unclassified,unclassified,False,190709434,,,0,,,4d121ceaa5cf1058157eee16fe5a142d5afa8019256fe1a820435571ddb52a4d,52
190713475.pdf,0.8,unclassified,unclassified,False,190713475,,,0,,,68f6922821978319977d72573d4c0b717fa32bb8597df84c3f8566c2e613ec13,76
190800075.pdf,0.7,unclassified,unclassified,False,190800075,,,0,,,e426131913034ca07ac3669c2c562202230b9e247de890c66cf258511e9afed3,21
190804871.pdf,1.3,unclassified,unclassified,False,190804871,,,0,,,6a37ac0a8209be2131f2c0ca0c111180bb0d3b9ec225124cc84a42a9c4d31d0b,11
190806088.pdf,0.5,unclassified,unclassified,False,190806088,,,0,,,3a2db1da2ee234d78be81c98b45fb61226d3f25e1e92d4e7ba11683a60affa66,11
190906053.pdf,0.7,unclassified,unclassified,False,190906053,,,0,,,2827c368cb9c4b7719c8fd54f3a754510930b05547e70751c9fcab6d5592a526,55
190909462.pdf,2.5,unclassified,unclassified,False,fig1.eps,alib,,10,,,3b0e82ac8d164d6ac88b64e2c19d453b60395f9e431e56e7951acaa972727f64,21
190911531.pdf,2.8,unclassified,unclassified,False,190911531,,,0,,,e8125c5d1ff2c4cd4ba7e3bcd27159566157b6c2a50b6751c5a5c8e7030fde6f,15
191105593.pdf,1.9,unclassified,unclassified,False,191105593,,,0,,,da1b5b346ab01231fed02413e0e10dc49d919180a8bc2491b339bb00a299cae1,15
191111811.pdf,4.9,unclassified,unclassified,False,191111811,,,0,,,d8c998cc880144ad2cf3a7183057e1db8642620576a21da23caf026723a3463e,16
1911AJ_____27___11M.pdf,0.4,unclassified,unclassified,False,1911AJ_____27___11M,,,0,,,207a40df57277bcc6358786d49a1c6fec6e9e375d1a2e805ef6ba81331342775,3
191206716.pdf,1.4,unclassified,unclassified,False,191206716,,,0,,,ed4e6cfde57617afcc3b6bdc32e832064af524725f9f1986cd61037403ebc88a,19
1981CeMec__23__231W.pdf,0.8,unclassified,unclassified,False,1981CeMec__23__231W,,,0,,,15937b1ec6a9e4a0a556ed6d51cc4f88e99c3eeadde03de72eb358075ef09744,12
1982CeMec__28__171S-2.pdf,0.7,unclassified,unclassified,False,1982CeMec__28__171S-2,,,0,,,d696a61380652645fd87d35802cc4f16c4c9c4a28d168c101d85336b900d7b34,11
1982CeMec__28__171S.pdf,0.1,unclassified,unclassified,False,1982CeMec__28__171S,,,0,,,f3482f28d9bda9949ab47777a1eb9e5caf5b636a8fb014006018d8aaf17d3060,1
1996ApJ___471____1H.pdf,0.2,unclassified,unclassified,False,1996ApJ___471____1H,,,0,,,cf5ce78c71f575822e342861d55a58fdfb3bd5bcbf772308d83de547835df09c,12
1pseperateaug.pdf,0.1,unclassified,unclassified,False,1pseperateaug,Jos Migchielsen; CV Radhakrishnan; CV Rajagopal,,10,,,61e73d5472464c1b7eef57699e9e0866bd25ca95ee0ca7fc5d1774ecfd8f4918,8
1psingleauthorgroup.pdf,0.1,unclassified,unclassified,False,1psingleauthorgroup,Jos Migchielsen; CV Radhakrishnan; CV Rajagopal,,10,,,105450d45d83e5169c8b49c8feb06a06b6c5827328e01645a7a675d900fac770,7
1s20002072259290069Smain.pdf,0.3,unclassified,unclassified,False,1s20002072259290069Smain,,,0,,,fb5b65c4fca54986d0f6af6603815d2a5067eaa62d13b629d1aaead32a24edbc,4
1s200167278982900677main.pdf,0.4,unclassified,unclassified,False,1s200167278982900677main,,,0,,,386884c415d04fc157e760e5034e77e9fea37152f1b2ec1acdedaf3b1f7af9e9,9
1s200375960180903758main.pdf,0.3,unclassified,unclassified,False,1s200375960180903758main,,,0,,,91ab2e955e64fbadc3e19c748717e777e18782bef8dfced9a640c032c8a8c6be,4
1s20S0375960100006472main.pdf,0.1,unclassified,unclassified,False,1s20S0375960100006472main,,,0,,,07e6552da78c209b1d2e997e6e59a9c7d4458158d24fa1feb3e460b83c63691e,5
1s20S0960982207017794main.pdf,1.0,unclassified,unclassified,False,1s20S0960982207017794main,,,15,,,6598d2f525c41398fbbe787c0bdef5a76ccec5205e2f5a55e09799b787c60aef,7
2. Binary_Classification.pdf,0.6,machine_learning,low,False,2. Binary_Classification,Guillaume Goudreau,,10,,,0f144cfe60d80ca8be2aab5623438ddd3874b27cb5efb5831beeeb6541435d58,1
2001-03412 1.pdf,0.4,unclassified,unclassified,False,2001-03412 1,,2001,5,,,8dbc94bac5b553cb1705aa4f3b4a8dc53323604a3145b1b330ad9fdcc59d4bf5,20
2001-03412.pdf,0.3,unclassified,unclassified,False,2001-03412,,2001,5,,,76b077388777a9fb16d15edfb280c792a95889a641391d528c549d0f9e45330d,17
200111049.pdf,5.6,unclassified,unclassified,False,200111049,,,5,,,6447af0a450dcfbe4beac6b794403bbe4dedf32a92bf3b2e391be78337770b52,37
200201263.pdf,0.6,unclassified,unclassified,False,200201263,,,0,,,5c250bdbbf3eecfa73f0486c33944e464a40364f396026c65b70af2ba40af5a0,22
2003-01771.pdf,0.4,unclassified,unclassified,False,2003-01771,,2003,5,,,abdd4138b62212f51d0dc35ce84114cb2c76cab1ef40f5112b4feaec4a514fc2,26
2003.00716.pdf,0.2,unclassified,unclassified,False,2003.00716,,2003,5,,,0063f4ddc4fc5ab3cb144c0ea836cb507bb667e92df314e486eef5e4ab4407c6,19
200405475.pdf,13.7,unclassified,unclassified,False,200405475,,,10,,,f736387af023da0c1f6fa8f7b8a21fc0fb2bf03c67e7c554faf5d64dc57281c0,20
200411826.pdf,0.1,unclassified,unclassified,False,200411826,,,0,,,00e469a89b8d48dae5caed96af317915b3d60f7eae0e8d394ec4e0edce2a491b,6
200412732.pdf,0.8,unclassified,unclassified,False,200412732,,,0,,,96f6a3f63fd1f065851de430246911e6e2a93a7661a6bb0707c0515391aad552,28
2008.00826 2.pdf,0.4,unclassified,unclassified,False,2008.00826 2,,2008,5,hash_dup_158,possible_duplicate,b174614f0e3e979aa4c1c39b4176cd9c29a1cabff26560820de19dbcff8ef8a4,8
2008.00826.pdf,0.4,unclassified,unclassified,False,2008.00826,,2008,0,hash_dup_158,possible_duplicate,b174614f0e3e979aa4c1c39b4176cd9c29a1cabff26560820de19dbcff8ef8a4,8
2009.13674.pdf,0.7,unclassified,unclassified,False,2009.13674,,2009,5,,,1eb3c211267ed95d606f36d13e499863e515c428c9f33ef157f2389f827e5cf9,13
2011.00190.pdf,0.9,unclassified,unclassified,False,2011.00190,,2011,5,,,5cabf05a1242530761ce2ce4a39c8b7955c236dc66368cfa19f5ebe4657fa134,13
2011.04208.pdf,0.3,unclassified,unclassified,False,2011.04208,,2011,5,,,41d65416653b8b7ddcbeda8898e6d0ab324d242b342649ce0c32b045fc00712a,6
2012 Fall ERM Exam ILA.pdf,0.2,unclassified,unclassified,False,2012 Fall ERM Exam ILA,Society of Actuaries,2012,15,,,3fac1eebf7c5cac9a21f549fa814a476b16de2ea75b5d093b33cf27c382a9b38,19
2012 Fall ERM ILA Solutions.pdf,0.5,unclassified,unclassified,False,2012 Fall ERM ILA Solutions,SOA USER,2012,15,,,6c48c59b160b552f125d067218b5b94df20daf0c7dbc83658e20a88a7f627785,34
2012.00174.pdf,0.2,unclassified,unclassified,False,2012.00174,,2012,5,hash_dup_159,possible_duplicate,90efb333a62c67588e46e8e825403d24abc98f3f87180568e0c15758875acf76,19
201200174.pdf,0.2,unclassified,unclassified,False,201200174,,,0,hash_dup_159,possible_duplicate,90efb333a62c67588e46e8e825403d24abc98f3f87180568e0c15758875acf76,19
201214591.pdf,4.6,unclassified,unclassified,False,201214591,,,0,,,b257c7ab789c1a50511d859454db9cf9a57a0e7ae5492bfbcffe5b54485a9b65,119
2015NationalHMOBrochure.pdf,0.8,unclassified,unclassified,False,2015NationalHMOBrochure,,,0,,,43326b943021f7bf6bb9d53b7952543c2eaaada9e4d721732c6b097c9e8d4fcc,100
2017-03-predictive-models-conversion-studies.pdf,0.6,forecasting,low,False,2017-03-predictive-models-conversion-studies,Richard Xu,2017,15,,,c679bf7e49e1491f3c64636a8fc67c4ea2290557698c760fca5b73917043b59c,26
201706 Double Debiased Machine Learning for Treat.pdf,0.8,machine_learning,low,False,201706 Double Debiased Machine Learning for Treat,,,0,,,1d51dffad897599ea63c6049bb935477c8eda521fc7a3cc48f00ef4ea86ad00e,71
2017_complexnetworks_peer_influence_slides.pdf,0.7,mathematics,low,False,2017_complexnetworks_peer_influence_slides,Matthias Wölbitsch; Simon Walk; Denis Helic,,10,,,ccc3a6db100bcefd18de8a43b89810625170a65f7d04d1c64f9300f407129628,34
2019-julia-user-developer-survey.pdf,0.2,unclassified,unclassified,False,2019-julia-user-developer-survey,,2019,5,,,54337c4632e52a0ad1a099479588c163c1ef89fc71c06737de5fe37ca1565988,36
2020-03-16-COVID19-Report-9.pdf,0.8,unclassified,unclassified,False,2020-03-16-COVID19-Report-9,Ghani; Azra C H,2020,15,,,eac8524cc410dd2b549e9739c5e46a42151b8ec6e507ea04e3258e4d06c17684,20
2020.08.27.20183574-1.pdf,0.8,unclassified,unclassified,False,2020.08.27.20183574-1,,2020,5,,,d653b162aadb861c7192e8b048ef616291a4bdc5b0f206692a96033d71a5109b,33
20200128-sitrep-8-ncov-cleared.pdf,0.7,unclassified,unclassified,False,20200128-sitrep-8-ncov-cleared,Ikejezie; Mr. Juniorcaius (WDC),,10,,,b11d45cd6cf303c21f38f2fc6adb9ae6748dd47cef2c1513c8c3132c9f600b40,7
20200130-sitrep-10-ncov.pdf,0.7,unclassified,unclassified,False,20200130-sitrep-10-ncov,Ikejezie; Mr. Juniorcaius (WDC),,10,,,c102ccb3f276ff75a579fb993fd444c1a22b93d76a91d382731387eb33c4d0d6,7
20200211-sitrep-22-ncov.pdf,1.0,unclassified,unclassified,False,20200211-sitrep-22-ncov,Ikejezie; Mr. Juniorcaius (WDC),,10,,,6a07392254de6a6c07cad30d80e1e6d387d86fb77bd824528e73da355a96186e,7
20200212-sitrep-23-ncov.pdf,1.0,unclassified,unclassified,False,20200212-sitrep-23-ncov,Ikejezie; Mr. Juniorcaius (WDC),,10,,,5001519057f475aa9318312025e9c37d4f93961604c7b02463c90f91519a79be,7
20200417-sitrep-88-covid-191b6cccd94f8b4f219377bff55719a6ed.pdf,0.8,unclassified,unclassified,False,20200417-sitrep-88-covid-191b6cccd94f8b4f219377bff55719a6ed,Ikejezie; Mr. Juniorcaius (WDC),,10,,,b32a0ba0422fda1efe3f75ad999a5fbe2221d83ddcfcadba9444ee4cc09a2393,12
20200609-covid-19-sitrep-141.pdf,0.6,unclassified,unclassified,False,20200609-covid-19-sitrep-141,WHO,,10,,,f552d0d3042499eab3da730711da7b7a3002e606af6172ecae7b2dc90ded6f7c,15
2020_Bookmatter_TheKoopmanOperatorInSystemsAnd.pdf,0.6,unclassified,unclassified,False,2020_Bookmatter_TheKoopmanOperatorInSystemsAnd,,,0,,,3ae16f170e9097456f4e83a9ce55bc7b0632c33063a99c352e0c65a7ccba9f45,23
2023-07-altam-21-23.pdf,0.2,unclassified,unclassified,False,2023-07-altam-21-23,,2023,5,,,995033045fafcbfbeb02cd375a7b8548ad9e87089bfee4e37af6bf3493b127e6,22
2023-07-altam-sample-questions.pdf,0.9,unclassified,unclassified,False,2023-07-altam-sample-questions,,2023,5,,,9f2afbbfa17abfbc6e5ccf14ed2d9e9f4e519d8461630ae0615ed859711c66bb,115
2023-exam-astam-21-23.pdf,10.9,unclassified,unclassified,False,2023-exam-astam-21-23,Society of Actuaries,2023,25,,,3ac217f8817236a625ecacfb2d1ee2dc3d5eaee24e21779b849815c5859019fd,77
2023-exam-astam-22-23.pdf,0.5,finance,low,False,2023-exam-astam-22-23,Society of Actuaries,2023,15,,,dd125d437ecc69df2e97265d52ec1319e93a50d56cb9cbe8e113df6cd2f945e8,32
2023Syllabus.pdf,0.6,unclassified,unclassified,False,2023Syllabus,Robin Gault-Winton,,10,,,fabadc6e22125dceb91990a5ba84ef7517824dab02b9afdeb6881f4f19b921e4,45
2024 Fall LPM exam.pdf,0.2,unclassified,unclassified,False,2024 Fall LPM exam,Society of Actuaries,2024,15,,,c2b05cc02ccbd21521f20e653e2ff1bb809d1f0d60247a097a91caf9eec14a06,20
2024 Fall LPM solutions.pdf,0.2,unclassified,unclassified,False,2024 Fall LPM solutions,Society of Actuaries,2024,15,,,80a5da8549a4740f5a12107b9b641d042eef6973f54cff5db3da386e902a29ba,26
2024-fall-astam-exam.pdf,0.2,actuarial_insurance,low,False,2024-fall-astam-exam,Society of Actuaries,2024,15,,,c7e45ae70452fc50709e1721f3b9242de1e2af1ac0afc1cc29cf0449fb683f94,13
2025 1_20 PHV FORM.pdf,0.2,unclassified,unclassified,False,2025 1_20 PHV FORM,,2025,0,hash_dup_160,possible_duplicate,37298cd019916938fb200049e16d69b15bde27ce83b7775242add88ae3e30b62,4
2025-03-exam-fam-syllabus.pdf,0.2,actuarial_insurance,low,False,2025-03-exam-fam-syllabus,SOA,2025,15,,,c53b38b14d6ebbadb5a36e0aac2a36ac2c2c91135f76d92ea40dd7e109939c00,9
2025-11-cp-311-strat-guide.pdf,0.2,unclassified,unclassified,False,2025-11-cp-311-strat-guide,Society of Actuaries,2025,15,,,52914e43eb32dd4047d5773c8712b6bd8275715740a44233100af8ee41ce5361,5
2025-11-cp-311-syllabus.pdf,0.2,unclassified,unclassified,False,2025-11-cp-311-syllabus,Society of Actuaries,2025,15,,,d2920637e194d0a7580b6da0aa13194e97428c96b6c2271430d0509cfc680893,6
2025-11-ila-101-solutions.pdf,1.6,unclassified,unclassified,False,ILA101 Solutions,Society of Actuaries,2025,20,,,c4d45189e71a1478fc7b9872e9aba111f3ddec65abd5d5389aacaf9081ea0081,301
2025-11-inv-101-strat-guide.pdf,0.2,portfolio_management,low,False,2025-11-inv-101-strat-guide,SOA,2025,15,,,29f1865d1c48525354e7bbb677e3393863ae821cd7c952d832c93da45a15906d,5
2025-11-inv-101-syllabus.pdf,0.2,portfolio_management,low,False,2025-11-inv-101-syllabus,SOA,2025,15,,,3f0d3d545ff35691200828de597fad474db19ea300f9fde77a15289d8ea34ce0,6
2025-spring-exam-astam-syllabus.pdf,0.1,actuarial_insurance,low,False,2025-spring-exam-astam-syllabus,SOA,2025,15,,,34a37d800e9794625f475671b7d87077ff808d7aba03704d93d6a08a22a83803,6
207225full.pdf.pdf,3.0,unclassified,unclassified,False,207225full.pdf,,,0,,,8f3d9abff83969447884c4df3155ee9163810094e2e1c2a148f7ede31be7a8b6,8
209C HW3.pdf,0.2,unclassified,unclassified,False,209C HW3,,,0,,,5436708a1eeb94ce19caff9a5779f6d46bef4557561a68f32d7e9139075f1749,8
210100863.pdf,16.6,unclassified,unclassified,False,The Atlas for the Aspiring Network Scientist,Michele Coscia,,25,,,98653d0059fb6681db8d947bfbdd1b68bc8b590fdd98a95eb063c3169fbaedd9,760
210212086.pdf,17.5,dynamical_systems,high,False,Modern Koopman Theory for Dynamical Systems,S. L. Brunton; M. Budišic; E. Kaiser; J. N. Kutz,,20,,,1ef1156f5d7e60049a430e43c182c189ba8451be5b4c1f5a573214841c0253c5,96
210300181.pdf,1.6,unclassified,unclassified,False,210300181,,,0,,,b6ee0e5012b761f27313cffc83a90220c53e6f3d13d705c9d9359fe1ac6da3b4,38
2108.08845.pdf,0.7,unclassified,unclassified,False,2108.08845,,,0,,,056e681a2ddf02528c94e512e67067afd018e6c750c31f705d5b44e0f88fef64,11
211001866.pdf,18.3,unclassified,unclassified,False,211001866,,,15,,,ba3ce7f228642e5dac93b428bb6a9e86d680d7bc70ce45a30e8da2c5a6dc6bb7,358
217019e.pdf,0.3,unclassified,unclassified,False,Educational Note Supplement: Selective Lapsation for Renewable Term Insurance Products,Canadian Institute of Actuaries,,10,,,b3a0770dc808ca47c99a3ec4a84caf641e57eb70f8e9fa86545f85ef8759ea1e,28
220501068.pdf,1.7,unclassified,unclassified,False,220501068,,,0,,,45192a2729d467a44f7d32f077e223c9602da294e8e89ed2d191e555b6413d96,30
220504080.pdf,0.9,unclassified,unclassified,False,Linear quantum systems: a tutorial,Guofeng Zhang; Zhiyuan Dong,,10,,,531efc4cb6adcc0ed804d5a7bfd85a1ff2202ce7acf780119b4a254000162df6,57
220512944.pdf,0.9,unclassified,unclassified,False,220512944,,,0,,,0b2054c8bf30a1dc4262766d8d92010e281c7c15cae1ec87d8b357d834d34d5c,50
220704630.pdf,7.9,unclassified,unclassified,False,220704630,,,5,,,749ac7f2fb1e74cf4ce6552d24774ec241b4e114781248684019c6c9ca3cd6a4,23
223180e-2.pdf,0.7,unclassified,unclassified,False,SOP Part 1000 General,Actuarial Standards Board,,10,hash_dup_161,possible_duplicate,095e2961d8b1a1ed31de7e208220d96ee7df91b62cc1f2779ca6a0227b2d50ef,73
223180e.pdf,0.7,unclassified,unclassified,False,SOP Part 1000 General,Actuarial Standards Board,,0,hash_dup_161,possible_duplicate,095e2961d8b1a1ed31de7e208220d96ee7df91b62cc1f2779ca6a0227b2d50ef,73
231215282.pdf,0.7,unclassified,unclassified,False,231215282,,,0,,,d8b8d209722754ffd0ce7a32e7894741e94614c1d3bf7f49ffe1cbfb2543c753,17
231JhDiYS5u9SYQ4mDubSQ_c35be3e7ea59404eb5479fb423f7c255_How-Google-Does-ML---Course-Slides.pdf,40.9,unclassified,unclassified,False,231JhDiYS5u9SYQ4mDubSQ_c35be3e7ea59404eb5479fb423f7c255_How-Google-Does-ML---Course-Slides,,,15,,,0dba09b2889379c70bc88f4b8f1b887575df3fd04e6101223308a94b62abcb89,272
2397308.pdf,2.1,dynamical_systems,low,False,Integrable and Chaotic Motions of Four Vortices I. The Case of Identical Vortices,,,0,,,ffa4a47dbfb6237915da13f93ad96d1db4db72a0dd8c874c860990a55ea65bbc,30
240201785v1.pdf,0.5,causal_inference,low,False,240201785v1,Sven Klaassen; Jan Teichert-Kluge; Philipp Bach; Victor Chernozhukov; Martin Spindler; Suhas Vijaykumar,,25,,,7309361f684613588faf532b9347e4ca877874caa0725e0a972d0375ec83ba40,11
240314385.pdf,2.4,unclassified,unclassified,False,240314385,,,0,,,4863193f0e3311274bd937ca7f89cd3aef9f7333167f16b727a50df9b5df2262,67
240813556.pdf,1.9,unclassified,unclassified,False,240813556,,,0,,,05f721b51452d8b5be3c9db7c2b71f538f123c339e9e49bbe589f43a5f77ba13,22
250512477.pdf,9.2,machine_learning,low,False,Joint Embedding vs Reconstruction: Provable Benefits of Latent Space Prediction for Self Supervised Learning,Hugues Van Assel; Mark Ibrahim; Tommaso Biancalani; Aviv Regev; Randall Balestriero,,15,,,a7f22b4ad678e49339335ed5965cc4857e6b3504d442814175ddda3d9bfb679d,34
250611135v1.pdf,0.3,rag_llm,medium,False,250611135v1,David C. Krakauer; John W. Krakauer; Melanie Mitchell,,10,,,ecf9df55b2fb6b84d302769b9a8b09e5568bc60330184ea880975c3df75a88ea,19
251109057.pdf,41.1,mathematics,low,False,"PAN: A World Model for General, Interactable, and Long-Horizon World Simulation",PAN Team; Jiannan Xiang; Yi Gu; Zihan Liu; Zeyu Feng; Qiyue Gao; Yiyan Hu; Benhao Huang; Guangyi Liu; Yichi Yang; Kun Zhou; Davit Abrahamyan; Arif Ahmad; Ganesh Bannur; Junrong Chen; Kimi Chen; Mingkai Deng; Ruobing Han; Xinqi Huang; Haoqiang Kang; Zheqi Li; Enze Ma; Hector Ren; Yashowardhan Shinde; Rohan Shingre; Ramsundar Tanikella; Kaiming Tao; Dequan Yang; Xinle Yu; Cong Zeng; Binglin Zhou; Zhengzhong Liu; Zhiting Hu; Eric P. Xing,,25,,,e81dc46e056320cfeca96267afeb8647ba95f1c7f216cc3b4db30f12af6fc478,33
2_life_cycle_of_financial_planning.pdf,0.1,unclassified,unclassified,False,2_life_cycle_of_financial_planning,Gail Gordon,,10,,,24ad9a9386b773b4eb456270866f1add3be39f1ad46b3130649790872f89098d,3
2all.pdf,0.4,unclassified,unclassified,False,2all.dvi,,,0,,,8b50b62bc056ae4954530c50674f413fe2bcdea61ece45251c8a16fabe4addb4,28
2sql.pdf,0.6,sql,low,False,2sql,,,0,,,a1f5ac99b8e4a15b9bdd79b1a9433b7ba592593aa3d94dbca7d776759570de64,31
3-16.pdf,0.7,unclassified,unclassified,False,3-16,,,0,,,537b840ae82e0d8f51716f1da6e6f3c7774362df610f203e8cabc96f21d771b3,14
3. Logistic_Regression.pdf,0.5,unclassified,unclassified,False,3. Logistic_Regression,Guillaume Goudreau,,10,,,c41f4ce0d440b23c6dcc84c68a620e3c6c39fbff676617f4510149912f44be3c,1
30341213 1.pdf,0.7,unclassified,unclassified,False,30341213 1,,,0,,,bc79b7de52ac785ab7bbe28d2962936f89db4f0c37d932781a669145a37367ff,42
32326161316237372d373138342d343730372d383465352d636161363861303964616337.pdf,0.7,unclassified,unclassified,False,A Generalized Hill’s Method for the Stability Analysis of Parametrically Excited Dynamic Systems,,,0,,,f6b34b71a78789e2bb9f2fc198f4f8c6dc5821c89bcf886cb8e88a1d6ff5f3f4,7
349.pdf,0.4,machine_learning,low,False,Unachievable Region in Precision-Recall Spaceand Its Effect on Empirical Evaluation,Kendrick Boyd; Vítor Santos Costa; Jesse Davis; C. David Page,,25,,,f7bd54a5334aec1ad7de2f861b3a8aac87e02c8d8fb13b1dbafa962341604362,8
3631d3cbd44c093826f2cdcaab65fccf277f.pdf,0.2,unclassified,unclassified,False,3631d3cbd44c093826f2cdcaab65fccf277f,,,0,,,72f1a56e215ec6c0b8d63076926f4406f223202d992b0b51afc72d9b6ec542b7,16
3dplot.pdf,0.1,unclassified,unclassified,False,3dplot,,,0,,,c74f8bbd84a3f9ff7d2715c4f038080f3109c0fc5ea8c11960ad48a4d140d8ea,1
4. Logistic_Regression_Cost_Function.pdf,0.5,unclassified,unclassified,False,4. Logistic_Regression_Cost_Function,Guillaume Goudreau,,10,,,058918326ebcb987a2945689a2b322699b38e51869e4912394bb76fbc9c72c94,1
40F4171F-C079-42E1-B33A-9F91B86B92DB.pdf.pdf,4.7,unclassified,unclassified,False,40F4171F-C079-42E1-B33A-9F91B86B92DB.pdf,,,0,,,60dce120afae87b942cbabae1c259fdc604c8b03c3045bac69e0c71d2b26e99d,42
41598_2012_BFsrep00469_MOESM1_ESM 2.pdf,0.2,unclassified,unclassified,False,41598_2012_BFsrep00469_MOESM1_ESM 2,,,0,,,0a5531792b3bfffbce1684b375eef5ed867fa1aaa1b9deb220c5603d2ed31d0e,9
41598_2018_20908_MOESM1_ESM.pdf,0.5,unclassified,unclassified,False,41598_2018_20908_MOESM1_ESM,,,0,,,99b53f8dcf37e46fee949fff36b282c986d554ec44fc6a51e71ce61cce7216ba,9
4368199289_1.pdf,0.1,unclassified,unclassified,False,4368199289_1,,,0,,,3623f7be8b4b843b52eca348a195e1821518cdec6b5d994c4fd6358f8d4cf9de,1
46xbtfx8l3_bronxzoo_vouchers_1872368.pdf,0.3,unclassified,unclassified,False,46xbtfx8l3_bronxzoo_vouchers_1872368,,,0,,,9a34d24f4eaf49ac40f232de1d80f1c04ca2258a1ec3b1d357a0f7a982b87295,5
4_uncle_policies.pdf,0.1,unclassified,unclassified,False,4_uncle_policies,MMobley,,10,,,d4e298a3e249d01479ac2dd7759c067d1e5e91838fbe9c6ef8e6e7febd36b05e,1
4caa1113c8ac072afe6ab7de6a8dec0e4ac3.pdf,0.7,mathematics,low,False,The Logic of Interactive Biorobotics,Edoardo Datteri,,10,,,163fde7bc8d17b703adce3b7d4866a0d4463c677d1fb4344bcb52fbeae482b13,15
508_2023-1Q23-Prudential-Financial-Earnings-Call-Transcript.pdf,0.6,unclassified,unclassified,False,508_2023-1Q23-Prudential-Financial-Earnings-Call-Transcript,CallStreet Jobs Service Account,,10,,,a914657388f43df8fd157aa1b38be3a9abdb0a817e0704646517b4bc33e4fdef,21
513359430_690993480511048_3506169763115059802_n.pdf,0.3,data_science,low,False,513359430_690993480511048_3506169763115059802_n,,,0,,,aa257c01d29e0b35a9340ec52debe610e3ed5dbc2a3edc21c32540dc13067ea7,10
51822.pdf.pdf,0.7,topology_geometry,low,False,Long-Time Symplectic Integration: The Example of Four-Vortex Motion,,,0,fuzzy_dup_401,possible_duplicate,f470cb1f4cf10fe804eaaaa085c2e41e81c34e8a77e8ee26f52c78188951ee04,15
5187305.pdf,1.3,causal_inference,low,False,Causal Inference in Asset Pricing,Haddad; Huebner; Kondor; Loualiche,,10,,,3671d9893867d75d80b71428809140a0c71c170afd571c7617e63f993477c613,83
5233-l14.pdf,0.1,unclassified,unclassified,False,5233-l14.dvi,,,0,,,ac3232bbb81bbaae58c0223aa292b06e824fad6781fdb7d5205c170bbb1a4ce4,4
529_3_231271_1645725485_Databricks - Generic.pdf,0.1,unclassified,unclassified,False,529_3_231271_1645725485_Databricks - Generic,,,0,,,d9aedba70615c77ed86e2d559aa7f751fe3060bbd5caa57d409bc70761d6c44e,1
531 BB.pdf,0.1,unclassified,unclassified,False,Your 4 Week 5/3/1 Routine,,,0,,,1e966799314a1cfd694354212f7267a611cd5bfe86d42febcbd82fd650c7fb76,3
531a.pdf,0.1,unclassified,unclassified,False,531a,,,0,,,48885d922ec36901c9896f24e8405797ef4b839159dcc3c4538559a594796527,2
531b.pdf,0.1,unclassified,unclassified,False,531b,,,0,,,82fc2e2a37a98835208392d958bd373e7342749817f56cece9dc2263d047816b,4
551e176bdbd4c3d3bae4dd956196e7a01478.pdf,0.2,unclassified,unclassified,False,551e176bdbd4c3d3bae4dd956196e7a01478,,,0,,,beaa8f660fd19b50ca23a1110106b2ac7c8bbad47a0b4406b9786ab00cc35b1e,36
565-ch4.pdf,0.1,unclassified,unclassified,False,565.DVI,,,0,,,cb877d75dd13a03551af8bc79c7a7fda731f9fbe50b9c222efd3a6a8b400980b,17
59Bardin.pdf,0.3,unclassified,unclassified,False,(Bardin.tex),(Grupo de investigaci\227n),,10,,,9b0fb3056bf44f3a0084877c75b1960e727d528e8a823f8d0e3f012091bcc41c,12
5e10f11b4585159aa4b2ad09.pdf,0.7,unclassified,unclassified,False,5e10f11b4585159aa4b2ad09,,,0,,,5c93e0fc254b5751b53d833656eb5738dfedc3eb2ae633d2badd9f2b4ede8e0b,33
605_ham.pdf.pdf,0.1,unclassified,unclassified,False,605_ham.pdf,,,0,,,0e594fdfa5e814c03e9b73743da6db1b820f0a767989039295d36e0c07dc6603,11
6418007.pdf,13.9,unclassified,unclassified,False,6418007,,,10,,,0dbff33d071035cb0b367b1f798294cdae7f8063a32f79f76a9bb27c3d61b12c,68
64217240-Linear-Algebra-Friedberg-4th-Ed-Solutions-Manual.pdf,0.9,algebra,low,False,64217240-Linear-Algebra-Friedberg-4th-Ed-Solutions-Manual,,,0,,,5b529a3287c91269eecfe6f79d789c432fed527039a0ce5fd5434cd1834da344,24
68758.pdf,1.6,unclassified,unclassified,False,68758,,,0,,,cd8e0e52d97a7ce5c1fb24339115711b2a4cc637d5019db4d80376e09f0123f8,24
745N1.pdf,0.1,unclassified,unclassified,False,745N1,,,0,,,33311b1bb0ef4cb5588e029033beabcd1a49973653804f22e165a73943d9bf86,7
82186253.pdf,0.9,unclassified,unclassified,False,PII: 0022-0396(84)90180-3,,,0,,,fccac32268c3c1699567c9188c0af659c933ea3c1f6425a5ad90ba6ad7fd5ff3,24
82265845.pdf,0.2,unclassified,unclassified,False,PII: S0022-247X(02)00504-8,,,0,,,02c083d74aa835497558ce22bc58173c025b8454394fa08328115d7ffb51d1e9,25
82698059.pdf,1.0,unclassified,unclassified,False,PII: 0001-8708(77)90107-4,,,0,,,6af872f4fc227f54b250dff209e9a3e041a05d7e0b051349a27ceff9d10dae9d,21
82734735.pdf,0.9,unclassified,unclassified,False,PII: 0022-247X(86)90326-4,,,0,,,6770e2c424e1a1dc28fe3e6e2eacbe626ffdcb963f89cc76a31b5948f601a718,23
9401jorba.pdf,0.2,unclassified,unclassified,False,94.dvi,,,0,,,8da35033b96f1eb269db14cf0451ec785921bb50b1176f1eb485baa82cee9e38,8
943014638.pdf,3.1,unclassified,unclassified,False,943014638,,,0,,,7b61beb059eaf4967e65897f56905994349fb23f85827c08155ae8721bd2696e,9
9512042.pdf,0.9,unclassified,unclassified,False,9512042,,,0,,,909b4e1a1be74be6db2f00dc02d7a7afd27d2941854b543e2eed92bc39a3c90b,36
9606223.pdf,0.3,unclassified,unclassified,False,parresff.dvi,,,0,,,e22f063e22f253e63aa4df0929b6eda4b4803fdae1d8d74d2fdd8ed10f5dc2a3,25
9705023.pdf,0.3,unclassified,unclassified,False,arXiv:physics/9705023v1  [physics.comp-ph]  19 May 1997,,,0,,,3b61fb4f4e0462e8558c27c3249e0cb8908dc02b1e40785b761a2ff3326ed048,26
9711013.pdf,0.7,unclassified,unclassified,False,arXiv:chao-dyn/9711013v1  12 Nov 1997,,,0,,,8aa7a4b69e57a418c6ebb25d0334eeafee8a1ae2c865d50fc6c4aef382b0967f,18
9780387236193-c2.pdf,0.3,unclassified,unclassified,False,9780387236193-c2,,,0,,,5d24e6424cb3acb9c1d511a954b58732306631dd6de58ae0121fe8b9594cc903,10
98.pdf,0.8,unclassified,unclassified,False,98,,,0,,,0f46c00a33c13562f30c0bc7fa62d18e263da78fcf251fb409538abd56abf00a,141
9809015.pdf,0.6,unclassified,unclassified,False,arXiv:chao-dyn/9809015v1  18 Sep 1998,,,0,,,8777bc61d2b42a618a92a7d8465c446df6cf68e73515d8e60ac9c97c2a52ba33,71
9812025.pdf,0.2,unclassified,unclassified,False,arXiv:solv-int/9812025v1  21 Dec 1998,,,0,,,ab6a16f31d663979164f52c2029321c73c803d280477a5d6489f540f5fc1126e,11
98RMP_morrison.pdf,0.8,unclassified,unclassified,False,98RMP_morrison,,,0,,,f5220cc8d9c8bbbc454f4cd72669484bfbdf2c90016639ae51485fe2068db2a8,56
9905002.pdf,0.5,unclassified,unclassified,False,arXiv:chao-dyn/9905002v1  3 May 1999,,,0,,,bb056da68e1b49768c2bf3dc43d94a4abe227dd3132189495a1fc6b95588e72d,11
9909040.pdf,0.2,unclassified,unclassified,False,arXiv:chao-dyn/9909040v2  28 Feb 2002,,,0,,,90644436a81813c6e3f4bd0879408900ecbee0ffdd139cfa88bf730956d3a9d1,18
9910012.pdf,0.4,unclassified,unclassified,False,arXiv:math-ph/9910012v2  24 Mar 2000,,,0,,,e3d4b540aea518ae9ca7a9538fbcec6ac3b9e1b7ec8cc6ce2465c41d07af7d7f,9
9912015.pdf,0.3,unclassified,unclassified,False,arXiv:gr-qc/9912015v1  2 Dec 1999,,,0,,,c2e8d7ee5e432e44176a025d8512ef8e97156175c7c34bbf84cd724c3f76a77d,35
9ec5f6c0a15f0318b8242fb510a21ddf8ef6.pdf,0.9,unclassified,unclassified,False,9ec5f6c0a15f0318b8242fb510a21ddf8ef6,,,0,,,9bb57deb23ec315a8b5d62556136df7fdc4effb97d667746d66394c1f6188c3c,11
A Complete Reinforcement Learning System (Capstone)_Learning Objectives.pdf,0.1,reinforcement_learning,low,False,A Complete Reinforcement Learning System (Capstone)_Learning Objectives,,,0,,,b0dcbbb27c2f41a5af182cbe89b8a0a6d5e3f6cb3e6823c0703591c11d50096f,2
A Minimizing Property of Homographic Solutions.pdf,0.2,unclassified,unclassified,False,b20110299.dvi,,,0,,,13dabde879050f97442eec5e1d85d67e3ff9cfb30854f3f6325fc42561bb0fed,8
A2_Problems_w_Solutions.pdf,0.1,unclassified,unclassified,False,A2_Problems_w_Solutions,,,0,,,1c56c6b5984654ec10129df06841b0446dfcc53b7d2ab3b13fe85cdc9da9c7b3,5
A2_Random_Sampling_Handouts.pdf,0.1,unclassified,unclassified,False,A2_Random_Sampling_Handouts,,,0,,,285af9a5843006eaea114127c474498218be92f47052462df9b5aebeded7053b,17
A3_Problems_w_Solutions.pdf,0.1,unclassified,unclassified,False,A3_Problems_w_Solutions,,,0,,,11eac460b521fe3ae4e9470ac14e7744e6acb8616930919d7924796ae518fc4e,7
A3_Sampling_Distributions_Handouts.pdf,0.2,unclassified,unclassified,False,A3_Sampling_Distributions_Handouts,,,0,,,eee3e2870c20e522b43ea33bdf138105c116fd886df8f115b4803a77f5ef4e65,20
ACFrOgA6kxZlsuTlWvb2yPfatxWAt9fpbZuYI_LtKV4Z-3yciyajXN3Z_hVaGuRGkCz9HgtvtjhRW6av4zkVg01jJAXEwGJaH35D9aOGWaUmT_TdL_vrIqz0Nv60sFo=.pdf,0.1,unclassified,unclassified,False,ACFrOgA6kxZlsuTlWvb2yPfatxWAt9fpbZuYI_LtKV4Z-3yciyajXN3Z_hVaGuRGkCz9HgtvtjhRW6av4zkVg01jJAXEwGJaH35D9aOGWaUmT_TdL_vrIqz0Nv60sFo=,,,0,,,a59eda085e410920512ee6163fae29628da3723d443b9c10d6d69664406829f8,2
ACFrOgBA8SGjZHEb7md_JDNwpQz-_9RGscDYfpo76ZuHGkDMGlp2YsFcblG7pUFXlwhOplwuKA5kKwNyR_5aZnrKrfPQMdUhaMvVjvIgx6_fY_DeFK_Hmxy7OUSzyiA=.pdf,0.1,unclassified,unclassified,False,ACFrOgBA8SGjZHEb7md_JDNwpQz-_9RGscDYfpo76ZuHGkDMGlp2YsFcblG7pUFXlwhOplwuKA5kKwNyR_5aZnrKrfPQMdUhaMvVjvIgx6_fY_DeFK_Hmxy7OUSzyiA=,,,0,,,13a65c4d5521ffe3e7e6f91ada870ec645f86ddcc008918b4762ddb373517b50,2
ACFrOgCWMs3eCdq_KtzS9cgsE3WwTSvzu9Ae4w-5yIUIODfdUGR4mpavw_8dI9EKLCwOdSSoPj51EeTI8qAA5eHc3_k_ghwa_0RgqAZjNwlbMVjtLYOkiMcPwskXmn82PLt4sWcDzIkfOJCn-qLU.pdf,0.1,unclassified,unclassified,False,ACFrOgCWMs3eCdq_KtzS9cgsE3WwTSvzu9Ae4w-5yIUIODfdUGR4mpavw_8dI9EKLCwOdSSoPj51EeTI8qAA5eHc3_k_ghwa_0RgqAZjNwlbMVjtLYOkiMcPwskXmn82PLt4sWcDzIkfOJCn-qLU,,,0,,,e76c49126b7c020bb7c9b7d7b5822ebb6a5b23bf3fc0c39c07dd1c9e5f247bf3,3
AIAA Journal Volume 28 issue 5 1990 doi 1025142F325132 TYC G CLEGHORN W L RIMROTT F P J -- Infinite eigenvalue method for stability analyses of canonical linear systems with periodic c.pdf,1.0,linear_algebra,low,False,Infinite eigenvalue method for stability analyses of canonical linear systems with periodic coefficients,G. TYC; W. L. CLEGHORN; F. P. J. RIMROTT,1990,15,,,b8ae53616d0c285f731eacae9a6089d47c6e3bf814c946e04c280e182b2aa23a,8
ALOT.pdf,0.8,dynamical_systems,low,False,A harmonic-based method for computing the stability of periodic solutions of dynamical systems,Arnaud Lazarus; Olivier Thomas,,25,fuzzy_dup_404,possible_duplicate,6c2ec98b5f0ff96a905ec67a56be719b082ace9da4e030b7bd372700eb66403e,9
AMSI-Report-Abraham-Ng.pdf,0.3,unclassified,unclassified,False,AMSI-Report-Abraham-Ng,,,20,,,0ba08adfe6d461d029b8aad9a3d9ae567e5cf5f9a8511d8674a43994858ff6a3,15
AMvortex.pdf,0.4,dynamical_systems,low,False,AMvortex,,,0,,,ce67484334207529d0dcee18de368d0221fedfcfa40c00b929411919b7723e3b,30
ARNOLD 3.pdf,0.1,unclassified,unclassified,False,ARNOLD 3,,,15,,,0ee6942dbb19a8bd0426a8aab355394f82cb6d5c184cd2f56a259636ae858f24,1
ASME2010OTALCT.pdf,0.7,unclassified,unclassified,False,ASME2010OTALCT,Olivier Thomas; Arnaud Lazarus; Cyril Touzé,,25,,,6d0a7a5d10c5f87cb0e061103ac13b36e05f0560112de683caca5cb0e52cfc0f,11
AWS Certified Cloud Practitioner.pdf,0.1,unclassified,unclassified,False,AWS Certified Cloud Practitioner,,,0,,,6af90d277fcfc50924163eea10e7b793df1c1a55c233c10631b2045c8a69e87d,2
AWS Certified Data Analytics - Specialty.pdf,0.1,data_science,low,False,AWS Certified Data Analytics - Specialty,,,0,,,048281dfa131c26c5d91281649923a7d7d0a087078bd257dc317dabe33f9a8ab,2
"AWS Certified Data Engineer Study Guide_ Associate (DEA-C01) -- Syed Humair & Chenjerai Gumbo & Adam Gatt & Asif Abbasi & -- 2025 -- Wiley & Sons, -- 9781394286591 -- 3f5334509c453fa77f971cc9fbec9d88 -- Anna’s Archive.pdf",51.4,unclassified,unclassified,False,AWS Certified Data Engineer Study Guide: Associate (DEA-C01) Exam,Syed Humair & Chenjerai Gumbo & Adam Gatt & Asif Abbasi & Lakshmi Nair,2025,60,hash_dup_167,possible_duplicate,b9f37e2edd798912ecfb41c5b4cda4ae2854a2667bec0513b2e2bf95194bb646,916
AWS Certified Data Engineer Study Guide_ Associate DEA-C01 -- Syed Humair Chenjerai Gumbo Adam Gatt Asif Abbasi -- 2025 -- Wiley Sons -- 9781394286591 -- 3f5334509c453fa77f971cc9fbec9d88 -- Annas Archive.pdf,51.4,unclassified,unclassified,False,AWS Certified Data Engineer Study Guide: Associate (DEA-C01) Exam,Syed Humair & Chenjerai Gumbo & Adam Gatt & Asif Abbasi & Lakshmi Nair,2025,40,hash_dup_167,possible_duplicate,b9f37e2edd798912ecfb41c5b4cda4ae2854a2667bec0513b2e2bf95194bb646,916
AWS Certified Data Engineer Study Guide_ Associate DEA-C01 -- Syed Humair Chenjerai Gumbo Adam Gatt Asif Abbasi -- 2025 -- Wiley Sons -- 9781394286591 -- bac8916785f4d6a76668dc4715119ba1 -- Annas Archive.pdf,52.4,unclassified,unclassified,False,AWS Certified Data Engineer Study Guide: Associate (DEA-C01) Exam,Syed Humair & Chenjerai Gumbo & Adam Gatt & Asif Abbasi & Lakshmi Nair,2025,60,,,73342e5a1271b037071550bb572c3f7633e0ad2be22b6d6457d467f665bb72d0,1059
AWS Certified Database - Specialty.pdf,0.1,unclassified,unclassified,False,AWS Certified Database - Specialty,,,0,,,fe0555a5dbd811fbf044a8913d619c4d1d13adfe193002161d91ea615b42fde2,2
AWS Certified DevOps Engineer - Professional.pdf,0.1,software_engineering,low,False,AWS Certified DevOps Engineer - Professional,,,0,,,16a3bab335d1b7b7e84287ad456ec7d4da1f4e69e8bedf17c46e4d3acc1d78e4,2
"AWS Certified Security - Specialty (retiring July 10, 2023).pdf",0.1,unclassified,unclassified,False,"AWS Certified Security - Specialty (retiring July 10, 2023)",,2023,5,,,d07be7265fc73f8cfc923740b8811fe33e2bc1df48a201ead3d4c07b995d554e,2
AWS Certified Solutions Architect - Associate.pdf,0.1,unclassified,unclassified,False,AWS Certified Solutions Architect - Associate,,,0,,,c36c890a5342db3ef07908b8a1a75ca6376dd0de4a6c621a5d77aa0cd74871e8,2
AWS-Certified-Machine-Learning-Specialty_Exam-Guide.pdf,0.3,unclassified,unclassified,False,AWS-Certified-Machine-Learning-Specialty_Exam-Guide,Barnosky; Timothy,,10,,,fe886acf52861a5e6b8dc861c9695525520bd79aa413b19838222714bf0b13fa,7
AWS_Website_Deployment_Complete_Guide.pdf,0.2,unclassified,unclassified,False,AWS_Website_Deployment_Complete_Guide,,,0,,,af388afb890bfbce000dcd15297d8effd4a3ceda38c95e5d2ccea52a71f7e4bc,68
A_Comparison_of_Automatic_Differentiation_and_Cont.pdf,0.6,unclassified,unclassified,False,A_Comparison_of_Automatic_Differentiation_and_Cont,,,0,,,0651626a0bc580325bf840274eb3c9f8e80d57bbc0e7eff542b8e9aa583c05c3,15
A_Deep_Learning_Solution_for_an_Optimized_Testbench_Regression_Launcher.pdf,0.4,deep_learning,low,False,A_Deep_Learning_Solution_for_an_Optimized_Testbench_Regression_Launcher,Abhishek Roushan,,10,,,cb6f271b81f405703c52889916914627cfb76bed77cbd19c845749f275f57e6b,1
A_New_Integrable_Problem_of_Motion_of_Point_Vortic-2.pdf,0.1,unclassified,unclassified,False,kilin_tesis2.dvi,,,0,fuzzy_dup_405,possible_duplicate,fe2ac0c8faf38e6ade495f460088d53ed801f66737d8aa419c05a0ed5c5c5942,3
A_New_Integrable_Problem_of_Motion_of_Point_Vortic.pdf,0.1,unclassified,unclassified,False,kilin_tesis2.dvi,,,0,fuzzy_dup_405,possible_duplicate,1154ed61c56442ce1c165196556254312629d8a7f934eed7e85d9ffed38fb180,3
A_Summary.pdf,0.1,unclassified,unclassified,False,A_Summary,,,0,,,4811d65e628377108327d9df732e72a75fce2d3c4b83d1c0103ab815a06cd4f7,1
A_quantitative_dynamical_systems_approach_to_diffe.pdf,0.4,unclassified,unclassified,False,A_quantitative_dynamical_systems_approach_to_diffe,,,0,,,d6dd30b61ca6aa86363b9f74f3912b35bc4bf4118265e035b27836f98eade904,13
Abaid_application 2.pdf,0.1,unclassified,unclassified,False,Abaid_application 2,,,0,,,bc8d26dcc42ff21f2880fea60be0ff4fbbd859250482a24b62af8f18fb8ed34e,9
About_CBT_Practice_Exams_F2024_v2.pdf,0.1,unclassified,unclassified,False,About_CBT_Practice_Exams_F2024_v2,Eddie Smith,,25,,,a4ea996594ac090a8dcd4ea5f791d7f1cee4d94f131797bb78882c46f4569162,2
About_CBT_Practice_Exams_S2025.pdf,0.1,unclassified,unclassified,False,About_CBT_Practice_Exams_S2025,Eddie Smith,,30,,,db267a50bc17a561600cd0db91aa4d5b4d288a94ef9cb3a2acb1b84b0fcac55b,2
Abstract algebra.pdf,0.5,algebra,medium,False,Abstract algebra,,,0,,,9776c2381d35ad23a3e2a4a1ff6db36c75d407dd83ab26d5ee9ba41585eda56f,113
Abstract.pdf,0.1,unclassified,unclassified,False,Brandon_Behring_Proposal_Short_ver3,,,0,fuzzy_dup_406,possible_duplicate,d71172aab7483fe8b1a3a5a74f25639654760d9bb512ba400f850c1db8e2c09f,1
Accounting_LO5_6_Solutions.pdf,0.2,unclassified,unclassified,False,Accounting_LO5_6_Solutions,,,0,,,6d6c1b50dea3e1fd5320759e0198e986810fc3f3601aa556138f5c4b112714fe,4
Actionangle coordinates Wikipedia the free encyclopedia.pdf,0.5,unclassified,unclassified,False,Actionangle coordinates Wikipedia the free encyclopedia,,,0,,,3826064e3624ed5987b80147bacefd0eb6f7ce0a6385b17a7e405b5de20a300e,4
Actuarial Glossary.pdf,0.5,actuarial_insurance,low,False,Actuarial Glossary,Rhoda Tran,,10,,,5ff1907523d5b301ddbb994fe029b082b8fb9d48b37c4a514368f39fe29c417d,76
Advanced Nonlinear Studies Volume 12 issue 4 2012 doi 1015152Fans-2012-0409 Long Yiming -- ω-Index Theory and Linear Stability of Elliptic Lagrangian Solutions of the Classical Three-Body Problem.pdf,0.5,dynamical_systems,low,False,Advanced Nonlinear Studies Volume 12 issue 4 2012 doi 1015152Fans-2012-0409 Long Yiming -- ω-Index Theory and Linear Stability of Elliptic Lagrangian Solutions of the Classical Three-Body Problem,,2012,5,,,fb2a4ac6777b342393d0ee24194de101efcdd25f76b87d8fd01d0f28d683a7b3,20
Alamo-2020.pdf,0.9,unclassified,unclassified,False,Alamo-2020,,2020,5,,,6c8bebf12e633a29fd0cdebfd9a84e7d693886d645cfa64f0e0b74fa532943cb,65
Algorithm_map.pdf,0.2,unclassified,unclassified,False,Algorithm_map,,,0,,,994045ff2215f1bf11de65bf34674bb31be7fb2ce507d792abd02bf8228228e8,1
Allaire_CV (3).pdf,0.1,unclassified,unclassified,False,Allaire_CV (3),,,0,,,a920b26418086b9bc4522d080836c3bf2f08a1713061d31d2bba2b12d9aa2d3a,2
Anaconda-Starter-Guide.pdf,0.7,unclassified,unclassified,False,Anaconda-Starter-Guide,,,0,,,875f4ee5688c78c92c6977c7de2e25caed295fc5033c3c4dd736c4474579a17e,2
AnalysisNJIT.pdf,0.1,unclassified,unclassified,False,AnalysisNJIT,,,0,,,a904172f4851b718616a40b286cfa7c87b70f921233249d54fcf80a6f787b937,4
AnalysisNJIT2.pdf,0.1,unclassified,unclassified,False,AnalysisNJIT2,,,0,,,a7e0fe5af465ed2980a0dbea1a44d1d0e0c870e6bbb981d251cfca1ffba48c50,2
AnalysisNJIT3.pdf,0.1,unclassified,unclassified,False,AnalysisNJIT3,,,0,,,b6c75e7ca9cfcd0366809454dce16236c5d48299e18ae56cb3ac0bfb2eec2b44,5
Anatomy series Human Kinetics Organization Bret Contreras_ Human Kinetics Organization-Bodyweight strength training anatomy _ your illustrated guide to strength power and definition-Human Ki.pdf.pdf,41.4,dynamical_systems,low,False,Bodyweight Strength Training Anatomy,Bret Contreras,,25,,,f0dd9a46520f8308a871fef635355565a693aa242766346f0d47e4535ddc2f15,224
Andrew Baker Matrix Groups An Introduction to Lie Group Theory Non-Scanned version.pdf.pdf,35.2,algebra,medium,False,Andrew Baker Matrix Groups An Introduction to Lie Group Theory Non-Scanned version.pdf,,,20,hash_dup_177,possible_duplicate,bfa0e5c84ec81f3f2941dc63e95fc44241c6f65a7f9cde79d9f2fe1f440b6b9d,332
"Annual Review of Fluid Mechanics Volume 15 issue 1 1983 [doi 10.1146%2Fannurev.fl.15.010183.002021] Aref, H -- Integrable, Chaotic, and Turbulent Vortex Motion in Two-Dimensional Flows.pdf.pdf",1.4,dynamical_systems,low,False,"Integrable, Chaotic, and Turbulent Vortex Motion in Two-Dimensional Flows",H Aref,1983,15,hash_dup_181,possible_duplicate,0d7027c4c2131d85cd6dbaa7cfeed02ccc62655e12a2a1074ba2172e7da590f4,45
Antiresonance_in_switching_systems (3)_PZ.pdf,0.7,unclassified,unclassified,False,Antiresonance_in_switching_systems (3)_PZ,,,0,,,0cc25fcff419ddff22f775ec761241a953a6cf20259dc0d9209b1b50612c7384,5
Antiresonance_in_switching_systems (3)_PZ_RBV_AB_BMB.pdf,0.7,unclassified,unclassified,False,Antiresonance_in_switching_systems (3)_PZ_RBV_AB_BMB,,,0,,,a7bd05f4a9099c1c4dc2a16becbe376b24b4d4755491f3f46970e52ec7554565,5
Antiresonance_in_switching_systems (6).pdf,0.6,unclassified,unclassified,False,Antiresonance_in_switching_systems (6),,,0,,,cf5131ba2b672e28f58a3c9ff8cebafadf9ba2701a9df8b490d62f8094b9c16b,5
Antiresonance_in_switching_systems (6)_BMB.pdf,0.6,unclassified,unclassified,False,Antiresonance_in_switching_systems (6)_BMB,,,0,,,a267fe30a74c334d5d2b051b2ea989c403deeb924322abe45c54d74baa946bfc,5
Antiresonance_in_switching_systems (7)_AT.pdf,0.6,unclassified,unclassified,False,Antiresonance_in_switching_systems (7)_AT,,,0,,,753970a8c91a8597e68eb345a8dcf62f2fffc9e17b0bc95c62b52d80f4e3c75c,5
Antiresonance_in_switching_systems.pdf,0.7,unclassified,unclassified,False,Antiresonance_in_switching_systems,,,0,,,169af235ea944b8c68bf5bb26dc27ea30b1f7da7b51936e7ea86ae6d2912fc73,5
Appendix - Learn ALTAM - Coaching Actuaries.pdf,0.3,unclassified,unclassified,False,Appendix - Learn ALTAM - Coaching Actuaries,,,0,,,ca82ed91b1d70d7e15f486f252b24b0cf3c91ba3edda437b4286caa43d32d6ca,2
Applied Mathematics and Computation Volume 167 issue 1 2005 doi 1010162Fjamc200406072 Dariush Shadman Bahman Mehri -- A non-homogeneous Hills equation.pdf,0.2,mathematics,low,False,doi:10.1016/j.amc.2004.06.072,,2005,20,,,1deb4b97410e888d3e7b79e046cc893a616ca0d89d90d58643b841abf9760301,8
Applied-Nonlinear-Dynamics-Analytical-Computational-and-Experimental-Methods-.pdf.pdf,24.6,unclassified,unclassified,False,Frontmatter,,,0,hash_dup_67,possible_duplicate,a164c80dc4371a90f436a11f695990b182579a4972aef22d456ab268ace03b5b,691
Applied_Numerical_Methods_Lab9-merged.pdf,0.2,unclassified,unclassified,False,Applied_Numerical_Methods_Lab9-merged,,,0,,,fd63b981feefffb8a1434b754d68051fdeb2220c0a772ccebebeb49d4010261e,6
Archive for Rational Mechanics and Analysis Volume issue 2018 doi 1010072Fs00205-018-1300-y Wang Qun -- Relative Periodic Solutions of the N-Vortex Problem Via the Variational Method.pdf,1.0,dynamical_systems,low,False,Archive for Rational Mechanics and Analysis Volume issue 2018 doi 1010072Fs00205-018-1300-y Wang Qun -- Relative Periodic Solutions of the N-Vortex Problem Via the Variational Method,,2018,25,,,10931dd26e0516acccb73fc47e2037352d5aa2e457047d076b3329e14ec6c40c,25
Are medical errors really the third most common cause of death in the US Sc.pdf,0.6,unclassified,unclassified,False,Are medical errors really the third most common cause of death in the US Sc,,,0,,,57003b6ac88f77e29e14e6c79e78cf33f34d8951d1fe5d85b7a1c815536fbc26,27
Aref.pdf,0.3,unclassified,unclassified,False,Aref,,,0,,,f03a7372e94bb61a92a2b0b2d376db3b5767dc60f030b5630004538654d76500,24
ArefRott_PP1 2.pdf,0.2,unclassified,unclassified,False,ArefRott_PP1 2,,,0,,,91eb8c29be616fc86ebd244eaebc120548b93bb54528820e269600d6aa1b446e,5
Arioli G-The Henon-Heiles Hamiltonian near the critical energy level-some rigorous results 2002.pdf,0.3,dynamical_systems,low,False,Arioli G-The Henon-Heiles Hamiltonian near the critical energy level-some rigorous results 2002,,2002,20,,,3fb4779d29e2469b80c73409f5e55f4d1a1d0d500fab433091c6c7a1fd5dcca7,19
Arzela-Ascoli Theorem and Applications.pdf,0.1,mathematics,low,False,Arzela-Ascoli Theorem and Applications,,,0,,,01f525be51094269cfd94f3ce576ea6cc146b9547e766d193ee576ce6f29fb04,3
Asif Abbasi - AWS Certified Data Analytics Study Guide_ Specialty DAS-C01 Exam-Sybex 2020.pdf,8.4,data_science,low,False,Build Stuff with Wood,Asa Christiana,2020,45,,,5e341338e4bf493abb8e30d6a57a0aa8925bbbc5f72451fa3e270a964878daee,405
Assign12015.pdf,0.1,unclassified,unclassified,False,Assign12015,,,0,,,5a92c64dd7737fa407da7f0e9f3ef6e8b35ee7a6036399dfa6be81b728dbe9f6,6
Assign2 Solutions.pdf,0.2,unclassified,unclassified,False,Assign2 Solutions,,,0,,,613bf8afa396824260a2e396fcac47a22d9de2b7a9e44293c5f7e6e0b63ffa71,12
Assign5.pdf,0.1,unclassified,unclassified,False,Assign5,,,0,,,b3b3c758b3a3a74c1286e0ef1d5302237b90cefd7e17a3658a3cc9bed0c96871,5
Assign_1 1.pdf,0.1,unclassified,unclassified,False,Assign_1 1,,,0,,,b2eec189c9f95ebe937a14f9d51dd98a38f39251326f0986ab6c1fb82ded0909,2
Assign_1.pdf.pdf,0.1,unclassified,unclassified,False,Assign_1.pdf,,,0,,,b2648586f2f916ae2cd7cfba6d73e5a9e93a09049f9c4eec29b1f3a4c2d78fb2,2
Assign_2.pdf.pdf,0.1,unclassified,unclassified,False,Assign_2.pdf,,,0,,,08414994bcea8bd26cb5c1b1f63555edac83deeb1b6732e10ca4dbf7007bb6ca,2
Assign_3 1.pdf,0.2,unclassified,unclassified,False,Assign_3 1,,,0,,,bbfd3e0a098d3a3b4404421223affdd97b64a0045ae3a511ab72c72037f4e00e,4
Assign_3.pdf.pdf,0.2,unclassified,unclassified,False,Assign_3.pdf,,,0,,,2363223c157fe0b7019098d294fc8027b983c97906d4446f67a2eefa554383dc,3
Assign_4_v2.pdf.pdf,0.1,unclassified,unclassified,False,Assign_4_v2.pdf,,,0,,,17993b03976f68bc54273f6ff4b9c0a72c400af5ca7752c78b0b99c9420f4319,4
Assign_5.pdf.pdf,0.2,unclassified,unclassified,False,Assign_5.pdf,,,0,,,363732526bbf03d9a6b6c0633197c6d2bdef0d71ff6f51c8feb7e4f0fa5d9f4f,4
Assign_6.pdf,0.2,unclassified,unclassified,False,Assign_6,,,0,,,3b533826a5d575b7683280c56d772b9c39854a27c3498c6f74e9bce106cac497,5
August2023.pdf,0.3,unclassified,unclassified,False,August2023,Citi,,10,,,bec8b074885db045cd02ef495cdd0b9f835f6d0b16961ccb8f5b6c251f6955a9,4
Autonomous_driving_application_Car_detection.pdf,0.1,unclassified,unclassified,False,Autonomous_driving_application_Car_detection,,,0,,,72f253c7f39b14836b3d9d0a2eea8f9462c49b62a3c6ef86b83c1b3164364ed1,22
AvendaÃ±oCamacho-Vorobiev2011_Article_HomologicalEquationsForTensorF.pdf,0.5,algebra,low,False,AvendaÃ±oCamacho-Vorobiev2011_Article_HomologicalEquationsForTensorF,,,0,,,728a8d6247e50148c96add2bad851009b244a7eb47789e1668a55bb4f7422add,15
AvendaÃ±oCamacho-Vorobiev2013_Article_OnTheGlobalStructureOfNormalFo.pdf,0.4,unclassified,unclassified,False,AvendaÃ±oCamacho-Vorobiev2013_Article_OnTheGlobalStructureOfNormalFo,,,0,,,ad29849a81858beafb1026f0794b74b3f789c73bbf7a3c6375893de02b143d74,11
B2_Problems_w_Solutions.pdf,0.1,unclassified,unclassified,False,B2_Problems_w_Solutions,,,0,,,346b63fca01c86ebf89ffe28c52392f9f50ce4266458605e6434d0aa52c41519,5
BCC214P_MASTER_Rev3_BOX-WITH BACK WINDOW V9.pdf,0.7,unclassified,unclassified,False,BCC214P_MASTER_Rev3_BOX-WITH BACK WINDOW V9,,,0,,,560b7ee49e07ad920a854aa7e41fda2690d1af239ed29355944e13a9583e0805,2
BFG-100-Status-Light-Does-Not-Blink-Consumer-JC-Rev2B.pdf,0.8,unclassified,unclassified,False,BFG-100-Status-Light-Does-Not-Blink-Consumer-JC-Rev2B,,,0,,,47bdce6dc213202f1d444becb9b20b594fe8f9e0294831521edcc4351f3a7ee5,6
BIFURCATION_BEHAVIOR_OF_THE_FURUTA_PENDU.pdf,0.7,dynamical_systems,low,False,BIFURCATION_BEHAVIOR_OF_THE_FURUTA_PENDU,,,0,,,b90aef058dd29181e9b7439fe911bf3578628a443607556749db2011f9176bbb,8
BK_TCCO_000075.pdf,0.6,biology_neuroscience,low,False,BK_TCCO_000075,Frederick Gregory,,10,,,099035157440a8cf050d07b79a7457891e9fae3690fa112405e82514704f302f,108
BK_TCCO_000150.pdf.pdf,0.8,unclassified,unclassified,False,BK_TCCO_000150.pdf,Lawrence M. Principe,,10,,,1a0e742540ab732820cfc9aa9aad40d4dcd52bb1fe9588e32edc3b68670c355e,210
BK_TCCO_000344.pdf,0.6,unclassified,unclassified,False,BK_TCCO_000344,Robert C. Solomon,,10,,,829c481154482fff441631d17cc80cf96df2511c87cadf34035164b5d92732a6,100
BTH240SL_Silver_Factory Die Line_V3.pdf,0.9,unclassified,unclassified,False,BTH240SL_Silver_Factory Die Line_V3,,,0,,,4f1a7d45467f7ccf2adf5b9d011d8a673d46987091c066af2cdedc32c59e8ceb,3
BTH240SL_Silver_V3Blue Back.pdf,0.9,unclassified,unclassified,False,BTH240SL_Silver_V3Blue Back,,,0,,,b387bdb1fc5628765886117c227eebb156c0a70b125ce3ee59d5b98180b14356,3
BTH240SL_Silver_V3Darck Blue Back.pdf,0.9,unclassified,unclassified,False,BTH240SL_Silver_V3Darck Blue Back,,,0,,,73ac76e5d1b011adac6da5fc822df2409f51a8af0b8e96772cad2e60fa919977,3
BTH825-BG Beige_New_Buff_V10.pdf,0.9,unclassified,unclassified,False,BTH825-BG Beige_New_Buff_V10,Administrator,,5,,,5eb3aca2e4a5b40fec52f8928b656fe757c4a86a2c6f28ec916ffac9aa10d6dc,1
BTH857_Black Gold_V2_Pearl_V2.pdf,0.7,unclassified,unclassified,False,BTH857_Black Gold_V2_Pearl_V2,,,10,,,bb0d90fee7111fcbf94de200629f869c0b977fec6291a0c53750082c33c87848,1
BTH857_Black Gold_Wave_V2.pdf,0.7,unclassified,unclassified,False,BTH857_Black Gold_Wave_V2,,,0,,,16c43f3ba8505fc02cd21b6f1306e232366c167c72dfd9b9655fdc9d3a9071f1,1
B_Summary.pdf,0.2,unclassified,unclassified,False,B_Summary,,,0,,,fec27677eb4620d1ac980f1284777f1bc1d73284c22349d246d4c8566806e906,2
Background_and_Documentation_of_Software.pdf,0.6,unclassified,unclassified,False,Software.dvi,,,0,hash_dup_184,possible_duplicate,66e1d960486a30f1fa12baf925fa3c0f54c1e1ee7c983a3d88c99b3fab8eac28,98
Bardin2007_Article_OnNonlinearMotionsOfHamiltonia.pdf,0.8,dynamical_systems,low,False,Bardin2007_Article_OnNonlinearMotionsOfHamiltonia,,,15,,,37a08e56dcf4135f7c9635a1c7cfa48d700c05f1bec5f1a5b88a609064dd1e62,15
Basu_FDR2014.pdf,0.9,dynamical_systems,high,False,Basu_FDR2014,Mark A Stremler,,10,,,255d70e1971d4af10478394cb2c97f495c1dc5d0d355b753e304dbec2406e59d,14
"Behavioural Brain Research Volume issue 2019 [doi 10.1016_j.bbr.2019.112062] Budylin, Tatyana; Guariglia, Sara R.; Duran, Leah I.; Behring, B -- Ultrasonic Vocalization Sex Differences in 5-HT-R Def.pdf",0.9,unclassified,unclassified,False,"Behavioural Brain Research Volume issue 2019 [doi 10.1016_j.bbr.2019.112062] Budylin, Tatyana; Guariglia, Sara R.; Duran, Leah I.; Behring, B -- Ultrasonic Vocalization Sex Differences in 5-HT-R Def",Tatyana Budylin,2019,30,,,370a38c7fb08aa8bfa85f0238f8acf53273933d10fa7bb27850998467200ec04,42
"Behring,Brandon_Rev_Postdoctoral Assoc Offer_Sep1,2020-Aug31,2021.pdf",0.2,unclassified,unclassified,False,"Behring,Brandon_Rev_Postdoctoral Assoc Offer_Sep1,2020-Aug31,2021",Mark Courtney,2020,15,,,7cdd74b3f05eb57b1a5734ff2cc6b4c6a1fcef2c4d5d4e1cff42913e79d657b1,2
Behring.pdf,0.1,unclassified,unclassified,False,Behring,,,0,,,1c3809e7e7b2612ce41467bb24b74943bdafc9ea1880237aedb10ae5a02dc2c9,1
Behring_Resume.pdf,0.1,unclassified,unclassified,False,Behring_Resume,,,0,,,3b92a7b210f903a9f55a503202e857b8238fb85d96824418f7014ddc95fe147a,3
Behring_Resume_SIAM.pdf,0.1,unclassified,unclassified,False,Behring_Resume_SIAM,,,20,,,bc659e785ed51f71a47e1c4e2f76396a63a8ad3168a674b50cbfda0acf1d8eab,3
"Below Ground 0 sq. ft, FIRST FLOOR 1140 sq. ft, SECOND FLOOR 924 sq. ft, THIRD FLOOR 0 sq. ft.pdf",0.3,unclassified,unclassified,False,"Below Ground 0 sq. ft, FIRST FLOOR 1140 sq. ft, SECOND FLOOR 924 sq. ft, THIRD FLOOR 0 sq. ft",,,0,,,8d2c22d5b4b2ffd3b2cfa9e26610b3cdd0cbb6ccdf4571caa31ba11b27907a0a,1
Ben Piper David Clinton - AWS Certified Solutions Architect Study Guide_ Associate SAA-C03 Exam-Wiley 2022.pdf,14.2,unclassified,unclassified,False,AWS Certified Solutions Architect Study Guide,Clinton; David; Piper; Ben,2022,50,fuzzy_dup_411,possible_duplicate,de7456e3fd3f1e0ea24870ae6a8e73615baaf2199ae62a0a15e35fadadbd70fb,477
"Ben Piper, David Clinton - AWS Certified Solutions Architect Study Guide_ Associate (SAA-C03) Exam,-Wiley (2022).pdf",14.2,unclassified,unclassified,False,AWS Certified Solutions Architect Study Guide,Ben Piper; David Clinton,2022,30,fuzzy_dup_411,possible_duplicate,44693039e5a2c67f4d74a8a3be955aabc517030f41966c1dbf65cd1e2424dfa0,477
BernsteinPolynomials.pdf,0.5,unclassified,unclassified,False,BernsteinPolynomials,,,15,,,813e4b05fe6575495d19c6ab7ac83e6822154594700130a9d73ead54a9468042,2
Better data quality with.pdf,0.3,unclassified,unclassified,False,Better data quality with,,,0,,,554ff286b79bb013848bdcd371bcd4846dc6c3a627015da11c295053c7025388,21
Bhimsen K. Shivamoggi auth. Perturbation Methods for Differential Equations.pdf.pdf,21.5,dynamical_systems,high,False,Bhimsen K. Shivamoggi auth. Perturbation Methods for Differential Equations.pdf,4<8=8AB@0B>@,,25,,,523ab331a041b0e4a390e46e7f5430f3ad8a495ee174e8e40936806061ed9ab8,299
Biasco L Chierchia L Treschev D-Stability of nearly-integrable degenerate hamiltonian systems with two degrees of freedom 2003.pdf,0.3,dynamical_systems,low,False,Biasco L Chierchia L Treschev D-Stability of nearly-integrable degenerate hamiltonian systems with two degrees of freedom 2003,,2003,20,,,dfd1fb6c11c14fa35c06747353fcb651c2e8fd07671e94a3325ba2e3ebfe841f,29
Biasco L Chierchia L-On the stability of properly-degenerate hamiltonian systems with two degrees of freedom 2001.pdf,0.5,dynamical_systems,low,False,Biasco L Chierchia L-On the stability of properly-degenerate hamiltonian systems with two degrees of freedom 2001,,2001,20,,,10302cab823a02be58a6756c9144ec5f341003fdeb252f9496a0502a2b82e835,33
Billingham J King AC Wave Motion.pdf.pdf,11.6,unclassified,unclassified,False,Billingham J King AC Wave Motion.pdf,,,15,,,c1e632aa97fe9439b3ca064dcdd1a73f99e66db8ebf8b0d1a3687e38d68a827d,475
Boas M.L. - Mathematical Methods in the Physical Sciences. Instructor's Solutions Manual  - libgen.lc.pdf,0.4,mathematics,low,False,C:\1\IAB\IAB200~1\BoasIAB.dvi,,,0,fuzzy_dup_413,possible_duplicate,ff537caf5cea14c3949a742a3f6263add8beefe3d679906f505cb57f867c6fca,71
Boas- Mathematical Methods in the Physical Sciences 3ed INSTRUCTORS SOLUTIONS MANUAL.pdf,0.4,mathematics,low,False,C:\1\IAB\IAB200~1\BoasIAB.dvi,,,0,fuzzy_dup_413,possible_duplicate,1c9e81542b3657ec1d19d398af0528601ac3a56f6c76b89a57eed9c583425e28,71
Bodybuilding - Diet - Lyle McDonald - The Ultimate Diet 2.0.pdf,0.2,fitness,low,False,Bodybuilding - Diet - Lyle McDonald - The Ultimate Diet 2.0,Lyle McDonald,,10,,,200078baf14581c415ef64e5370ff4a6ec6caae715c3b78376a0fe075f1d3bee,76
BofA_October_2023_tatyana.pdf,0.2,unclassified,unclassified,False,BofA_October_2023_tatyana,Bank of America,,10,,,b545a4fef0c898abf9ede34adf67ebfea308d1fc9dea7f2d6c355eaa3c0f6613,4
Bonus_&_One-Time_Payment_History.pdf,0.1,unclassified,unclassified,False,Bonus_&_One-Time_Payment_History,,,0,,,e4682ee6e17dece4acbe3c2d93527947bb76d2c59a16020cfc464be18c61bec3,1
BookFinder.com_ Sell your textbooks.pdf,0.4,unclassified,unclassified,False,BookFinder.com: Sell your textbooks,,,0,,,f674fa7936a5ed1b042c837ffa00898f5e2f39313b75f28685f2334188413cb3,2
Borge-Holthoefer2013_Article_EmergenceOfInfluentialSpreader.pdf,0.5,unclassified,unclassified,False,Borge-Holthoefer2013_Article_EmergenceOfInfluentialSpreader,,,0,,,21e34c9ab3036c0176eb614bacc60d8f57b49d9ac069b32ebb1a02f7d4c52a2c,11
"Boris Mikhailovich Karnakov, Vladimir Pavlovich Krainov WKB Approximation in Atomic Physics.pdf.pdf",2.4,unclassified,unclassified,False,"Boris Mikhailovich Karnakov, Vladimir Pavlovich Krainov WKB Approximation in Atomic Physics.pdf",,,0,,,6a6c8b2fce10c6bf7aa4b326a32e0d7ca272361104e3df00d18a3127e3185e02,179
BrandonBehringBoAfTransactionDetails.pdf,0.1,unclassified,unclassified,False,BrandonBehringBoAfTransactionDetails,Brandon Behring,,10,,,a115e18e232f99f183521ac9ad3e5344e1ae221459bb4d105eddb4c8c482b00f,8
Brandon_3.pdf,0.1,unclassified,unclassified,False,Brandon_3,,,0,,,47fbef88538540fb610e74d421195dcba161c6a29e6148af0ccc1b5d4829c105,1
Brandon_Behring_1095.pdf,0.4,unclassified,unclassified,False,Brandon_Behring_1095,,,0,,,ef10fc9a02eabfb6552bdefdbd09f08adc349163ec79d64944b53d36948ad1ab,3
Brandon_Behring_ABM.pdf,0.7,mathematics,low,False,Brandon_Behring_ABM,Brandon Behring,,10,,,26580518fcdab7b4cefcd9841aabc6482e0aa273c0abd17170193cf00ebc9f6d,39
Brandon_Behring_ADN_Draft_2_AT.pdf,0.6,unclassified,unclassified,False,Brandon_Behring_ADN_Draft_2_AT,,,0,,draft,1155a12421fcfa86100d7c969b59fa40011cf827f4bed1451ee4a867072e9631,11
Brandon_Behring_Abstract_ver2.pdf,0.1,unclassified,unclassified,False,Brandon_Behring_Abstract_ver2,,,0,,,959ca7cefd3de52d17795c95e049be6d71c559b6a19c8ab929d08f59fddbb0d9,1
Brandon_Behring_Balanaces_Vanguard.pdf,0.1,unclassified,unclassified,False,Brandon_Behring_Balanaces_Vanguard,Brandon Behring,,10,,,ee307e4feb753615212e33da42460fc7e1c8b1049c43f2c2a3a5f423c0aace56,5
Brandon_Behring_CSV.pdf,0.1,unclassified,unclassified,False,Brandon_Behring_CSV,,,0,,,16764c8be2b6f7aa123ab1d7b4bf66273f119d789affbfab42b11da02ef99852,2
Brandon_Behring_Chase_Subaru_1.pdf,0.3,unclassified,unclassified,False,Brandon_Behring_Chase_Subaru_1,,,0,,,66598538c547405b1554dc718db91fee3dcec297550d3540000aca3ea5fca796,2
Brandon_Behring_Dec_2023_BofA.pdf,0.2,unclassified,unclassified,False,Brandon_Behring_Dec_2023_BofA,Bank of America,,10,,,13db0a5947c5f9c5e79fd48532376f34c1b3378a74654f7f0733baa1cb2e4db4,6
Brandon_Behring_Feb_2024_BofA.pdf,0.3,unclassified,unclassified,False,Brandon_Behring_Feb_2024_BofA,Bank of America,,10,,,d66cc11acd4abb73f59a0c492a02ba7c4ff4f498ec68a74517906d7f5c28e531,4
Brandon_Behring_Feb_2024_CHASE.pdf,0.3,unclassified,unclassified,False,Brandon_Behring_Feb_2024_CHASE,,,0,,,0748ec313981aafc78e9d20c5c898f5d420cb0f33230c6b5ededc97648709709,6
Brandon_Behring_Initial Disclosure 08_07_2024-2.pdf,0.1,unclassified,unclassified,False,Initial Disclosure 08_07_2024-2,Brandon Behring,,10,,,582739925703cf1b4f201ab7e7095383d492bf6a89e913c8ef857419ed28f496,8
Brandon_Behring_Jan_2024_BofA.pdf,0.2,unclassified,unclassified,False,Brandon_Behring_Jan_2024_BofA,Bank of America,,10,,,a272640a1d95613dd9a38229f794ef845e4d7aac579d4f3197abd4d69988cf68,4
Brandon_Behring_M671_HW_3.pdf,0.6,unclassified,unclassified,False,Brandon_Behring_M671_HW_3,,,0,,,fb74fcd265aee33fedde424508df1e81c5911969ea393873502f155b81b234a2,13
Brandon_Behring_NJM_Home_Insurance.pdf,0.2,unclassified,unclassified,False,Brandon_Behring_NJM_Home_Insurance,,,0,,,ad65d73f720ec043b13a19cae457e6eb4a7c713ef702530dd79cf59fab4d9dd1,13
Brandon_Behring_Oral_Outline-1.pdf,0.1,unclassified,unclassified,False,Brandon_Behring_Oral_Outline-1,,,0,hash_dup_194,possible_duplicate,0c889b1a942e66b971e3425aad26a020514707258b60ed969df4704fbe1ac8a6,3
Brandon_Behring_Oral_Outline.pdf,0.1,unclassified,unclassified,False,Brandon_Behring_Oral_Outline,,,0,hash_dup_194,possible_duplicate,0c889b1a942e66b971e3425aad26a020514707258b60ed969df4704fbe1ac8a6,3
Brandon_Behring_Phys_Fluid_Cover 2.pdf,0.2,unclassified,unclassified,False,Brandon_Behring_Phys_Fluid_Cover 2,,,15,hash_dup_195,possible_duplicate,85a727457dc04a3896eb3a478fac3bc3674eeb578892fa55f144f5fced616ea9,1
Brandon_Behring_Phys_Fluid_Cover.pdf,0.2,unclassified,unclassified,False,Brandon_Behring_Phys_Fluid_Cover,,,0,hash_dup_195,possible_duplicate,85a727457dc04a3896eb3a478fac3bc3674eeb578892fa55f144f5fced616ea9,1
Brandon_Behring_Resume 2.pdf,0.1,unclassified,unclassified,False,Brandon_Behring_Resume 2,,,0,hash_dup_197,possible_duplicate,43bc9ca9584d098acc0aea8232f6abe6983156a7fd71cc5bc4515c1d0e670401,2
Brandon_Behring_Resume 3.pdf,0.1,unclassified,unclassified,False,Brandon_Behring_Resume 3,,,0,hash_dup_197,possible_duplicate,43bc9ca9584d098acc0aea8232f6abe6983156a7fd71cc5bc4515c1d0e670401,2
Brandon_Behring_Resume-2.pdf,0.1,unclassified,unclassified,False,Brandon_Behring_Resume-2,,,0,fuzzy_dup_414,possible_duplicate,616cd5d8f993e42577a232a281b2d54431f89e6a3a409b12e23ed6d39b696f6b,1
Brandon_Behring_Resume.pdf,0.1,unclassified,unclassified,False,Brandon_Behring_Resume,,,0,,,db4e84d3dc2609fcc241a0b7afc7ae80afcc1f366d985c4cc212a2b06dcf5db7,1
Brandon_Behring_Resume_2.pdf,0.1,unclassified,unclassified,False,Brandon_Behring_Resume_2,,,0,fuzzy_dup_414,possible_duplicate,838bb4e4eb1f8d53831a3c02d1b7a224bd3b4c750c9e0170687e3fe5285451a7,1
Brandon_Behring_Resume_2025_12_16.pdf,0.1,unclassified,unclassified,False,Brandon_Behring_Resume_2025_12_16,,,0,,,908a2053e708365e5dab1297e1cd53aa937aaad148665e2e1bd1426616eec932,2
Brandon_Behring_Resume_3.pdf,0.1,unclassified,unclassified,False,Brandon_Behring_Resume_3,,,0,hash_dup_197,possible_duplicate,43bc9ca9584d098acc0aea8232f6abe6983156a7fd71cc5bc4515c1d0e670401,2
Brandon_Behring_eStmt_2025-01-17.pdf,0.2,unclassified,unclassified,False,Brandon_Behring_eStmt_2025-01-17,Bank of America,,10,,,04f55d54dce55c6fd678e5576ca9eea7916dc452cdb7fc64a5a4b52431227eb2,4
Brandon_Charlotte_Trust.pdf,0.1,unclassified,unclassified,False,Brandon_Charlotte_Trust,Registered to: SGFS,,10,,,ecb7f6e2a020844b5c9b934eab2d194213ac2516cc24cbc318bab18d87a8b23c,12
Brandon_Tatyana_Table_Arrangement.pdf,0.5,unclassified,unclassified,False,Brandon_Tatyana_Table_Arrangement,,,0,,,20e65356258d2de9cb87e09b770ad90c9666b5f79f79b5d39e5954026ad2e363,1
Brandon_and_Tatyana_Behring.pdf,0.1,unclassified,unclassified,False,Brandon_and_Tatyana_Behring,Registered to: SGFS,,10,,,f68ce2e1f2f74a18834989213868b442b681704e9dbc45963fb4dcb6b1ba9468,10
Breaking New Ground - The Actuary Magazine.pdf,0.2,unclassified,unclassified,False,Breaking New Ground - The Actuary Magazine,,,0,,,24e54d3351c6afec7098c1fd5fab5f9b4a4fc0d8384daa98502b2b02ba7c7612,5
Brezinski_EA_JAMAD_2015.pdf,0.7,unclassified,unclassified,False,Brezinski_EA_JAMAD_2015,,,0,,,2c1526eeabb55193b5f7ab0b59852e16f6c04599bba13293c651d3299219a296,8
"Brian Hall auth. Lie Groups, Lie Algebras, and Representations An Elementary Introduction.pdf.pdf",6.7,algebra,high,False,"Brian Hall auth. Lie Groups, Lie Algebras, and Representations An Elementary Introduction.pdf",,,10,,,52fe5c630eb77a46d5a752e26ffe989c8f89e02e36e030777e4ca829b10e667d,452
BrowerFixedPoint.pdf,0.1,unclassified,unclassified,False,BrowerFixedPoint,,,0,,,bbf3b0fad9e052978c9225afcb459133b34ee81f84fdb957645816219f90b8a0,4
BuSi_JAM_CanonicalPerturbationFastTimePeriodicHamiltonianLFT.pdf,0.7,dynamical_systems,medium,False,BuSi_JAM_CanonicalPerturbationFastTimePeriodicHamiltonianLFT,,,15,,,2e3f41baf9d492e03edde6ab3dbe8049747ced2eb6ae829ebec5e508ffb08840,9
Buono_Offin_JGM_Inst_Per_Orbit_Ham 2.pdf,0.3,dynamical_systems,low,False,Buono_Offin_JGM_Inst_Per_Orbit_Ham 2,,,0,,,de3d5282b6efbc800a261893a6d6c1348e34797d6bc3901ea2c38165cf40b1e4,23
Buono_Offin_JGM_Inst_Per_Orbit_Ham.pdf,0.3,dynamical_systems,low,False,Buono_Offin_JGM_Inst_Per_Orbit_Ham,,,0,,,62f2bb75fe22dd2c9603a2e7c644915bb492b7df7438e3504f300eb1d1363628,23
Burke-2020_Data driven control.pdf,0.3,unclassified,unclassified,False,Burke-2020_Data driven control,,,0,,,27fbf3cf2bb6a13fcc5883e600a6a2567233b3ee83d04d5f45200d7691a7adee,14
ButailPorfiri.pdf,0.5,unclassified,unclassified,False,ButailPorfiri,User,,10,,,3e389f53e133f49df521d8a4c2606d1ee9391b77f205a23ac67fb22a95d5b8df,11
C2_W3.pdf,0.7,unclassified,unclassified,False,C2_W3,,,0,,,18d52371832701c09c5f3e66eef1b8ad040db83a0a9d4059c8d53c59d39e2c0c,32
C5_W1.pdf,0.9,unclassified,unclassified,False,C5_W1,,,0,,,1bd88f9fccdcd1c40cab2915ea218041a1ce2989edd92e644a69b21039d9af4c,43
C5_W3.pdf,0.7,unclassified,unclassified,False,C5_W3,,,0,,,99e3d9499a54007fb42593045d0d8eaad840e96668237e10a24aea4448202598,42
C5_W4.pdf,0.9,deep_learning,low,False,Transformers,Lynn He,,10,,,2112490dc0e4b05ef2dffe5306ec9543bc30c74badae64bc830a87cf1a85ae70,11
CA_sectionIVnotes.pdf,0.1,unclassified,unclassified,False,CA_sectionIVnotes,,,0,,,892ff6c1d8a3e47fe5d62998ac6b4b724f6089adc92a0e4f1066d2618ba7597b,7
CCSL_Complete_Guide_v1.0.0_WithLinks.pdf,0.1,unclassified,unclassified,False,(anonymous),(anonymous),,5,,,1f6b90ea295d1838efc6528783548532ad8b8f9c5f39dbc1ca5273ad9bfc7a21,106
CFA_2025_L2_Quicksheet.pdf,0.3,unclassified,unclassified,False,CFA_2025_L2_Quicksheet,,,0,,,7a1af4f49340aef2ba1e37a57544e15df5432e3185ad347168bfdd188de1d60a,6
CFA_LEVEL_3_APPOINTMENT.pdf,0.1,unclassified,unclassified,False,CFA_LEVEL_3_APPOINTMENT,,,0,,,db8bf05854c5811b3ae3b5ed006f82a9311d94e60f0966b635a539573f7d04a1,2
CFA_Program_Verification_Letter.pdf,0.1,unclassified,unclassified,False,CFA_Program_Verification_Letter,CFA Institute,,10,,,84dd7e53376c10d813ee4f4741adf2ba402be8fe474e4c83d0f841fc85ef0546,1
CFA_Program_Verification_Letter_2.pdf,0.1,unclassified,unclassified,False,CFA_Program_Verification_Letter_2,CFA Institute,,10,,,6afd5d50e54590b51971da8282c698c22494b99434960dc4e2ff98c086163f01,1
COMBINEDHOMOTOPYANDGALERKINSTABILITYANALYSISOFMATHIEU-LIKEEQUATIONS 1.pdf,0.9,topology_geometry,low,False,COMBINEDHOMOTOPYANDGALERKINSTABILITYANALYSISOFMATHIEU-LIKEEQUATIONS 1,,,0,,,928a7a48a5e49e2b2c439b22ddf5edb1d9f4416e41726498e536a95092fae1d7,19
COMBINEDHOMOTOPYANDGALERKINSTABILITYANALYSISOFMATHIEU-LIKEEQUATIONS.pdf,0.9,topology_geometry,low,False,COMBINEDHOMOTOPYANDGALERKINSTABILITYANALYSISOFMATHIEU-LIKEEQUATIONS,,,0,,,4145bc913e43afd3e920b70810e1e267b4a1607577fd90973a75f79c38212734,19
COVIDProbabilities 2.pdf,0.1,unclassified,unclassified,False,COVIDProbabilities 2,,,0,,,8aca5cedc739ece4de8612961bb7d03c0603460298e7459e3e938a52cecfec6a,1
COVID_ABM_Supplementary.pdf,0.3,unclassified,unclassified,False,COVID_ABM_Supplementary,,,0,,,b02ebb1bdc4993ccbe6d8b3b6d718f263784ec847e27294b125c411183a55ee7,17
COVID_ABM_Supplementary_PZ_RBV.pdf,0.2,unclassified,unclassified,False,COVID_ABM_Supplementary_PZ_RBV,,,0,,,54cb5745a9cf35a0d551866640a1752b1d9c1bd646ade424144d3ff853948dd5,15
COVID_ABM_Supplementary_PZ_RBV_AB_SC.pdf,0.3,unclassified,unclassified,False,COVID_ABM_Supplementary_PZ_RBV_AB_SC,,,0,,,21d7753afc5ec6e0c3ee7d47607fdcb6fbfd7aae840eb9b2455fbe6a736e3680,15
COVID_ABM_Supplementary_PZ_RBV_AB_SC_SB.pdf,0.3,unclassified,unclassified,False,COVID_ABM_Supplementary_PZ_RBV_AB_SC_SB,,,0,,,e11d2f2aa14e3282731e56ce6e392ec18ece1274ba391ea51b5b5675e7600eb7,15
CV_TianzhuangXu.pdf,0.1,unclassified,unclassified,False,CV_TianzhuangXu,乔布堂,,10,,,cd1b4792998721ed6be0f4cd72c2636bcab82c32e7155086edd21ea64a79679b,2
C_Summary.pdf,0.1,unclassified,unclassified,False,C_Summary,,,0,,,040cd81c8665b482551593d6a3a9037ee0a61fe9256e84451fc9467083160623,2
CalcBSnotes 1.pdf,0.1,unclassified,unclassified,False,CalcBSnotes 1,,,0,,,51a73c1bd8ad97e28decca0b9abd7c27a5019b60900f6de8b9eec0fe239f405f,12
CalcBSnotes.pdf,0.1,unclassified,unclassified,False,CalcBSnotes,,,0,,,461b6193d08f98344cbb2bb39a2dbb0377c6510cf217289106b7db5e0d7b7dd1,9
Calculus-on-manifolds-A-Solution-Manual-for-Spivak.pdf,0.6,topology_geometry,low,False,Calculus-on-manifolds-A-Solution-Manual-for-Spivak,,,15,,,815f824aece03bf4a880bb287884908b867286813f82888be5b000bf396d37d4,63
Canonical_perturbation_theory_for_the_elliptic_res.pdf,0.7,dynamical_systems,low,False,Canonical_perturbation_theory_for_the_elliptic_res,,,0,,,32b7c6e8dea942f5e1485b59daae0817f633b8c855a0d10a337d72dd7275ebf4,21
CardShufflingBayerDiaconis1992.pdf,0.5,unclassified,unclassified,False,CardShufflingBayerDiaconis1992,,,0,,,72ada07ea3bac171c8e79add16ce05498db53d99078dc633ff80c6bfce7cb096,20
Causal Inference in Statistics_ Solution M - Judea Pearl.pdf,0.9,causal_inference,low,False,Causal Inference in Statistics: Solution M - Judea Pearl,,,15,,,3c49d07c8c11fe4b8a6d2da547d5ac6f47cb86fad67caf5bfd1322080f45fd62,75
Celestial Mechanics and Dynamical Astronomy Volume 1 issue 2 1969 [doi 10.1007%2Fbf01228838] Ahmed Aly Kamel -- Expansion formulae in canonical transformations depending on a small parameter.pdf.pdf,0.3,dynamical_systems,low,False,Expansion formulae in canonical transformations depending on a small parameter,,1969,5,,,f54e5af02714a48b071f6a9966b8ba91c2400702057ec5195673a9bb17d9c1b2,10
Celestial Mechanics and Dynamical Astronomy Volume 103 issue 3 2009 doi 1010072Fs10569-009-9187-4 J Hagel -- An analytical approach to small amplitude solutions of the extended nearly circular Si.pdf,0.6,dynamical_systems,low,False,Celestial Mechanics and Dynamical Astronomy Volume 103 issue 3 2009 doi 1010072Fs10569-009-9187-4 J Hagel -- An analytical approach to small amplitude solutions of the extended nearly circular Si,,2009,5,,,f6c485b4b16ad00dd7f661a24f5c9c49d5080a234ac999d140b2439587b8a4ea,16
Celestial Mechanics and Dynamical Astronomy Volume 109 issue 4 2011 doi 1010072Fs10569-010-9332-0 Vladislav V Sidorenko -- On the circular Sitnikov problem- the alternation of stability and insta.pdf,0.4,dynamical_systems,low,False,Celestial Mechanics and Dynamical Astronomy Volume 109 issue 4 2011 doi 1010072Fs10569-010-9332-0 Vladislav V Sidorenko -- On the circular Sitnikov problem- the alternation of stability and insta,,2011,5,,,7ced2e3b468be02bb2421760bb3b0134d8fd7f39e05151913dbd9de92db53813,18
Celestial Mechanics and Dynamical Astronomy Volume 29 issue 3 1983 doi 1010072Fbf01229135 Douglas C Heggie -- On the bifurcations of a certain family of periodic orbits.pdf,0.3,dynamical_systems,high,False,On the bifurcations of a certain family of periodic orbits,,1983,5,,,171f79040959640015309f3aafda4cbdf3b7ce064ec5c784b0df8652db02700e,8
Celestial Mechanics and Dynamical Astronomy Volume 32 issue 1 1984 doi 1010072Fbf01358404 Haruo Yoshida -- A type of second order linear ordinary differential equations with periodic coefficients .pdf,0.8,dynamical_systems,high,False,Celestial Mechanics and Dynamical Astronomy Volume 32 issue 1 1984 doi 1010072Fbf01358404 Haruo Yoshida -- A type of second order linear ordinary differential equations with periodic coefficients,,1984,5,,,772c533d570d34ab05302c65a22e60496c07d2556e472e7755e338b9736197f3,14
Celestial Mechanics and Dynamical Astronomy Volume 42 issue 1-4 1987-1988 doi 1010072Fbf01232956 E Perdios V V Markellos -- Stability and bifurcations of Sitnikov motions.pdf,0.9,dynamical_systems,medium,False,Stability and bifurcations of Sitnikov motions,,1987,5,,,f21f71dd33842ff8ee037627d0ec68bc5646a18495491cbdd7547c467fc5b781,14
Celestial Mechanics and Dynamical Astronomy Volume 53 issue 2 1992 [doi 10.1007%2Fbf00049462] Haruo Yoshida -- On a class of variational equations transformable to the Gauss hypergeometric equation.pdf,0.3,dynamical_systems,low,False,On a class of variational equations transformable to the Gauss hypergeometric equation,,1992,5,,,5d250a2f3f3d3e8e8694f0a89fd1d8eabf8b378ffccccfd2a24628823e822eb5,6
Celestial Mechanics and Dynamical Astronomy Volume 58 issue 1 1994 [doi 10.1007%2Fbf00692119] William E. Wiesel; David J. Pohlen -- Canonical Floquet theory.pdf.pdf,0.8,dynamical_systems,low,False,Canonical Floquet theory,,1994,5,,,a72f9a06dbbc17e64ffb6eaaeab3699746c98921238695cb620dc4ed31b308bb,16
Celestial Mechanics and Dynamical Astronomy Volume 63 issue 3-4 1995-1996 doi 1010072Fbf00692289 Stanisław Kasperczuk -- Normal form Lie-Poisson structure and reduction for the Henon-Heiles syste.pdf,0.3,dynamical_systems,low,False,"Normal form, Lie-Poisson structure and reduction for the Henon-Heiles system",,1995,5,,,1e50453d6597f2c3f425842776ffad654925abbb54f99c79f6d040a8d63ba2ad,9
Celestial Mechanics and Dynamical Astronomy Volume 79 issue 2 2001 doi 1010232Fa3A1011109827402 Lidia Jiménez-Lara Adolfo Escalona-Buendía -- Symmetries and Bifurcations in the Sitnikov Problem.pdf,0.4,dynamical_systems,medium,False,Symmetries and Bifurcations in the Sitnikov Problem,,2001,5,,,df2e440bf99aae3f0bc7df24eb590cf6148c57acafdbad67d24a9676040d8c1c,21
Celestial Mechanics and Dynamical Astronomy Volume 87 issue 4 2003 doi 1010232Fb3Acele0000006721862553e S B Faruque -- Solution of the Sitnikov Problem.pdf,0.1,dynamical_systems,low,False,Solution of the Sitnikov Problem,,2003,5,,,b59544504b813942414e899affb7bc70d202e39783cca42740576a57d9f279c2,17
Celestial Mechanics and Dynamical Astronomy Volume 93 issue 1-4 2005 doi 1010072Fs10569-005-0521-1 Johannes Hagel Christoph Lhotka -- A High Order Perturbation Analysis of the Sitnikov Problem.pdf,0.4,dynamical_systems,medium,False,Celestial Mechanics and Dynamical Astronomy Volume 93 issue 1-4 2005 doi 1010072Fs10569-005-0521-1 Johannes Hagel Christoph Lhotka -- A High Order Perturbation Analysis of the Sitnikov Problem,,2005,5,,,cc2c5935397bd19804ffb291b4354454f04202bd2d9469b3337def7a3110b9f9,28
CertificateOfCompletion.pdf,0.1,unclassified,unclassified,False,CertificateOfCompletion,,,0,,,1055201631ba024ad1fcc05359dab2f5ed0088148cc5d2588d5ecd6f43a7183f,1
Ch2_Statistical_Learning.pdf,0.8,unclassified,unclassified,False,Ch2_Statistical_Learning,,,0,,,b3449549a7ce65b65a0f199a9e25bbaac5e7913beb6497a49bf96b31dd55bc2a,37
Ch3_Linear_Regression.pdf,1.6,unclassified,unclassified,False,Ch3_Linear_Regression,,,0,,,61450e700f20db80c6b7d9bb66b62406a2a06805e2b7e93be050151bda3c1faa,64
Ch4_Classification.pdf,2.1,machine_learning,low,False,Ch4_Classification,,,0,,,a756a7949dbaec9f5d7a6f7a45565fefdfdcf6ff901a8a887d8e4fa0bf5b1863,70
Ch5_Resampling_Methods.pdf,0.4,unclassified,unclassified,False,Ch5_Resampling_Methods,,,0,,,60a4bdf4b1b46d9ffd87e348128f469c255efad5d3ff8c9f9e44038b5ebaf146,66
Ch6_Model_Selection.pdf,0.6,mathematics,low,False,Ch6_Model_Selection,,,0,,,f178910be60868aa3ef1b1339e64156782a935b8757fb9ec065edc3ac8ede300,59
Ch7_Moving_Beyond_Linearity.pdf,1.2,unclassified,unclassified,False,Ch7_Moving_Beyond_Linearity,,,0,,,4d2311c31c1b054653084378f998e1d371cce9744cc8f2ba4b3548f9b30dffef,48
Ch8_Tree_Based_Methods.pdf,0.4,unclassified,unclassified,False,Ch8_Tree_Based_Methods,,,0,,,8149b42e340b19d645252621801e0fe3df526691ee33bf646052b62c3ebac46f,55
Ch9_Support_Vector_Machines.pdf,1.2,unclassified,unclassified,False,Ch9_Support_Vector_Machines,,,0,,,5d2c250be3123d4be19897f259a593e2f8a9b905cfcb8bac5e1c755b1b649615,34
Chaos 1993 Ott.pdf.pdf,0.8,dynamical_systems,low,False,veuf183.PDF,B. Filaski,1993,15,,,6ceee7e326beeb5821766a9f52245fd8ba7f17afd35ecd4600035bf25ad1d162,10
Chaos An Interdisciplinary Journal of Nonlinear Science Volume 13 issue 3 2003 doi 1010632F11598311 Mitchell K A Handley J P Tighe B Delos J B Knudso -- Geometry and topology of es.pdf,0.4,topology_geometry,low,False,Chaos An Interdisciplinary Journal of Nonlinear Science Volume 13 issue 3 2003 doi 1010632F11598311 Mitchell K A Handley J P Tighe B Delos J B Knudso -- Geometry and topology of es,,2003,5,,,4695f88c7938a4e9804f4ec8ad2413c664feec9ffe358de92a1936530014e9d9,13
Chaos An Interdisciplinary Journal of Nonlinear Science Volume 13 issue 3 2003 doi 1010632F11598312 Mitchell K A Handley J P Delos J B Knudson S K -- Geometry and topology of escap.pdf,0.6,topology_geometry,low,False,Chaos An Interdisciplinary Journal of Nonlinear Science Volume 13 issue 3 2003 doi 1010632F11598312 Mitchell K A Handley J P Delos J B Knudson S K -- Geometry and topology of escap,,2003,5,,,caa82ff8b747ee312b8555c970bebf4ef67afa49df9439d610afc3118da55034,12
Chaos An Interdisciplinary Journal of Nonlinear Science Volume 2 issue 2 1992 doi 1010632F1165907 Davies K T R Huston T E Baranger M -- Calculations of periodic trajectories for the He.pdf,0.7,dynamical_systems,low,False,Chaos An Interdisciplinary Journal of Nonlinear Science Volume 2 issue 2 1992 doi 1010632F1165907 Davies K T R Huston T E Baranger M -- Calculations of periodic trajectories for the He,,1992,5,,,c185863da7b3684a4696e6d32218fbe2a1a0a26bd490597b0ab9681ee235fd16,11
Chaos An Interdisciplinary Journal of Nonlinear Science Volume 3 issue 4 1993 doi 1010632F1165953 Daniels Vincent Vallières Michel Yuan JianMin -- Chaotic scattering on a double well- Perio.pdf,0.9,dynamical_systems,low,False,Chaos An Interdisciplinary Journal of Nonlinear Science Volume 3 issue 4 1993 doi 1010632F1165953 Daniels Vincent Vallières Michel Yuan JianMin -- Chaotic scattering on a double well- Perio,,1993,5,,,edff249f3e56c457886a3ca03a54bccf82e70e50af4f872e68afef44f41ca703,12
Chaos Solitons Fractals Volume 57 issue 2013 doi 1010162Fjchaos201309003 Guirao Juan LG Llibre Jaume Vera Juan A -- Periodic orbits of Hamiltonian systems- Applications to perturbed.pdf,0.3,dynamical_systems,high,False,Periodic orbits of Hamiltonian systems: Applications to perturbed Kepler problems,Juan L.G. Guirao,2013,45,,,b1c297dc48edaa2bfee34896c3869be830ee640e39b753c8631fdf63c96c7b3d,7
Chaotic_scattering_of_the_point_vortex_by_falling_.pdf,0.3,dynamical_systems,low,False,Chaotic_scattering_of_the_point_vortex_by_falling,С. В. Соколов; И. С. Кольцов,,10,,,8a1a5f2cc136bf1fbe2f8b76467c02a1d66186d93390a5f2c1d341f3af707f0c,3
Chapter 1.pdf,3.8,unclassified,unclassified,False,Chapter 1,,,0,,,dbe621bc7a366fc206a413cbbc5ad13db24a55665aa6b3f180ff561dc9dee8e9,13
Chapter 3.pdf,1.9,unclassified,unclassified,False,Chapter 3,,,0,,,b723cec1c58fef5a422b369b6fbb09ea16c1611ea16a010be6a7e1113584de59,8
Chapter 4.PDF,3.1,unclassified,unclassified,False,Chapter 4,,,0,,,13aa52bc66928b792252d13b490d66ccaabee27cb507d8e97d8a995d1ff02034,13
Charlotte Louise Behring Trust - Federal EIN #.pdf,0.5,unclassified,unclassified,False,Charlotte Louise Behring Trust - Federal EIN #,,,0,,,cf8f05829a882f21bf04abeafbcac083000fe57525826160259ec7a7eff31638,1
Charlotte_Immunization.pdf,0.2,unclassified,unclassified,False,Charlotte_Immunization,,,0,,,8cd3d38a932e4d9f511fc098f542999b5d75fa6e2d04129bf97e796c5b2819fc,4
Charlotte_L_Behring_TR_wire_instructions.pdf,0.1,unclassified,unclassified,False,Wires Secure Instructions,Brandon Behring,,10,,,f09dd1c9eab88c9bb1b0658d8d0f715722785fb8ee0bce4e0d6aa0d74015ad0a,2
Charltte_health_record_immunizations.pdf,0.2,unclassified,unclassified,False,Charltte_health_record_immunizations,,,0,hash_dup_160,possible_duplicate,37298cd019916938fb200049e16d69b15bde27ce83b7775242add88ae3e30b62,4
Chase_Auto_Balance_aug_2705.pdf,0.3,unclassified,unclassified,False,Chase_Auto_Balance_aug_2705,,,0,,,4dec3efe18f9959d8c43bc28011875e8fe6a0de3eca38090b10c694c848052cd,2
Chase_Auto_Balance_sep_2705.pdf,0.3,unclassified,unclassified,False,Chase_Auto_Balance_sep_2705,,,0,,,22cfffbdbafc2bc720755fc073c6c8ebcaeaf0e395666c7ceb8234e238cc8cd8,2
Classic-HLM-FINAL.pdf,0.8,unclassified,unclassified,False,Classic-HLM-FINAL,Andy,,10,,,074ed9c83ccdedaa42f6b6e129655056008d4ccd80d8e1d4a27bdefed5a68598,12
Color Scheme BTH870_V2.pdf,0.2,unclassified,unclassified,False,Color Scheme BTH870_V2,,,0,,,6d57cbf85a26b9d32240fda5369bdcdab03d85145a1a129fdcacc13bea45022e,2
Communications in Mathematical Physics Volume 290 issue 2 2009 [doi 10.1007%2Fs00220-009-0860-y] Xijun Hu; Shanzhong Sun -- Index and Stability of Symmetric Periodic Orbits in Hamiltonian Systems with.pdf,0.5,dynamical_systems,medium,False,Communications in Mathematical Physics Volume 290 issue 2 2009 [doi 10.1007%2Fs00220-009-0860-y] Xijun Hu; Shanzhong Sun -- Index and Stability of Symmetric Periodic Orbits in Hamiltonian Systems with,,2009,20,,,e5aab81b5e04638bebff9cd05ac577db37daa471e521cb747fb4e0d1a2b663c7,41
Communications on Pure and Applied Mathematics Volume 39 issue 1 1986 [doi 10.1002%2Fcpa.3160390103] Michael I. Weinstein -- Lyapunov stability of ground states of nonlinear dispersive evolution equat.pdf.pdf,0.6,dynamical_systems,low,False,Lyapunov stability of ground states of nonlinear dispersive evolution equations,,1986,20,,,11fc0fde86336b5b9b611774cc063e97c139289b6490dbd93a25313d09211fc1,17
Competencies_for_Cloud_Roles.pdf,0.7,unclassified,unclassified,False,Competencies_for_Cloud_Roles,Tracy; Jim,,10,,,865ec4196bf95a05357e51c9e2d299b2ebc288194857768a9cc18795bb94fb4a,6
Complete guides series Bean Anita-The complete guide to strength training-Bloomsbury Publishing 2013.pdf.pdf,12.4,fitness,low,False,The Complete Guide to Strength Training,Bean; Anita,2013,30,,,fe8f452ce7d88f414c4778c9932f1635d10f93cbabfd5aa401a35c0d43c48626,576
ComplexAnalysis1.pdf,0.1,unclassified,unclassified,False,ComplexAnalysis1,,,0,,,65611d73bdbc433252b92f468fc0a76c71479447f2fde42d7a157d91454c746c,5
ComplexVariables7.pdf,0.1,unclassified,unclassified,False,ComplexVariables7,,,0,,,73e3af795dc5413040712a51a63a66892d05baab5a8bc1164637bf912ff498c4,4
ComplexVariables8.pdf,0.1,unclassified,unclassified,False,ComplexVariables8,,,0,,,e33c95cfb38fdf6c16ef47c46f87a12b418fb4e7a527ece03251f9ad2d7afaa0,4
ComplexVariablesMidTerm.pdf,0.1,unclassified,unclassified,False,ComplexVariablesMidTerm,,,0,,,0dc378c635ffc7599d2e2fd2ddd8e1fd58f77a669562a93835e2aceb809477dc,8
Complex_Hamiltonians 2.pdf,0.1,dynamical_systems,low,False,Complex_Hamiltonians 2,,,15,,,8c798a93a97e22890441285b67b374d5d765127f5a8f5a755a1eb3e6f7dbba6e,11
Complex_dynamical_networks_Modelling_synchronizati.pdf,0.2,mathematics,low,False,Complex_dynamical_networks_Modelling_synchronizati,,,0,,,a150a7da5bf32f065343772dc22c0ae0214dd151825ca12c1a9671be6693a2cc,9
Comptes Rendus Mécanique Volume 338 issue 9 2010 doi 1010162Fjcrme201007020 Arnaud Lazarus Olivier Thomas -- A harmonic-based method for computing the stability of periodic solutions of dynam.pdf,0.6,dynamical_systems,low,False,A harmonic-based method for computing the stability of periodic solutions of dynamical systems,Arnaud Lazarus,2010,25,fuzzy_dup_404,possible_duplicate,b427093dc9cf9a0c50f0d9d52a0b8d23aae901242e2714cffd68af099c58498d,8
ConvRate.pdf,0.2,unclassified,unclassified,False,ConvRate.dvi,,,0,,,3104a6890d2b8a99234f662b9fad77079814b72e645254326fbefa5c694dc4a2,9
Convergence_improvement_for_the_infinite_determinants_of_Hill_systems.pdf,0.2,unclassified,unclassified,False,Convergence_improvement_for_the_infinite_determinants_of_Hill_systems,Robert Denk,,10,,,05629ef585554c7a2d77688a4b96b63f143084ed299e4854aa5339ea7a497b57,15
Convergent_approximation_of_non-continuous_surface.pdf,0.7,unclassified,unclassified,False,Convergent_approximation_of_non-continuous_surface,,,0,,,ddf0ead7e3e029bccd0ee2b0bd6d833e9c2240fc034faf2d95417391e2b72c52,38
Convol Minkowshi Young Inequal.pdf,0.1,unclassified,unclassified,False,Convol Minkowshi Young Inequal,,,0,,,eb698a170be8e7a99a5dff4bf82f485e0a28dba879fe2fdf7ce7a7b8f9929e94,12
Coursera T2EJ9QZLWBNP.pdf,0.3,unclassified,unclassified,False,Coursera T2EJ9QZLWBNP,,,0,,,3e2d51a512bbe45674d4b071779971702b9f8bf2fcb3134a20a08fd0f425303d,1
D22_Cont_Bayes_problems.pdf,0.1,unclassified,unclassified,False,D22_Cont_Bayes_problems,,,0,,,94854328485d29318fb8295d9551306a627267cd4d438ce02db1288c0ed88631,3
D22_Cont_Bayes_problems_1pp.pdf,0.1,unclassified,unclassified,False,D22_Cont_Bayes_problems_1pp,,,0,,,d4befa862ffb0744668e135c1c41d23d1b9520cc84f1844c2d7f4c324e4906a9,8
D22_Cont_Bayes_solutions_combined.pdf,0.1,unclassified,unclassified,False,D22_Cont_Bayes_solutions_combined,,,0,,,b19837e2d495b893559813292b28ceb36ceedd129f56d1ea9ca461aae10b5330,6
D23_Poisson_Gamma_handouts .pdf,0.1,unclassified,unclassified,False,D23_Poisson_Gamma_handouts,by David Revelle; Ph.D.[1ex] ©2018 The Infinite Actuary; LLC,,10,,,97f97cb9719e04c79932f4f4d9061f69748418926213f77cdb1033dce2c314e9,6
D23_Poisson_Gamma_problems.pdf,0.1,unclassified,unclassified,False,D23_Poisson_Gamma_problems,,,0,,,1a68fe60a4e05636643ec71a6f0d016cf3777731f82ca4e97ced05d73bd0c16a,2
D23_Poisson_Gamma_problems_1pp.pdf,0.1,unclassified,unclassified,False,D23_Poisson_Gamma_problems_1pp,,,0,,,8b2526fe02da9bd08a579f6b3198ea5b87f4b816a62ffba6c30674366e2739e3,6
D23_Poisson_Gamma_solutions_combined.pdf,0.1,unclassified,unclassified,False,D23_Poisson_Gamma_solutions_combined,,,0,,,d710540fdcb2b5ca08f1208f547a351a8e4015b790878b2c1911af57c6742069,3
D34_Exact_Cred_problems.pdf,0.1,unclassified,unclassified,False,D34_Exact_Cred_problems,,,0,,,069fb5c678ed2936de0bbddbd52f003a501b19df511332067a57c8e2ab05989e,2
D34_Exact_Cred_problems_1pp.pdf,0.1,unclassified,unclassified,False,D34_Exact_Cred_problems_1pp,,,0,,,a61aa3b87282a745ddd7df5c378a850107658469bb989543f3a9c162982d890e,4
D34_Exact_Cred_solutions_combined.pdf,0.1,unclassified,unclassified,False,D34_Exact_Cred_solutions_combined,,,0,,,5badea835e7ed11ef3a846f19bec02c7bcbcd45367d104943be8430601c9c742,4
D41_Nonparam_uniform_problems.pdf,0.1,unclassified,unclassified,False,D41_Nonparam_uniform_problems,,,0,,,bff802657869964f592aeb546648b109414cfd00c9a630c0a1113f96e638b9bc,2
D41_Nonparam_uniform_problems_1pp.pdf,0.1,unclassified,unclassified,False,D41_Nonparam_uniform_problems_1pp,,,0,,,e3eaa76fa8d38cd4f20ba48bed6048544219622e751ee1381495aeda1b30dfe7,5
D41_Nonparam_uniform_solutions_combined.pdf,0.1,unclassified,unclassified,False,D41_Nonparam_uniform_solutions_combined,,,0,,,200ea7856478aff64b8ece16d88c093f0d212f36c0df31e8ccf56f11fac9b517,4
D42_Nonparam_general_problems.pdf,0.1,unclassified,unclassified,False,D42_Nonparam_general_problems,,,0,,,ffbccf2d9c30c86e4ae4e2a5632536327e240cf296989b860db0f2a54fca5ae0,2
D42_Nonparam_general_problems_1pp.pdf,0.1,unclassified,unclassified,False,D42_Nonparam_general_problems_1pp,,,0,,,0c2ba4f1b61b097335ad43a3dc6edc88406955d249e0b8f32024aa8b9bc61af2,4
D42_Nonparam_general_solutions_combined.pdf,0.1,unclassified,unclassified,False,D42_Nonparam_general_solutions_combined,,,0,,,022fb498e98ce6f4ce9a26ae0339f4ddcde996091089b9f94b9dc4bb81a0bbb2,3
D43_Semiparam_Poisson_problems.pdf,0.1,unclassified,unclassified,False,D43_Semiparam_Poisson_problems,,,0,,,194821a3d44e66bd7cc19518e0a4780cd7ee213ad3c368e5f247b9a168901523,4
D43_Semiparam_Poisson_problems_1pp.pdf,0.1,unclassified,unclassified,False,D43_Semiparam_Poisson_problems_1pp,,,0,,,4af889e4cb7c8b23de8db663b5339d3333b98ae285cba190cfb8ae490ceae5da,7
D43_Semiparam_Poisson_solutions_combined.pdf,0.1,unclassified,unclassified,False,D43_Semiparam_Poisson_solutions_combined,,,0,,,3301bde4e9d19c9a223e41be7fcc67a21ab33224235002c49b6d4ea8d5b5b8cf,6
DDE-chapter3.pdf,1.0,unclassified,unclassified,False,DDE-chapter3,,,0,,,69ec5c1d100d92adeae13bcd1f4fa15610e24853dbb2373ad3a16a8017b6a7a7,35
DNL.pdf,0.4,mathematics,high,False,On the Dirichlet Problem for Second-Order Elliptic Integro-Differential Equations,Guy Barles; Emmanuel Chasseigne; Cyril Imbert,,10,,,d1dd7628693b62d6c9d8d4638cec0d4aea1ccfe609459f18da524577132568d9,21
DP.pdf,0.8,algorithms,low,False,Lecture 3: Planning by Dynamic Programming,David Silver,,10,,,df46f18640f2ce49ef0cc44d437832690a21212429da5dd7437bd2df7354c1e0,42
DataLemur SQL Cheat Sheet.pdf,0.3,sql,low,False,DataLemur SQL Cheat Sheet,Puja Agnihotri,,10,,,9f9a4ef1b2410718e5fcd98f6627bed2ff1ff06bf0ecf8ed486d496ac40d1686,1
Data_Driven_Methods_to_M3.pdf,0.9,unclassified,unclassified,False,Data_Driven_Methods_to_M3,,,0,,,a620313bf0752e6b1e8776a1b814bf5a97f07959ca32f31a723956670f65295d,66
David C Lay Steven R Lay Judi J McDonald Linear Algebra and Its Applications.pdf.pdf,31.6,algebra,low,False,0321982630.pdf,,,20,,,99807ba6907e1ac5824b4d44582e586cf0ff1f62c9ecb170fb48966acde8d1dd,579
David C Lay Study Guide to Linear Algebra and Its Applications 3rd Edition.pdf.pdf,14.7,algebra,low,False,David C Lay Study Guide to Linear Algebra and Its Applications 3rd Edition.pdf,,,25,hash_dup_214,possible_duplicate,906d5a5c25b0e1c60de741361ed679c97931123980393665867fb291fee488ec,349
Davis T-MATLAB primer-CRC 2011.pdf,0.7,unclassified,unclassified,False,Davis T-MATLAB primer-CRC 2011,Timothy A. Davis,2011,30,,,c1383da971702ba81fc5a6d477aadc604e641799dd611ebdd477a6560eedae1b,232
Deep+Reinforcement+Learning+Nanodegree+Program+Syllabus.pdf,8.9,mathematics,low,False,Deep+Reinforcement+Learning+Nanodegree+Program+Syllabus,,,5,,,6e2e532459a0640f6897a1bdf3e5145063e23c7ceb559a4b95ac90e62caaa9a4,14
Deprit2001_Article_TheRelegationAlgorithm.pdf,0.2,unclassified,unclassified,False,The Relegation Algorithm,,,0,,,327370a742c472c05d005be15e8ea1159904649ae5b3679d5c796f5d322e0d90,26
Determination of the stability boundaries for the hamiltonian systems with periodic coefficients.pdf,0.3,dynamical_systems,low,False,Determination of the stability boundaries for the hamiltonian systems with periodic coefficients,,,15,,,5efd48e49dc7ff7a75e6b1a791f5297af0123771b46a4062e8f2b39930c61901,15
Differential expression and distribution of inwardly rectifying K.pdf,0.6,unclassified,unclassified,False,http://www.apscentral.org/manus.PDF,jmaly,,10,,,4809ff280aca2419b2bbd6a3374ec8d0b7487677be26cb30eb854c8cf4ef9f0b,27
Differential_expansion_ionic_membranes PRL_cmp_MK_DB_JH_RBV.pdf,0.8,unclassified,unclassified,False,Differential_expansion_ionic_membranes PRL_cmp_MK_DB_JH_RBV,,,0,,,a70303882e5dc6d6cf70819ece5e4bbcb46a18c1fcd3b1381379738802087dde,6
Dilated and causal convolution.pdf,0.5,machine_learning,low,False,Dilated and causal convolution,Agni Iyer,,10,,,e7b4c315338876687584d94b84e3ddfb69e2cadbb6b01c7fd3afc676f0cbd4b8,3
Direct Deposit Authorization Form Individual.pdf,0.1,unclassified,unclassified,False,Direct Deposit Authorization Form Individual,NJIT,,10,,,17ec8b597bac8510366205a84bf10dcc9b5ac9e56f4b2d3c10c5fcf4e40e4aa7,1
DistSob1 1.pdf,0.1,unclassified,unclassified,False,DistSob1 1,,,0,,,880bf5a22cfdc229a064a38bb4d84d0ced6ed54590dfbf608baa49ebd6a60648,7
DistSob1 2.pdf,0.1,unclassified,unclassified,False,DistSob1 2,,,0,,,fa4e2500d9e9a23d9ef33be30d1c300d0fb92d6e1e704efb63295a83dce84cf5,9
DistSob1.pdf,0.1,unclassified,unclassified,False,DistSob1,,,0,,,05df1fde07adb669dbc395363bbcb08e40b8e7b5ef04d237c0fd05f2d86e4ad7,5
Dolciani Mathematical Expositions Vol 37 Folland GB-A Guide to Advanced Real Analysis-Mathematical Association of America 2009.pdf,0.7,analysis,low,False,A Guide to Advanced Real Analysis,,2009,20,,,44c1cb2e50b48ad00046966b73e4543d1cc5584984231c53075d4a0bd36da13d,118
Don't Let This Happen to You Part 1 - Updated.pdf,0.2,unclassified,unclassified,False,Don't Let This Happen to You Part 1 - Updated,See Vang,,10,,,50cc83865dcf8c0decd4435f4eb665e2a3b4173e5cd406b6d6154458c65a9b65,2
DownloadBill-2.pdf,0.8,unclassified,unclassified,False,DownloadBill-2,,,0,,,4ad89fd5cf7a7b01444a058ac50240af706a780ac76b6897c565cb3482d3fd2b,6
Duke Mathematical Journal Volume 45 issue 4 1978 doi 1012152FS0012-7094-78-04532-5 Cushman Richard -- The relationship between the index of a strongly stable periodic linear Hamiltonian vectorfie.pdf,0.6,dynamical_systems,low,False,Duke Mathematical Journal Volume 45 issue 4 1978 doi 1012152FS0012-7094-78-04532-5 Cushman Richard -- The relationship between the index of a strongly stable periodic linear Hamiltonian vectorfie,,1978,20,,,59fdcbf39eff3e3ee203fe23622ef079636eb4b363c087d776c197521f85f0b5,9
DynamicalSystemsjl_A_Julia_software_library_for_ch.pdf,0.1,dynamical_systems,medium,False,DynamicalSystemsjl_A_Julia_software_library_for_ch,,,0,,,9203765b3daf6ff7ab7c72f360188ae5c94b69a4c6e4cd62d45549c5e6d78e3d,5
Dynamics_Winter 2018.pdf,0.2,unclassified,unclassified,False,Dynamics_Winter 2018,Joo,2018,15,,,142bfd81b91f4cb6982ed9344eaa3d9059167ebabb839ae78a7e156e82bfab55,3
Dynamics_and_Bifurcation_Near_the_Transition_from_.pdf,0.3,dynamical_systems,low,False,ollpavil.dvi,,,0,,,dbe6f33428b4d0b4595bfc14150b60ba173460d6f8de379169d7d9b2e4f481fe,14
E16_handout_2024_01_23.pdf,0.1,unclassified,unclassified,False,E16_handout_2024_01_23,,,0,,,7b8f83dadd591a31cf1a02e5e302a62f5c3b12d8b551f3f80e1357367edaf4b5,6
E18_handout.pdf,0.1,unclassified,unclassified,False,E18_handout,,,0,,,9e9d756f003927937ed1c9660ab9934dac3bb639c7a900db28bee12ed35af884,5
E25_handout.pdf,0.1,unclassified,unclassified,False,E25_handout,,,0,,,7fc2793fffeb8d6ca8384969f4f996d7063b14e772c6a3e067cc19fd6189eb0e,6
ERM-Exam-Case-Study-Annotated_V1.pdf,4.8,unclassified,unclassified,False,ERM-Exam-Case-Study-Annotated_V1,Kathy Wong,,5,,,045b501d7a259069dfd3857adc241f23c9e849759a41f3861208b6216e07fc2a,81
ERM-GC Fall 2013.pdf,0.2,unclassified,unclassified,False,ERM-GC Fall 2013,Society of Actuaries,2013,15,,,00b855a5c8482b1518305633800e784bb8ab4021d42e3fd858a534555c9c9e1f,20
ERM-GC Fall 2014 - Solutions.pdf,0.7,unclassified,unclassified,False,ERM-GC Fall 2014 - Solutions,SOA USER,2014,15,,,313183c326c054ee4c4a3ba2cbb1923adbdc24fefc9ad39155c1b1afba84fd4c,43
ERM-GC Fall 2014.pdf,0.2,unclassified,unclassified,False,ERM-GC Fall 2014,Society of Acturies,2014,15,,,a0bab0ca09a4492502c5a08bc7e827a13ef30029d503356c93da069354002883,21
ERM-GC Fall 2017.pdf,0.2,unclassified,unclassified,False,Exam ERM-GC,SOA,2017,15,,,137c2896b47b3f2046f7fe32ae84b018e824c7a298af75c75c4ba5e8df4f4804,24
ERM-GC Fall 2018 - Solutions.pdf,0.4,mathematics,low,False,ERM-GC Fall 2018 - Solutions,SOA,2018,15,,,bd86f295d437414aa455c0019c348040d9fd531adc10c0b2e76efc628b1cda75,40
ERM-GC Fall 2019 - Solutions.pdf,0.3,mathematics,low,False,ERM-GC Fall 2019 - Solutions,,2019,5,,,5563c05e578a7e3dc90feb1ad7b456951b2d08ec6707c62a50afc471a34ca141,40
ERM-GC Fall 2019.pdf,0.1,unclassified,unclassified,False,Exam ERM-GC,SOA,2019,15,,,f164b8d284e3b9db6b3f574ada0860ad220a1cfacdafe09a52122b8478bf925b,20
ERM-GC Fall 2020.pdf,0.1,finance,low,False,ERM-GC Fall 2020,SOA,2020,15,,,d8853c1da5016f37802a35bc7b81d0b9d38eaf12ec48400513d6419f5dda8e8b,25
ERM-GC Fall 2021 - Solutions.pdf,0.3,mathematics,low,False,ERM-GC Fall 2021 - Solutions,Society of Actuaries,2021,15,,,4b5cfd9cc072e865988150fe00c169100700a6903cfb62067664381b263f30e5,43
ERM-GC Fall 2022 - Solutions.pdf,0.3,unclassified,unclassified,False,ERM-GC Fall 2022 - Solutions,SOA,2022,15,,,854ee7534c432056c93f2f41df09e090610fd97150c19cd123c514ca15f2996d,43
ERM-GC Fall 2022.pdf,0.3,finance,low,False,ERM-GC Fall 2022,Society of Actuaries,2022,15,,,fd3de106b8531e7629ce2c485c4164b1bb105ad8516f833352ea2afd294a19de,23
ERM-GC Spring 2014 - Solutions.pdf,0.7,unclassified,unclassified,False,ERM-GC Spring 2014 - Solutions,,2014,5,,,2eb4e33d416cf5f9ef6f4c9d6e1986f26c9de9e88abe39eba66270def132826b,38
ERM-GC Spring 2017.pdf,0.1,finance,low,False,ERM-GC Spring 2017,Society of Actuaries,2017,15,,,ba53d604a3b5cb29eaa5e649effe4b3e188bd05aceb5562c3ed9db1a27461049,24
ERM-GC Spring 2019 - Solutions.pdf,0.3,mathematics,low,False,ERM-GC Spring 2019 - Solutions,SOA,2019,15,,,20109ac57aeeae8af7adf05e4156c7266274358f66e062fd2873e289a47471bb,45
ERM-GC Spring 2019.pdf,0.2,unclassified,unclassified,False,Exam ERM-GC,SOA,2019,15,,,96db32c5d51f078d36f13d26d46fe800fb97be73ab67670fe3e58e273712f1db,26
ERM-GC Spring 2020.pdf,0.1,unclassified,unclassified,False,ERM-GC Spring 2020,Society of Actuaries,2020,15,,,2f365689c4ec1d8ca5ac937d689bc89bd6683a30105f58ea9e683b1b878329d8,24
ERM-ILA Fall 2015.pdf,0.2,unclassified,unclassified,False,ERM-ILA Fall 2015,Society of Actuaries,2015,15,,,7c3b73416a3a63d43c5f1f48714599fc2fea84f3f1e4b24988a0b75ab66972c1,28
ERM-ILA Fall 2016 - Solutions.pdf,0.6,mathematics,low,False,ERM-ILA Fall 2016 - Solutions,Society of Actuaries,2016,15,,,3a875eb932d926c1ce1be624b5665f6cb58ad1ad05317791755d013c9a081a33,46
ERM-ILA Fall 2016.pdf,0.2,unclassified,unclassified,False,ERM-ILA Fall 2016,SOA,2016,15,,,535620296363368825d55a760747c27c2c4da6229d1cd96ad168f60daa3b1379,22
ERM-ILA Fall 2018.pdf,0.2,unclassified,unclassified,False,ERM-ILA Fall 2018,Society of Actuaries,2018,15,,,6cceb51cfe342077f05439162102fdd3c3c285266d5d4c772e10b9db32ee8504,26
ERM-ILA Fall 2019 - Solutions.pdf,0.3,mathematics,low,False,ERM-ILA Fall 2019 - Solutions,SOA,2019,15,,,e06e11ed018fe9332a38fe9737762189a7f55bdebb665fa5c981f91a304be799,43
ERM-ILA Fall 2019.pdf,0.1,unclassified,unclassified,False,ERM-ILA Fall 2019,SOA,2019,15,,,ceafaadd4b77b196cd2163c1e85c437baff688404514745fedc360c822363a34,20
ERM-ILA Fall 2020.pdf,0.2,finance,low,False,ERM-ILA Fall 2020,SOA,2020,15,,,a1b2a2339e54e28054df05ee3b22f9b318116458b8bf48a7bc1a3d0bac65d894,25
ERM-ILA Spring 2016.pdf,0.2,unclassified,unclassified,False,ERM-ILA Spring 2016,Society of Actuaries,2016,15,,,f760fde37c4b6d822b412d72eef3dd5599bcd82ab690d56497d72907d5ba5614,24
ERM-ILA Spring 2018.pdf,0.2,finance,low,False,ERM-ILA Spring 2018,SOA,2018,15,,,e006fcfcf42188bdb47a9c59b07c09fea01cbffa280d99bf4dd34b27af5fc5eb,28
ERM-ILA Spring 2019- Solutions.pdf,0.2,mathematics,low,False,ERM-ILA Spring 2019- Solutions,SOA,2019,15,,,7dd0a4c1a6d578d0ce76d435c1a12d7d295d9d2199d8c0bdb1e070fb16041ff8,44
ERM-ILA Spring 2019.pdf,0.2,finance,low,False,ERM-ILA Spring 2019,SOA,2019,15,,,ef1aa2974de16b28ac37b58edf5ac9d9068b51ece2612a2445b91ff8448bd364,26
ERM-ILA Spring 2021 - Solutions.pdf,0.5,unclassified,unclassified,False,ERM-ILA Spring 2021 - Solutions,,2021,5,,,4bd2913067fb936d8aadc84ce2bbb9ba12251a4f2dad9093398ba88c19b45472,44
ERM-ILA Spring 2021.pdf,0.2,finance,low,False,ERM-ILA Spring 2021,SOA,2021,15,,,154a96cc89646e09c07d4fa5c1d69fb073a005f96a080eaa473176bf7c347514,24
ERM-INV Fall 2013 - Solutions.pdf,0.3,unclassified,unclassified,False,ERM-INV Fall 2013 - Solutions,SOA USER,2013,15,,,862b9367788753d95a7bde1e0bb470bf3866f392552883c9d5ec0d64e92652aa,38
ERM-INV Fall 2013.pdf,0.2,unclassified,unclassified,False,ERM-INV Fall 2013,jlesch,2013,15,,,a632cc9dfde9436ac5ac1ba0090b00c2c6139f1889ea37a6e3a8fb4c5cb94d25,20
ERM-INV Fall 2014.pdf,0.3,unclassified,unclassified,False,ERM-INV Fall 2014,Society of Actuaries,2014,15,,,160b59801ea4ecb7a91dd9f585626e3be914bdbbafb9c1b23364a60a030af54e,25
ERM-INV Fall 2015 - Solutions.pdf,0.7,mathematics,low,False,ERM-INV Fall 2015 - Solutions,SOA,2015,15,,,a91cca419597348419298812ed2472d022bf3352e063285b931aa8a8284d110a,45
ERM-INV Fall 2016.pdf,0.2,unclassified,unclassified,False,ERM-INV Fall 2016,SOA,2016,15,,,7b9b4d5b839cf0b9600a5b4bd16feaa0f1875bc5c38a38659dd650296b7904c5,22
ERM-INV Fall 2017 - Solutions.pdf,0.3,mathematics,low,False,ERM-INV Fall 2017 - Solutions,SOA,2017,15,,,4317ea247b605120c2100760910084eb4cc9ed9dbe7a1fe8393a0a0991919bca,38
ERM-INV Fall 2017.pdf,0.2,unclassified,unclassified,False,ERM-INV Fall 2017,SOA,2017,15,,,fd051b0560ec35079cbfc0e641ef3c23db037254ae978b00d93d25aa826b3071,22
ERM-INV Fall 2018.pdf,0.2,unclassified,unclassified,False,ERM-INV Fall 2018,Society of Actuaries,2018,15,,,a1021669d3d88772cb70b4cda8e1e987e2d995d6a14e252e810c13299da3c9d9,28
ERM-INV Fall 2019 - Solutions.pdf,0.3,mathematics,low,False,ERM-INV Fall 2019 - Solutions,SOA,2019,15,,,64fd216340a88414213fd4a8d1dd7d056560f80d08bee87da365889283801a5e,42
ERM-INV Fall 2019.pdf,0.1,unclassified,unclassified,False,ERM-INV Fall 2019,SOA,2019,15,,,d20c9eeefc04fa1e66f5869a11ffc6370c79070c69b48280377dbaa7e0e4e408,20
ERM-INV Fall 2020.pdf,0.1,finance,low,False,ERM-INV Fall 2020,SOA,2020,15,,,b92c584d7d9ba72508190b6d4c0b40a27345ba668acf380266b3633ff3d07136,28
ERM-INV Fall 2021.pdf,0.2,finance,low,False,ERM-INV Fall 2021,Society of Actuaries,2021,15,,,d62cb91fda611d1973ae1eea09f5407437256379844c4a1ff39c6a8e506d32aa,25
ERM-INV Fall 2022.pdf,0.3,finance,low,False,ERM-INV Fall 2022,Society of Actuaries,2022,15,,,0f70b5d4057f1dbc43a04b626d8fac991fbf89cd4bc99b85b5995438ccd92575,23
ERM-INV Spring 2013 - Solutions.pdf,0.3,finance,low,False,ERM-INV Spring 2013 - Solutions,Society of Actuaries,2013,15,,,36a01678fef212eb760afeb4b2e623e1317aebf761b138a3dda57568f3c02519,35
ERM-INV Spring 2013.pdf,0.2,unclassified,unclassified,False,ERM-INV Spring 2013,,2013,5,,,469cd16637af43ebc00be8a5a49c289a80275f1722a469b79e2f2a1216fbdac9,18
ERM-INV Spring 2014.pdf,0.2,unclassified,unclassified,False,ERM-INV Spring 2014,,2014,5,,,2104ff9ff9aaf0917254accfe2b811f0f99a3dbfb54ab19ef4a340af211c1b5a,19
ERM-INV Spring 2015 - Solutions.pdf,0.9,mathematics,low,False,ERM-INV Spring 2015 - Solutions,Society of Actuaries,2015,15,,,36a9185bdfeb9c324b2122ae5d64e98c7f3b8b4ca6f0de24c4b5164a79dcca94,44
ERM-INV Spring 2015.pdf,0.2,unclassified,unclassified,False,ERM-INV Spring 2015,ttatsumi,2015,15,,,e0e831dd592f139081204bba1186e5773576d1aaefe4f3873636c78e06f53af0,24
ERM-INV Spring 2016 - Solutions.pdf,0.8,mathematics,low,False,ERM-INV Spring 2016 - Solutions,SOA,2016,15,,,40ea528083d686ccc12a1c5168e285a5fe12f17d7dcc28cd38e610c4b3110e7e,45
ERM-INV Spring 2017 - Solutions.pdf,0.3,mathematics,low,False,ERM-INV Spring 2017 - Solutions,SOA,2017,15,,,1f005e1727e799c9c5d59d9eb81ac75f950725323b23854d2009bc04581ac597,42
ERM-INV Spring 2018 - Solutions.pdf,0.3,mathematics,low,False,ERM-INV Spring 2018 - Solutions,SOA,2018,15,,,c984559ba82ff93cc9897ffea175bf05561d1e7a9ac61c2aefc85b82c1f91514,42
ERM-INV Spring 2019 - Solutions.pdf,0.3,mathematics,low,False,ERM-INV Spring 2019 - Solutions,SOA,2019,15,,,d7320154bddac27941359ebde3ca731720930f4c178bbc696f5c725f1c45c419,43
ERM-INV Spring 2022 - Solutions.pdf,0.2,mathematics,low,False,ERM-INV Spring 2022 - Solutions,SOA,2022,15,,,4823a23b7a321f8d963855a003ae79e7060af091b8d536c46a1fdf1b10ee98f9,38
ERM-INV Spring 2022.pdf,0.2,finance,low,False,ERM-INV Spring 2022,Society of Actuaries,2022,15,,,6eaace78389dcef0ad45b9b585f0ae57a088df0dcd36cefd38c96737f8085c8a,25
ERM-standard-normal-table.pdf,0.2,unclassified,unclassified,False,ERM-standard-normal-table,,,0,,,33938ef69d6cf2d70f65ac63b42aa1e2b8b2a378e53d8d7ddb8368fa1199deed,3
ERM_QuickStartGuide_Fall2024-V1.pdf,0.1,unclassified,unclassified,False,ERM_QuickStartGuide_Fall2024-V1,,,0,,,567582b81ece389a7a27b07baa0e53d71fd049de331f68c568a263f410e08d8e,3
ERM_Spring2025_Changes.pdf,0.1,unclassified,unclassified,False,ERM_Spring2025_Changes,,,0,,,0003aa3d752f74f4b5f6fc12b048641f3cedc2c4620889252c154ce64e52a209,1
ERM_s2_Anatomy_Debacle.pdf,0.2,unclassified,unclassified,False,ERM_s2_Anatomy_Debacle,,,0,,,5bb513e39c9cbc6efa23f3a8ed9ba040bace0f38e862001d6e006cff31b380d9,2
ERM_s2_Cheif_Skeptical_Officer_article.pdf,0.1,unclassified,unclassified,False,ERM_s2_Cheif_Skeptical_Officer_article,Max J Rudolph,,10,,,764dc56539d78373f4c7bb73a80e93f66a5698ec9195d2ac41938fffb103ecf0,2
ERM_s2_Crouhy_Ch2.pdf,0.3,unclassified,unclassified,False,ERM_s2_Crouhy_Ch2,,,0,,,0ecef5cf53aecaace9a416a820951f6268f8c740fe3ec536828bb1afbe5a27c6,6
ERM_s2_Crouhy_Ch2_2.pdf,0.8,unclassified,unclassified,False,ERM_s2_Crouhy_Ch2_2,,,0,,,8a80fcd527cb3b7bba49fd8c14ac59908dd2eda2a6d64710e056ed170ee034fb,6
ERM_s2_ERM_Briefing.pdf,0.9,unclassified,unclassified,False,ERM_s2_ERM_Briefing,,,0,,,f81b74cd041f4ff7daef2d5ea8dba6dcbbf8834b962b9cd8e35e80ae59f01976,2
ERM_s2_ERM_Economy.pdf,0.1,unclassified,unclassified,False,ERM_s2_ERM_Economy,,,0,,,36add5b8f00be05f624afe781c9a1e44781a087e5afd0f601b6470c1bbfad600,2
ERM_s2_ERM_Perspectives.pdf,0.3,unclassified,unclassified,False,ERM_s2_ERM_Perspectives,,,0,,,8229e31efe9b0b138af2b8c9cab5c9fcdae6191c0fe3f6ce53affb1280ec1c3d,5
ERM_s2_Enron.pdf,0.1,unclassified,unclassified,False,ERM_s2_Enron,SOA,,10,,,cef19a2c9a7b33211b1e10c5dc49fd7433d436bb4056c8668ccd3ed2b5c19909,2
ERM_s2_Evolution_ERM.pdf,0.1,biology_neuroscience,low,False,ERM_s2_Evolution_ERM,,,0,,,39efcbe71b2d87ad82432fc2f2d250cfb08da37f9bcd83965d46dbbc318e1094,5
ERM_s2_From_Pension_RiskMgt_ERM.pdf,0.3,finance,low,False,ERM_s2_From_Pension_RiskMgt_ERM,Sim  Segal; Gilbert  Lacoste; Ken Seng  Tan; Paul  Stanworth; David N Ingram; André  Choquet; Robert A Bear; James E Rech; John J Kollar; Valentina A Isakina; Max J Rudolph; Steven C Siegel; Prakash A Shimpi; Stephen P Lowe; Ronald J Harasym,,10,,,8200d61f4ee8125c861e0ea8d00ee6c5999036373087dbad49b17f1867ad3734,4
ERM_s2_InternalAuditor.pdf,0.6,unclassified,unclassified,False,ERM_s2_InternalAuditor,,,0,,,4389a2e162eb3b28e694377a89c66e1948de1767a4185088848b1056ee448852,7
ERM_s2_Overview_ERM_CAS.pdf,0.3,unclassified,unclassified,False,ERM_s2_Overview_ERM_CAS,miccolj,,10,,,df8d04a9816623575925186356b663cb54a3153e911bfce0a9a1c977a58b21f4,64
ERM_s2_PennCentral_Kmart.pdf,0.2,unclassified,unclassified,False,ERM_s2_PennCentral_Kmart,SOA,,10,,,d8e672b8be796e50ae89dfa2d161b24c4f270c84fd1e8856f9c2f9a3cff68203,6
ERM_s2_SP_ERM_Corporate_Ratings.pdf,0.4,unclassified,unclassified,False,ERM_s2_SP_ERM_Corporate_Ratings,,,0,,,002ea9e4d1301036bc45f5a9b844ce20752cb2378741f1adbae8f8cf611b68bb,7
ERM_s2_SP_Evaluation_Process_Insurers.pdf,0.6,unclassified,unclassified,False,ERM_s2_SP_Evaluation_Process_Insurers,,,0,,,42d5cf9105a0878a6c136d801b4fc2871420523fe238b19149f985c268df09d9,7
ERM_s2_Subprime_Overview.pdf,0.2,unclassified,unclassified,False,ERM_s2_Subprime_Overview,SOA,,10,,,955edec2e708fbdd746972b695848b9017dd0a8fd7311c6d88bbf1ae2cf7a965,4
ERM_s2_Survey_Emerging_Risks.pdf,0.3,finance,low,False,ERM_s2_Survey_Emerging_Risks,,,0,,,ce23a8e350a57777e060934473df61c659d79965b0205677dc4dffcfb3dbd57c,4
ERM_s2_Sweeting_Ch1.pdf,0.4,finance,low,False,ERM_s2_Sweeting_Ch1,Paul Johh Sweeting,,10,,,2c3c8f06a4902e9b9875765538d777ce1a9d696a2d6b1c0932744b7b3617e825,6
ERM_s2_Sweeting_Ch20.pdf,0.8,finance,low,False,ERM_s2_Sweeting_Ch20,Paul John Sweeting,,10,,,8563336134458eb8b009ce93c1fe70ad7e40d988475ee83ea5da82a5a86165dd,12
ERM_s3_Crouhy_Ch15.pdf,0.3,unclassified,unclassified,False,ERM_s3_Crouhy_Ch15,,,0,,,892db41a0ee2ca2ea429eaed82384e4c2d864ee637cd8c8901a9877de8b177ba,6
ERM_s3_Segal_Practical_Modeling.pdf,0.3,mathematics,low,False,ERM_s3_Segal_Practical_Modeling,,,0,,,4b8a69fe494760df1f4e0e03730a5ac9353f36682d631882a7f87665a4409947,5
ERM_s4_AM_Best.pdf,0.9,unclassified,unclassified,False,ERM_s4_AM_Best,,,0,,,bd1ebda601bd2e35d580fd5f10bdf0016d74508d73e5031e98611bb16f2f023d,22
ERM_s4_Basel_III_Summary.pdf,0.1,unclassified,unclassified,False,ERM_s4_Basel_III_Summary,Basel Committee on Banking Supervision,,10,,,165670b03c38f3db3b51238607478ee23d381dfd78784ead4cc8624683b3d0ab,1
ERM_s4_Basel_III_Transitional_Arrangements.pdf,0.1,unclassified,unclassified,False,ERM_s4_Basel_III_Transitional_Arrangements,,,0,,,e0dd9e2bb4237649a2a0c8efe091f78ce3594d0c3f37d942755c338d7f34bee2,1
ERM_s4_NAIC_Solvency_Modernization_Initiative.pdf,0.8,mathematics,low,False,ERM_s4_NAIC_Solvency_Modernization_Initiative,MWeiss,,10,,,77020d3a75a8043a1c773a26bb3b750c65274d68e764757c018e9e0099621e77,76
ERM_s4_Swiss_Solvency_Test.pdf,0.7,unclassified,unclassified,False,ERM_s4_Swiss_Solvency_Test,Keller Philipp Leonard BPV,,10,,,88857a787cf79381cb4f57ca07752ac602965683cf3145b8a42867d78fd37762,43
ERM_s5_Corporate_Reputational_Risk_ERM_Perspectives.pdf,0.2,unclassified,unclassified,False,ERM_s5_Corporate_Reputational_Risk_ERM_Perspectives,SOA,,10,,,f509a05c95c654f665cbe315f3cfca1c39d007abf3c4f16799044d4b8295d4c1,27
ERM_s5_Enron_Arthur Andersen.pdf,0.2,unclassified,unclassified,False,ERM_s5_Enron_Arthur Andersen,,,0,,,a494c7bde98fa1930b3fbf3e72b5e2589aebb535d933ee5da13b2aedc1a3c71e,22
ERM_s5_Operational_Risk_Insurance.pdf,0.2,unclassified,unclassified,False,ERM_s5_Operational_Risk_Insurance,RYANK,,10,,,1fda3ea493f7854fb177fa595b484f312616c46380457bffdbab88728ba127d3,44
ERM_s5_Reputational_Risk_Casestudy.pdf,0.2,unclassified,unclassified,False,ERM_s5_Reputational_Risk_Casestudy,SOA,,10,,,6b8d2e823a4a3a45281db152524e318b28a67f0e5e64fd2732457115ea094736,2
ERM_s5_The_New_Frontier.pdf,0.2,unclassified,unclassified,False,ERM_s5_The_New_Frontier,,,0,,,66fdf66fb3383db263f5f57dcd53544d85127689e8fb8f60b6df92f82b676f02,6
ERM_s6_CEIOPS_Advice.pdf,0.2,unclassified,unclassified,False,ERM_s6_CEIOPS_Advice,schuermanspa,,10,,,0d90105646a788cf0ffa2af86fde62fbf1e8177fecc9d4c1c9da1840e7f743d3,22
ERM_s6_Data_Quality_Verification.pdf,0.1,unclassified,unclassified,False,ERM_s6_Data_Quality_Verification,,,0,,,75544c57cfa558fae57c666fffc56de26e36dda5f5f66d570c70e2299ea82076,3
ERM_s6_UAM_Ch10_Data_Assumptions.pdf,0.1,unclassified,unclassified,False,chapter_10.indd,rodney,,10,,,a66296a09d5381d995ba388e06f271386c50d6411a1888b819e2ca5c4987b2bd,20
ERM_s6_Uses_Misuses_Loss_Data.pdf,0.2,unclassified,unclassified,False,ERM_s6_Uses_Misuses_Loss_Data,Rob Amoroso,,10,,,90e94a1b4dc4e154474f8042b881d53baa63a4413972fafa6046f79e98314d1c,5
ERM_s7_CopulaModels.pdf,0.3,mathematics,low,False,ERM_s7_CopulaModels,Administrator,,10,,,2c48fd610bf4fae78e199f329aa4da98157ddf643bfd1888eb1dd6c392bc1afa,5
ERM_s7_Delphi_Studies.pdf,0.4,unclassified,unclassified,False,ERM_s7_Delphi_Studies,Ben Wolzenski,,10,,,7acb8c99183ca372bdf5353fe685d9632c68640d340e55ca32d58890a525909f,6
ERM_s7_EVT_Example.pdf,0.2,unclassified,unclassified,False,ERM_s7_EVT_Example,,,0,,,4f37ac265f7e1fdeb6a50bea7c927f9f83153f93fc39fb1f0e6c9741f403156d,7
ERM_s7_Emerging_Risk.pdf,0.2,unclassified,unclassified,False,ERM_s7_Emerging_Risk,Locklear,,10,,,3e6c75affcf112fa9d5745a6d426999812ec451170cf39cf3295d7a57710e0b3,38
ERM_s7_Flu_Pandemic_Economic_Values.pdf,0.2,unclassified,unclassified,False,ERM_s7_Flu_Pandemic_Economic_Values,SOA,,10,,,ba81711aea1343f44dd460365da6455fbe76c8beca3e04e5e66bd92997c6e176,52
ERM_s7_Formula_for_Disaster.pdf,0.5,unclassified,unclassified,False,ERM_s7_Formula_for_Disaster,,,0,,,9c510e243aaa6872c169d36cd2ec9c4320d56f99b3b052fc5017cc78cbd02931,7
ERM_s7_Non-Normal_Risk.pdf,0.2,unclassified,unclassified,False,ERM_s7_Non-Normal_Risk,Administrator,,10,,,9e1922d5e070d4cb8aeed6f2bcd4a5b1503da2e01d20300644a1f9edf7955a7f,2
ERM_s7_Predictive_Analytics_ERM_Symposium_2012.pdf,5.6,unclassified,unclassified,False,PowerPoint Presentation,ljb,,15,,,7034d6f3c54de659e9c317c29f06f8be1c797a28438629cc9ea654f00c61a96b,25
ERM_s7_Quantifying_Regulatory_Capital.pdf,0.2,unclassified,unclassified,False,OPRiskWeb.dvi,,,0,,,509f0080b014b777dd8f83d9e4fc3a3b9ef473e56a2632ba157f5de09aa0dbde,17
ERM_s7_Size_Losses.pdf,0.3,unclassified,unclassified,False,ERM_s7_Size_Losses,Administrator,,10,,,0425f3ac02e32aa7b44d3ca182c56f097b7577bfdfcefa406bbce2f91ade997f,5
ERM_s8_Economic_Capital.pdf,0.6,unclassified,unclassified,False,ERM_s8_Economic_Capital,,,0,,,56e780e8fb2ea87e7942a29a71badfb9d250e84b97eae9fdcc70206a19148389,56
ERM_s8_Economic_Capital_LifeIns.pdf,0.3,unclassified,unclassified,False,ERM_s8_Economic_Capital_LifeIns,,,0,,,997eb8af76e6320878af84f36ddea0132ec6c48e8862f49dd5414b0c3791eec9,63
ERM_s8_YourCo_CaseStudy_Intro.pdf,0.2,unclassified,unclassified,False,ERM_s8_YourCo_CaseStudy_Intro,Administrator,,10,,,b46786800198043b7abd3231f1c5d3eb1b802b0a70cbb156fda78f1a9b8fff53,3
ERM_s9_ERM_Competitive_Advantage.pdf,0.5,unclassified,unclassified,False,ERM_s9_ERM_Competitive_Advantage,,,0,,,58da08afb41afd5a3507a4dfc62a0ad190371bf9070c5046002a9291413ec1b3,8
ERM_s9________ERM_Strategic_Planning.pdf,0.6,unclassified,unclassified,False,ERM_s9________ERM_Strategic_Planning,,,0,hash_dup_228,possible_duplicate,1fdb853767c3711bf89520770c2c31b29334b59877d795710cee176dd199a39c,8
ERM_s9_​​​​​​​ERM_Strategic_Planning.pdf,0.6,unclassified,unclassified,False,ERM_s9_​​​​​​​ERM_Strategic_Planning,,,0,hash_dup_228,possible_duplicate,1fdb853767c3711bf89520770c2c31b29334b59877d795710cee176dd199a39c,8
E_Summary.pdf,0.1,unclassified,unclassified,False,E_Summary,,,0,,,c4e76a16901db776adb4d91dc238f4340684dabc23025c99d5a53580a176cdba,1
"Ecological Complexity Volume issue 2018 [doi 10.1016%2Fj.ecocom.2018.07.008] Lee, Ju-Sung; Filatova, Tatiana -- Dimension reduction of multivariate outputs of socio-environmental agent-based models.pdf",0.8,mathematics,high,False,Dimension reduction of multivariate outputs of socio-environmental agent-based models,Ju-Sung Lee,2018,45,,,fed8847c974ca4b46d8eb3a6f03447f377d4803de394620ce514c9fed0b7cd2e,13
Empire Safety Council.pdf,0.1,unclassified,unclassified,False,Empire Safety Council,,,0,,,00d32451ea322d71d2cc4afeccf58b91493a9b6abc2bb0147ee533d25082e47c,2
Eps-Tiff-Conversion.pdf,0.1,unclassified,unclassified,False,Eps-Tiff-Conversion,,,0,,,36acded9602d482deaf5e7fb8cbcde31ac705cfaa38d79bff72af74190aa2c68,5
Equilibrium_statistics_and_dynamics_of_point_vorte.txt.pdf,0.6,unclassified,unclassified,False,Equilibrium_statistics_and_dynamics_of_point_vorte.txt,,,0,,,c9be3f57614bdd82c38794072d197f89a8d4a6b3de113b1f169e79da2a988394,4
Ergodic Theory and Dynamical Systems Volume 27 issue 03 2007 doi 1010172FS0143385706000897 BROER HENK CUSHMAN RICHARD FASSÒ FRANCESCO TAKENS FLORIS -- Geometry of KAM tori for nearly integr.pdf,0.4,dynamical_systems,high,False,Geometry of KAM tori for nearly integrable Hamiltonian systems,HENK BROER; RICHARD CUSHMAN; FRANCESCO FASS&Ograve; FLORIS TAKENS,2007,15,,,212f9a2280902e3914c8308d4057baf4fd4030a2a779364189543bd0a3c7ada7,18
Ergodic Theory and Dynamical Systems Volume 27 issue 06 2007 doi 1010172FS0143385707000284 ROBERTS GARETH E -- Linear stability analysis of the figure-eight orbit in the three-body problem.pdf,0.4,dynamical_systems,high,False,Linear stability analysis of the figure-eight orbit in the three-body problem,GARETH E. ROBERTS,2007,15,,,93b35c7cd67542f6f6607dd48d53a747d524d4c187bbc70d92275e3fbf55a497,18
Eulers_Equation.pdf,0.1,unclassified,unclassified,False,Eulers_Equation,,,0,,,ac148dbdd956dcad2363b1da35b03335664d89e40258a13603d89ef6fbdd6e70,10
Eur J Phys 2000 Acheson.pdf,0.1,unclassified,unclassified,False,D:DTFEJ0310.DVI,,2000,5,,,6a0a7f5316bcc1a8940a19219809f28c86c5c7906d4452a5a651d552660e6b86,5
Eur. J. Phys. 2015 Lara.pdf,0.4,unclassified,unclassified,False,Eur. J. Phys. 2015 Lara,,2015,5,,,b123b519cc78d2f5a513a31db03c16c35a6c02ee0f19a525d8b3cf493cfcf60d,10
European Journal of Mechanics - A_Solids Volume 28 issue 4 2009 doi 1010162Fjeuromechsol200812007 Yong-Chen Pei -- Stability boundaries of a spinning rotor with parametrically excited gyroscop.pdf,0.3,unclassified,unclassified,False,Stability boundaries of a spinning rotor with parametrically excited gyroscopic system,Yong-Chen Pei,2009,30,,,7f1e6f9bdc246142878c6c977c8319555bff7e946e9fd6b0aa1e48770ce7664a,6
Evans PDE Solution Chapter 5 Sobolev 1.pdf,0.3,analysis,low,False,Evans PDE Solution Chapter 5 Sobolev 1,,,15,,,1b9530ff1d1bb0ea217f5379ae149f69c4d78aef8f785545ac0f508d5e7d2a6c,9
Evans PDE Solution Chapter 5 Sobolev.pdf,0.3,analysis,low,False,Evans PDE Solution Chapter 5 Sobolev,,,15,,,d82fcc9a1e7cdd6d987c67d73adc4344d202b756274d869e54b5b998ae90c7f2,9
Evans PDE Solution Chapter 6 Second-Order Elliptic Equations.pdf,0.2,mathematics,low,False,Evans PDE Solution Chapter 6 Second-Order Elliptic Equations,,,15,,,e7ede300f3d6f88a3e919d012460ca4c6d4fe2e4fc9dad50abe9ff93b212af88,9
Exam7_Content_Outline.pdf,0.2,unclassified,unclassified,False,Exam7_Content_Outline,Robin Gault-Winton,,10,,,fd68ac54f9e9976dd3b4217b1e437351f9f502763830bfdd8fa950c9a82f24e4,6
Exam9_Content_Outline.pdf,0.2,unclassified,unclassified,False,Exam9_Content_Outline,Robin Gault-Winton,,10,,,3749079b929f6e9f58a2598da6931a5802138aa06aaf09dad9cd939a99c1184e,8
Exam_5_Content_Outline.pdf,0.1,unclassified,unclassified,False,Exam_5_Content_Outline,Robin Gault-Winton,,10,,,c20344d95192bca64ede5857da900c6ec01ceaec502f41344d313588e45ee990,6
Exam_6U_Content_Outline.pdf,0.2,unclassified,unclassified,False,Exam_6U_Content_Outline,Robin Gault-Winton,,10,,,4c874c25337e658a4f792e71154c1847150981af75fa4d05bd6f869bb0d30b12,12
Exam_8_CO.pdf,0.2,unclassified,unclassified,False,Exam_8_CO,Robin Gault-Winton,,10,,,5fa1f4f9f0a186c1aa8f21f2779b1f9e364aac85bfb03a3374517ec92283b1a2,6
Examples_of_Lie_and_Balinsky-Novikov_algebras_rela.pdf,0.4,algebra,low,False,Examples_of_Lie_and_Balinsky-Novikov_algebras_rela,,,0,,,be69dbc21aa0a4cb76af4157fdd046bd792aa038735941168c0386e6a49a9640,10
Exercise2_solutions.pdf,0.1,fitness,low,False,Exercise2_solutions,,,0,,,cbfd2729ba07f797b61196c4e1d883339d3e917c090ff34efd5269c9fcc348c4,5
Existence_and_stability_of_periodic_solutions_in_t.pdf,0.2,unclassified,unclassified,False,Existence_and_stability_of_periodic_solutions_in_t,,,0,,,9e310516e48e65f15b3dc8b315e0ce4e276d1fa492dc91b5c5abe2cb9f5382ac,15
Extension-Policy-2023.pdf,0.1,unclassified,unclassified,False,Extension-Policy-2023,Microsoft Office User,2023,15,,,9d4b65e245845dfcdd374d33b697aad8a03c9bd72ddc9a215d7475de885a9775,2
FAM+Concept+Checkers.pdf,0.5,unclassified,unclassified,False,FAM+Concept+Checkers,,,0,,,dbdf940ad712d1a0635d7754bc9324fb9e4b4fbf24f90923b11b09653d82ba2f,38
FAML_FS.pdf,0.9,unclassified,unclassified,False,FAML_FS,,,0,,,9c8244626814ed323560d10256c310157960d175b939c9fdc7477c5b8673b778,13
FAMS_FS.pdf,0.9,unclassified,unclassified,False,FAMS_FS,,,20,,,3a513c2eab65a5e7c5cef35e2ffd1b82f147d81d64a29f2f2608e2c8afc41acc,10
FASCORE_OS.pdf,0.7,unclassified,unclassified,False,FASCORE_OS,,,0,,,fe11338fbf7777ea5d233770719a1a5ce9f36a949913036d922d602e31e8af5f,9
FH10099_redline.pdf,0.2,unclassified,unclassified,False,FH10099_redline,,,0,,,eb98077485affdeee4170fd68e7702f14eeef3e0252663d8fd84b1d88bac567e,22
FSA_ERM_Assignment_PDF.pdf,0.2,unclassified,unclassified,False,FSA_ERM_Assignment_PDF,Society of Actuaries,,0,hash_dup_235,possible_duplicate,7374e117cd38b3780423e8b67b063f067f6fac8b723df5cc37f401ff5f09bcfb,7
F_Casas_2001_J._Phys._A%3A_Math._Gen._34_305-2.pdf.pdf,0.2,unclassified,unclassified,False,F_Casas_2001_J._Phys._A%3A_Math._Gen._34_305-2.pdf,IOP Publishing #4 1068 2000 Jul 12 14:56:10,,10,,,3bd92c31529f5dca909dd91065a311b432eca664387db9d027dd60eac7c46eaa,11
F_Summary.pdf,0.1,unclassified,unclassified,False,F_Summary,,,0,,,039098ab02efe2d5712b8d824a166d2872cb2f4bda4758f5a2462139c6dd995c,2
Fall 2016 ERM Case Study.pdf,2.0,unclassified,unclassified,False,Fall 2016 ERM Case Study,Society of Actuaries,2016,15,,,20a8177be6744b22c40f52de091b034c4a8ddea49258cd9d548c0c8023f0cd1c,136
Fall 2021 ERM Case Study.pdf,2.0,unclassified,unclassified,False,Fall 2021 ERM Case Study,Society of Actuaries,2021,15,,,65301a81d9b126f063c6cbfe127e6a964ace9874fb9cf3b6f16f8d16bf243111,216
Fig9.pdf,0.3,unclassified,unclassified,False,Fig9,,,0,,,ab86524273d8361542936c8be4b458a9e1287d57e0a5ef65017b90ffcd738b79,1
Figure_4.pdf,0.7,unclassified,unclassified,False,Figure_4.png,,,0,,,9d2cfddd3564b88ec0dc8f696f4fd42ccaa08666bccbbe052d9174bb00acca59,1
Figure_5a 2.pdf,0.1,unclassified,unclassified,False,Figure_5a 2,,,0,,,e1c03f57a9f54e88467058fad6ac650acfb1a37f1d019fcbfba275090ca904da,1
Figure_5b 2.pdf,0.3,unclassified,unclassified,False,Figure_5b 2,,,0,,,b560eba1d9372b822f8e45f479044dc3110875911fd9034123c05befa7eabe0d,1
Final Exam.pdf,0.5,unclassified,unclassified,False,Final Exam,Choi Jun Young,,10,,,7c787f38bfed70b5ff7f5a78fdad1b983941632a0ad84c76aebb7280240b1960,25
First Course in Probability 7E - Ross.pdf,1.0,unclassified,unclassified,False,First Course in Probability 7E - Ross,,,0,,,16c168c6b80a088d87d069c7c5e50e1500b691d40ee8e798a8c942d7c1f1ce11,146
FirstAuto.pdf,0.1,unclassified,unclassified,False,FirstAuto.dvi,,,0,,,433f1349cccb24bfe54af78dbf159c7df5309b7263f20e1d59752b53d36f48d8,11
FirstEqn1.pdf,0.1,unclassified,unclassified,False,FirstEqn1.dvi,,,0,,,09425999a4237f76e56755e94a0a7bcc79f4322ebb47585d719f481c64d7436c,14
Floquet_Leap_Frog.pdf,0.1,unclassified,unclassified,False,Floquet_Leap_Frog,,,0,,,cf6779c3df378f8116dc12725bf0067421bc7d997717b1a87eb51a2e6009c675,3
Floquet_Time_Reversal.pdf,0.1,unclassified,unclassified,False,Floquet_Time_Reversal,,,0,,,77287354eb0da632617382fbfcdbd39fa8d20527a420904e4aad24454faf7db3,2
Floquet_instability_of_a_gravity_modulated_Rayleig.pdf,0.5,unclassified,unclassified,False,Floquet_instability_of_a_gravity_modulated_Rayleig,S. Saravanan; A. Purusothaman,,25,,,e77276a6f978c0a0f9d995f4b3759f973cba5793510221b4e5de94b630dadf42,7
FloquettheoryWard.pdf,0.3,unclassified,unclassified,False,FloquettheoryWard,,,0,,,1e547e7b166bdd5a9b0c5d02cd810b6949915acef4aad93cb63bafb09c9b7eac,40
Forward-Mode_Automatic_Differentiation_in_Julia.pdf,0.1,mathematics,low,False,Forward-Mode_Automatic_Differentiation_in_Julia,,,0,,,f70ba859bf6508c30e46b916abc9914ef6f954b77d138f054374585e79631ea2,5
FourVotexDimer.pdf,0.1,unclassified,unclassified,False,FourVotexDimer,,,0,,,8d51c683e56857c05de2982348b877e4f6b9ea81b530ff7fe35f23ecb7ee4fa7,5
Framing_an_ML_Problem_Discussion_PDF.pdf,0.1,unclassified,unclassified,False,Framing_an_ML_Problem_Discussion_PDF,,,0,,,b8a2d895641720fe71c8352008740b78d40b7c91145076e1ec3c9ca352be5433,2
Framing_an_ML_Problem_Discussion_Prompt.pdf,0.2,unclassified,unclassified,False,Framing_an_ML_Problem_Discussion_Prompt,,,0,,,f355d95bc2f4560901ae2c18466dbe9cd4e5e8da9fadf1a4c34e18d6f4ea4094,3
Frederic Delavier Michael Gundill-Strength Training Anatomy Workout The-Human Kinetics 2011.pdf.pdf,32.9,fitness,low,False,Frederic Delavier Michael Gundill-Strength Training Anatomy Workout The-Human Kinetics 2011.pdf,,2011,20,,,ccb7530dafe68a870c0130367ae49e609475963ea2c4b9ff249a0a9592c1eb7d,256
Frederic Delavier-Strength Training Anatomy - 2nd Edition-Human Kinetics 2005.pdf.pdf,21.9,fitness,low,False,Strenght Training Anatomy 2nd edition,,2005,30,hash_dup_242,possible_duplicate,c3e9b461e8461b004c64a8ef3c37ed8705a05c0ed74ff565f82cce0074a97d34,151
Frontiers of Mathematics in China Volume 5 issue 2 2010 doi 1010072Fs11464-010-0008-6 Gaosheng Zhu Yiming Long -- Linear stability of some symplectic matrices.pdf,0.1,topology_geometry,low,False,Frontiers of Mathematics in China Volume 5 issue 2 2010 doi 1010072Fs11464-010-0008-6 Gaosheng Zhu Yiming Long -- Linear stability of some symplectic matrices,,2010,5,,,951d91474e975e2bd801937d24d802710ffa0e0108939907ce4cbef873eed00f,8
Function Psaces and Potential Theory-Herdberg Adams.pdf,0.2,unclassified,unclassified,False,Function Psaces and Potential Theory-Herdberg Adams,AGI,,30,,,ba6a529bad8d707d6bdd81441caf3238c575f2c99ed09bd4d81baae56f506c13,4
FunctionalAnalysis1.pdf,0.1,unclassified,unclassified,False,FunctionalAnalysis1,,,0,,,c0afa9ad00fed06c83c741d68779f2616d4b583ab53432bcea1ecdbfd099e96a,4
FunctionalAnalysis2.pdf,0.1,unclassified,unclassified,False,FunctionalAnalysis2,,,0,,,4173c2cefc2a000af963f181b71445a13867934769da4676f02bd6a709734952,7
FunctionalAnalysis3.pdf,0.1,unclassified,unclassified,False,FunctionalAnalysis3,,,0,,,ac2b444f5563b33df1690a4d7bc03d6c0f1573232535a89cd0c3ca34c6088bfc,8
FunctionalAnalysis4.pdf,0.1,unclassified,unclassified,False,FunctionalAnalysis4,,,0,,,346a3d172391193746228dada2acd65dd2e2969323a056ef4bf5ff6d85281fe3,7
Fundamentals of Reinforcement Learning_Learning Objectives.pdf,0.1,reinforcement_learning,low,False,Fundamentals of Reinforcement Learning_Learning Objectives,,,0,,,fd115af1edfb4bac91b98eeb999cb22a266aa2d5e2c9bad340c27b57c4471525,3
GARP - 2022 FRM Exam Part 2 - Credit Risk Measurement (2022) 2.pdf,72.6,finance,low,False,2022 FRM Exam Part 2,GARP,2022,40,hash_dup_244,possible_duplicate,e9046ea2ac7d5a88bc3995bd73a11cb903660db4f78cca3c9794482b6edd59a1,461
GARP - 2022 FRM Exam Part 2 - Credit Risk Measurement (2022).pdf,72.6,finance,low,False,2022 FRM Exam Part 2,GARP,2022,20,hash_dup_244,possible_duplicate,e9046ea2ac7d5a88bc3995bd73a11cb903660db4f78cca3c9794482b6edd59a1,461
GARP - 2022 FRM Exam Part 2 - Credit Risk Measurement 2022 2.pdf,72.6,finance,low,False,2022 FRM Exam Part II - Book 2,GARP,2022,20,hash_dup_244,possible_duplicate,e9046ea2ac7d5a88bc3995bd73a11cb903660db4f78cca3c9794482b6edd59a1,461
GARP - 2022 FRM Exam Part 2 - Market Risk Measurement and Management 1 2022 2.pdf,32.9,unclassified,unclassified,False,2022 FRM Exam Part II - Book 1,GARP,2022,10,hash_dup_245,possible_duplicate,41ca05dfb6f399da0847fd44a0c995ccb56c92014b41e8a6a95dde887904e851,227
GARP - 2022 FRM Exam Part 2 - Market Risk Measurement and Management. 1 (2022) 2.pdf,32.9,unclassified,unclassified,False,2022 FRM Exam Part II - Book 1,GARP,2022,30,hash_dup_245,possible_duplicate,41ca05dfb6f399da0847fd44a0c995ccb56c92014b41e8a6a95dde887904e851,227
GARP - 2022 FRM Exam Part 2 - Market Risk Measurement and Management. 1 (2022).pdf,32.9,unclassified,unclassified,False,2022 FRM Exam Part II - Book 1,GARP,2022,10,hash_dup_245,possible_duplicate,41ca05dfb6f399da0847fd44a0c995ccb56c92014b41e8a6a95dde887904e851,227
GAU_to_print.pdf,1.8,unclassified,unclassified,False,GAU_to_print,,,0,,,50fb522a2824885d025c0393f6bfee4a79eda6b324fe61c6d48540438809e496,44
GC1GAZoeRFCtRgGaHlRQ2w_87b4a35f6c5b461ab7a8c904c68927c3_file-quiz-answers_en.pdf,0.3,unclassified,unclassified,False,GC1GAZoeRFCtRgGaHlRQ2w_87b4a35f6c5b461ab7a8c904c68927c3_file-quiz-answers_en,,,0,,,fd98516591c9671f928f444908d5119edb7c5cec1c9794cf362a32c7e76a9c60,22
GRE Scores.pdf,0.1,unclassified,unclassified,False,GRE Scores,,,0,,,b2ac6cbd7f9869c554f6acc7b600370333b936604bc840b5c964e1d732fa62df,2
GRE-math-subject-test-68-solutions.pdf,1.0,unclassified,unclassified,False,GRE-math-subject-test-68-solutions,,,0,,,82db74aa21080c4dafee841d8035e91fe5f173ed948769f6e0a97288b40b4cf0,50
GRE2.pdf,0.9,unclassified,unclassified,False,GRE2,,,0,,,3a44b6ad062479eb9f7093b590d46b89a9283c1315f6d26c44020c8898e0ada7,31
GRE3.pdf,0.8,unclassified,unclassified,False,GRE3,,,0,,,25236987742e3ba5bc24a676022e82093f90fcacb303152b8cdbd8a6f71b2344,28
Gandhi2020_Article_MasksDoMoreThanProtectOthersDu.pdf,0.6,unclassified,unclassified,False,Gandhi2020_Article_MasksDoMoreThanProtectOthersDu,Monica Gandhi,,10,,,77dd642b7792109e520104e299c8954f94e050379cee93bf7d1a689a3f8dc0a7,4
GarageGymWarrior.docx.pdf.pdf,0.1,unclassified,unclassified,False,GarageGymWarrior.docx.pdf,,,0,,,ceb883ebc087a09f486cdd21902b4c528146c3fb092f2a647639b468f2a6d3d0,14
GeL_Ler_Nonlin.pdf,0.1,unclassified,unclassified,False,GeL_Ler_Nonlin,IOP Publishing #4 1068 2000 Jul 12 14:56:10,,10,,,0698ba5fe603e8dfcb38bcbf017b0857c2cd2914deeb9ab8c46ccffd5216076e,11
Generating Bootsraps.pdf,0.6,unclassified,unclassified,False,Generating Bootsraps,,,0,,,1edf8aedd2b1179d598529188578497e5d524c4174aa969deac93b9c3cd336b0,30
Generating random numbers using the np.random module _ Python.pdf,1.0,unclassified,unclassified,False,ch3_slides.key,,,0,,,f5d130b3dd8c667409d9a4b7e8c0a8930bb1af7ecf2f7871fd038a0a0c48b6e0,40
Gerson J Ferreira-Introduction to Computational Physics with examples in Julia programming language-self-published 2016.pdf,0.9,software_engineering,low,False,Computational Physics,Gerson J. Ferreira,2016,30,,,b613f47b21b5e13a3c588abccc6d479225f598f0341cf153622c2e814f207447,99
Gmail - Appointment Confirmation.pdf,0.1,unclassified,unclassified,False,Gmail - Appointment Confirmation,Brandon Behring,,10,,,a0782f06155315bca02b260e2a9b2c274733df3e71936ac0dfc7c814cda12fdd,2
Gmail - Mini-Mounties Placement @ Nishuane Notification.pdf,0.1,unclassified,unclassified,False,Gmail - Mini-Mounties Placement @ Nishuane Notification,Brandon Behring,,10,,,2185333615798233746fbdadd617d54a74c29269771b369fa839660f67e2805c,1
GoldsteinHerbertClassicalMechanicssolutionmBookZZorg.pdf,0.5,deep_learning,low,False,GoldsteinHerbertClassicalMechanicssolutionmBookZZorg,,,15,,,9ccc78ebf3f95423178c22631ee912ead3a89fc099c7ea5be48c9a065e1be683,70
Graded Quiz_ Final Quiz _ Coursera_1.pdf,0.1,unclassified,unclassified,False,Graded Quiz: Final Quiz : Coursera_1,,,0,,,fd35a11340bfd90f7ee3767e7b0f2793f4ce77f1c3aa71a52f27bd16bc9a1c8d,1
Griffiths_CEM_Lancet_2015.pdf,0.4,mathematics,low,False,Griffiths_CEM_Lancet_2015,Prof Christopher E M Griffiths MD,,40,,,561ad1f1d5d0d52d67ba2a9569c8eb7d265b81a4e460ec54ad008c1e61a9b3a1,11
Grobli_Translation.pdf,0.1,unclassified,unclassified,False,Grobli_Translation,,,0,,,94ae329ca1423e6d9ebbb48d3cef01d559676739ea11638d1750c7e97c735e1f,9
Guide into OpenMP.pdf,0.6,unclassified,unclassified,False,Guide into OpenMP,Liangliang Nan,,10,,,dd437b89f06c90485bbad1613d26cb9cf414ffe09856f046002d289be69f83aa,33
Guidelines.pdf,0.1,unclassified,unclassified,False,Guidelines,matthieu nadini,,10,,,23fdd37f27ba3c65577099be948a5cd454d84cae4ff7f79c3dcf3b729fef4312,5
HW2a.pdf.pdf,0.3,unclassified,unclassified,False,HW2a.pdf,,,0,,,93b681120973992408e02f5303105323b66cace9655c30e8bc33372160fc2fb9,1
HW3.pdf,0.1,unclassified,unclassified,False,HW3,,,0,,,2ece6d60e8c060143bcb16145df0b8e4193c49ed06eab922f22e4655aa518a2a,2
HW3_solutions.pdf,0.2,unclassified,unclassified,False,HW3_solutions,,,0,,,661527955f327f52375f302bfdc8b4489908f9124f435dcb2090d6bb1f4be66e,6
HW4 2.pdf,0.9,unclassified,unclassified,False,HW4 2,,,0,,,6d87f81b19ab92abab24b2bf4f24f061c4f53dda0d4a8b66ab303412730c2381,6
HW4_Pocci_ME_GY_6003.pdf,0.2,unclassified,unclassified,False,HW4_Pocci_ME_GY_6003,,,0,,,5a95cda4fc8a8216a617aa89217ade152307ca75a93a72a24503bcac0cf1039b,10
HW4_Solutions.pdf,0.1,unclassified,unclassified,False,HW4_Solutions,,,0,,,02f0f5e9b24582a349cbd63aab74acb366b3377710b099b8843f54eee6417bd9,5
HW5.pdf,0.6,unclassified,unclassified,False,HW5,,,0,,,3b1d5f6155857e2051c2f220003416c4464c49ef32a1ff055af06ffe61274866,4
HW5_2.pdf,0.1,unclassified,unclassified,False,HW5_2,,,0,,,2fab7e68b512205e5b30fa67c708ee56960383801bae116e9c01d6feb7b52cce,2
HW5_Solutions - Grading.pdf,0.2,unclassified,unclassified,False,HW5_Solutions - Grading,,,0,,,5ee971ec870e3cd2f6996a06f705a295d9c931b18d93ad753b638c8147dab503,12
HW5_Solutions.pdf,0.2,unclassified,unclassified,False,HW5_Solutions,,,0,,,12a0135d8a2e1d72de2e2501ea09fc9128f133aee0f824d693897ac002a46f0b,11
HW7-solutions-1.pdf,0.1,unclassified,unclassified,False,HW7-solutions-1,,,0,,,5f5bec2403aaf25d3972f22d9e82b6050a4e5cc95f59c9729574b02e0e663769,6
HW7.pdf,0.5,unclassified,unclassified,False,HW7,,,0,,,795390576d2f9735f6d892d98598af1e740a894444ce6b75764f5402e6f84ef6,3
HW_4.pdf,0.1,unclassified,unclassified,False,"ME-GY 6003 HW #4  Due Friday, October 30th at 5pm",Joseph Peltroche,,10,,,59f5de0c6d26f081a7c806e3fad5ea80fd152ce3504ff7b2661b301f70e2bfb7,8
HW_5.pdf,61.9,unclassified,unclassified,False,"ME-GY 6003 HW #5  Due Monday, November 30th at 5pm",Joseph Peltroche,,30,,,9825ff0268b9f9fa8a2c16bb58b34c4784d07f151da24dcdc916dc9158d639e3,22
HW_5_Pocci_ME_GY_6003 (1).pdf,16.6,unclassified,unclassified,False,HW_5_Pocci_ME_GY_6003 (1),,,10,,,fee9e3fe969c40df63a5a9fe72548a482bce5b4615573eb3cdbbff3d52cd3770,19
HamiltonReductionBorisov.pdf,0.1,unclassified,unclassified,False,HamiltonReductionBorisov,,,15,,,b4d3dfd986842ddfe335b2e4c7e97be1e267d9238a958719b3f57d3eea652438,4
Hamiltonian bifurcations in Schrodinger trimers.pdf,0.8,dynamical_systems,medium,False,Hamiltonian bifurcations in Schrodinger trimers,,,15,,,ff77b03ea4235aa5105630b08f97641563c8d86d0592387e59a8c6c3113e7737,81
Han2010_Article_InvariantToriInHamiltonianSyst.pdf,0.3,dynamical_systems,low,False,Han2010_Article_InvariantToriInHamiltonianSyst,,,15,,,b7ef15d015a5bf6b8cfb77d6d4c31d854e3491831150bbf46ed04b0ccc174e8e,18
Haruo Yoshida auth John Seimenis eds Hamiltonian Mechanics Integrability and Chaotic Behavior.pdf.pdf,17.7,dynamical_systems,low,False,Haruo Yoshida auth John Seimenis eds Hamiltonian Mechanics Integrability and Chaotic Behavior.pdf,,,30,,,669b70c48bab9c5ee1d436ec56c890f4bca9bd57898881adae46e5e1aac22549,417
HenonHeilesAveraging.pdf,0.3,dynamical_systems,low,False,HenonHeilesAveraging,J Llibre; L Jim19 enez-Lara,,10,,,24256799e7ebe3dc5d34fa4cf59c059a5f60759ef4476f3db30987cbbbb6fd14,15
HenriquesLab_bioRxiv_Brandon_Tatyana (1).pdf,0.2,unclassified,unclassified,False,HenriquesLab_bioRxiv_Brandon_Tatyana (1),,,0,,,06b462d6aed0fad719e3e2899fbf2307681f23744d289020646cf149cfc8b3a4,9
High_order_normal_form_construction_near_the_elliptic_orbit_of_the_Sitnikov_problem 1.pdf,0.5,dynamical_systems,low,False,High_order_normal_form_construction_near_the_elliptic_orbit_of_the_Sitnikov_problem 1,,,0,,,66feb23f625004ff284ce101ff42f62af845b610dcf87341aa7adf1c031b02e5,17
High_order_normal_form_construction_near_the_elliptic_orbit_of_the_Sitnikov_problem 2.pdf,0.5,dynamical_systems,low,False,High_order_normal_form_construction_near_the_elliptic_orbit_of_the_Sitnikov_problem 2,,,0,,,e31e1bc3981cf3e7ab15e401358a29367ed7dd25e151eb6a08dee56e420a02a2,17
High_order_normal_form_construction_near_the_elliptic_orbit_of_the_Sitnikov_problem.pdf,0.5,dynamical_systems,low,False,High_order_normal_form_construction_near_the_elliptic_orbit_of_the_Sitnikov_problem,,,0,,,edaaf01ce47d05e6d68c3d858576b89b6767a61ce96af66ea8e15f2a7f189ab6,17
Highlighted_COVID_ABM_Supplementary.pdf,0.3,unclassified,unclassified,False,Highlighted_COVID_ABM_Supplementary,,,0,,,be7d115307a02f19b78c64fe1333c573215ade9d9846ccc06e2f2ae7f0ae76a1,18
Highlighted_COVID_ABM_Supplementary_BB.pdf,0.3,unclassified,unclassified,False,Highlighted_COVID_ABM_Supplementary_BB,,,0,,,22b9323439c72136f97a2ea0cef17f325bed7e56e2a9527e9e53dacb6277a2ef,18
Highlighted_COVID_ABM_Supplementary_BB1.pdf,0.3,unclassified,unclassified,False,Highlighted_COVID_ABM_Supplementary_BB1,,,0,,,a81543510cf877fd74b56a84dcbb407d926ecb4f8e14d2305968792c3a24c21f,18
Highlighted_COVID_ABM_Supplementary_BB2.pdf,0.3,unclassified,unclassified,False,Highlighted_COVID_ABM_Supplementary_BB2,,,0,,,1e1540ca7b163e0c3c5ccbdc05870072b25c3bcd701ec3295fcae3f59843f580,18
Highlighted_COVID_ABM_Supplementary_BB_3.pdf,0.3,unclassified,unclassified,False,Highlighted_COVID_ABM_Supplementary_BB_3,,,0,,,e826bac1664e3f4e02fc7a7920fcb6bdac926ef5bef4a179727ad8ce03885c3e,18
Hills_equation_systems_and_infinite_determinants.pdf,0.6,unclassified,unclassified,False,Hills_equation_systems_and_infinite_determinants,Robert Denk,,10,,,cb018085b7a4acb6b01a9ce6a18464e2dbb360d56a48dc36494804f96cf4bcc5,14
Homeowner-Brochure.pdf,11.2,unclassified,unclassified,False,Homeowner-Brochure,,,10,,,56a189c6b618750d39f7880acca6cf95bcb10de539dc912bd0f3146677907582,4
Homework Solutions Fall 2017docx.pdf,1.4,unclassified,unclassified,False,Homework Solutions Fall 2017docx,,,0,,,a282b84486d8bd5e8c1fa2ec82df612c120f0910ce174a1276c6551fca2874aa,61
Homoclinic.pdf,0.8,unclassified,unclassified,False,Homoclinic,,,0,,,68205a4f2b99ebf74c8be0df0d823efc0ce5d63214d73457ad721ee640716486,21
HospitalizationsAll60.pdf,0.7,unclassified,unclassified,False,HospitalizationsAll60,,,0,,,b3cfe05cf9b9236a7ee3411fb3871f4797b979e680e29d9bcfbdb6b1b4b2dae4,1
HouseholdProp 2.pdf,0.8,unclassified,unclassified,False,HouseholdProp 2,,,0,,,d3488e419ed89ee63ab515def988218936848a37f860d335953bb142c310ecba,1
How chaotic is chaos How some AI for Science - SciML papers are overstating acc.pdf,0.5,dynamical_systems,low,False,How chaotic is chaos How some AI for Science - SciML papers are overstating acc,,,0,,,16e8102444452f5f17414f66b2373310a95014dd9f1420b17c8f339543160f98,14
HspICUInt 2.pdf,0.1,unclassified,unclassified,False,HspICUInt 2,,,0,,,fa05e6fe82cd55bbb458db94caeb2d34c0e80903ac875134742e7f850391fb2f,1
Hu_Final.pdf,0.3,unclassified,unclassified,False,Hu_Final,,,0,,,0139ad412a4212c512733e046a434f34f6affeea7aa7cad34ffc749c02f17e8a,42
HullOFOD11eSolutionsCh01.pdf,0.3,unclassified,unclassified,False,HullOFOD11eSolutionsCh01,Administrator,,10,,,4cb9662fdfb29b84c6161aa4dde2ed00b40fc3014aa2356d9dcf740a359cbdb0,9
ICUAll 2.pdf,0.8,unclassified,unclassified,False,ICUAll 2,,,0,,,3c136f9016dad46106f39769129779f7d5ef3e7fe53ee78c5efdfd0068c449d5,1
ICUAll60.pdf,0.8,unclassified,unclassified,False,ICUAll60,,,0,,,bc76122c8a499837b6bf352d5f85f2ca50faf61ed314606fc14f0b1b34c20803,1
ID Cards _ UnitedHealthcare.pdf,0.2,unclassified,unclassified,False,ID Cards : UnitedHealthcare,,,0,,,21ce02873296fcd82cbc196107fa2f3b2e8d99311798cdf2dc7fdcd8cf328a3b,1
IHME_COVID_19_Data_Release_Information_Sheet.pdf,0.2,unclassified,unclassified,False,IHME_COVID_19_Data_Release_Information_Sheet,Brent Bell,,10,,,3d6ae459c6ff620ad728bfa7a21d2ef6a6fc13b918fc57eb33c5cf4f633f1ef9,6
IJBC_2010_P3345.pdf,0.1,unclassified,unclassified,False,IJBC_2010_P3345,,,0,,,4f3211677f0600970836587de5175da509766e420f5e7a2e3f454687b0e1ae10,5
ILA-201-U_DSM_Intro_F2025_v1.pdf,0.2,unclassified,unclassified,False,ILA-201-U_DSM_Intro_F2025_v1,,,0,,,587f49c34bc6f377cbc8f7edae66d22b904981ce43646ba918c5f529f14e9b21,5
ILA-201-U_DSM_SecA_F2025_v2 1.pdf,0.7,unclassified,unclassified,False,ILA-201-U_DSM_SecA_F2025_v2 1,,,0,hash_dup_253,possible_duplicate,96a65562ae4a17879ddbcbafd6e393a525de83bdd4cff1d5ba3a3e22390da3fc,152
ILA-201-U_DSM_SecA_F2025_v2.pdf,0.7,unclassified,unclassified,False,ILA-201-U_DSM_SecA_F2025_v2,,,0,hash_dup_253,possible_duplicate,96a65562ae4a17879ddbcbafd6e393a525de83bdd4cff1d5ba3a3e22390da3fc,152
ILA-201-U_DSM_SecD_F2025_v1.pdf,0.5,unclassified,unclassified,False,ILA-201-U_DSM_SecD_F2025_v1,,,0,,,4083054bbe9d0a5c7fd54fa24602847a5e8bad6e003c56cb434216c73833f83e,87
ILA201-Study-Guide-Sample-F2025.pdf,0.5,unclassified,unclassified,False,ILA201-Study-Guide-Sample-F2025,Eddie Smith,,10,,,0791c1c133deed14f46d65f846dfb3deda5332f8d853dbc67712e9c7a21428d3,17
ILA_S3-04_Modernization_Ins_Solvency_Reg.pdf,0.6,mathematics,low,False,ILA_S3-04_Modernization_Ins_Solvency_Reg,Robert Klein 4,,10,,,d0c382831de014532207894a2aae9b32a00ef159b6dfb757ef52fb438cc61afe,59
ILA_Track_Spring2025_Changes.pdf,0.1,unclassified,unclassified,False,ILA_Track_Spring2025_Changes,Eddie Smith,,10,,,48aa8a8ced6859d2bc62c4ccb7c15a746e58c5e16b132e726e579e6798276057,4
ILA_s1-02_ASOP24.pdf,0.1,unclassified,unclassified,False,ILA_s1-02_ASOP24,Kennedy,,10,,,866d747e6f47d891d44c5560835d998ea027afb4ad11bd0a5ed62811f19c1f09,19
ILA_s1-06_ModelGovChecklist.pdf,0.2,mathematics,low,False,ILA_s1-06_ModelGovChecklist,,,0,,,0120c8f3cf0bada1fa316833cf9db8bc45efba4cc9cd01522906616d2c76c386,20
ILA_s2-01_Individual_Term_Life.pdf,0.3,unclassified,unclassified,False,Draft: 5/14/04,cjohnson,,10,hash_dup_254,possible_duplicate,2b12a8d45af731454f6ead659a9423e951964d6609871fbc87d0cc77a7262a97,28
ILA_s2-02_Canadian_Taxation.pdf,0.2,unclassified,unclassified,False,ILA_s2-02_Canadian_Taxation,Jean Turcotte,,10,,,da6a6a2aeca6ff693b65f83c484dcd6790f671dab3e69ec06a6c055a309e6404,6
ILA_s2-04_Actuarial_Guideline_49.pdf,0.8,actuarial_insurance,low,False,ILA_s2-04_Actuarial_Guideline_49,Society of Actuaries,,10,,,789b1f184d6aa38daf89ffbe6a8581c35f0c9e997cece0c97c258e7d532b797a,3
ILA_s2-05_MDL-805.pdf,0.1,unclassified,unclassified,False,ILA_s2-05_MDL-805,afuendling,,10,,,fa6d30063abb1fabcf7eda8708bbf3551a5606cdebd53bfa4935fc079a313d80,12
ILA_s2-06_Volatility_Control_Index.pdf,0.5,unclassified,unclassified,False,ILA_s2-06_Volatility_Control_Index,,,0,,,e66ae4ce08e56513dcbdf0e18289c5d1bb6b9fc723b4c911649e6ca2fce0463d,2
ILA_s2-08_CIFP_Knowledge_Series.pdf,0.3,unclassified,unclassified,False,ILA_s2-08_CIFP_Knowledge_Series,user,,10,,,28d36904b2d962689b37e40e25c085c0b48087ccb8598594faf32a72af3676c2,19
ILA_s2-16_Preneed_Ins.pdf,1.0,unclassified,unclassified,False,ILA_s2-16_Preneed_Ins,AWojcik,,10,,,3456bc92e320557421bf87802e05d3e7055fe918a809030b29ebfc5df0c605be,58
ILA_s3-01_Final_Standards_CIA_CICA.pdf,0.1,unclassified,unclassified,False,ILA_s3-01_Final_Standards_CIA_CICA,Actuarial Standards Board,,10,,,e39fbe8968e5d59915c0e78b088d8c955de938812bed5a19ad50090f2e61a165,7
ILA_s3-03_ Improvements_Intro_IFRS17.pdf,0.1,unclassified,unclassified,False,ILA_s3-03: Improvements_Intro_IFRS17,,,0,,,55e1a88942d028796bfd866cf5fc6f12b09f0cdbe932b8f336ec4526a5237917,2
ILA_s3-05_OSFI_SectionVI.pdf,0.5,unclassified,unclassified,False,ILA_s3-05_OSFI_SectionVI,OSFI-BSIF,,10,,,cdb550ac2c6cd1d9b6fc85d4a56d0fb011883eb7f6de84329e5c19328a3f815b,73
ILA_s3-06_PwC_industry_survey.pdf,0.5,unclassified,unclassified,False,ILA_s3-06_PwC_industry_survey,,,0,,,ba38551a3f6461f8f8e67afdf2b82ccf581fbd69f716bb895a5e1517c91b493d,25
ILA_s3-07_PwC_reporting.pdf,0.2,unclassified,unclassified,False,ILA_s3-07_PwC_reporting,,,0,,,976a799579c6f60fb6b5ce3757b76934da8963daf821716ee3b1c51ca68ae0f4,20
ILA_s3-08_automating_optimizing_financial_processes.pdf,0.3,unclassified,unclassified,False,ILA_s3-08_automating_optimizing_financial_processes,Andrew Chan,,10,,,eaaea811d03ecb230ba1c9a3199946fad5a61f9d5b743b7772d51ed262bb765a,3
ILA_s3-10_SolvencyII.pdf,0.3,unclassified,unclassified,False,ILA_s3-10_SolvencyII,,,0,,,c80566717a40147ae5c9a9147cf6f4520efa214b2e1727512bf785d58aa6d7e9,9
ILA_s3-11_Actuarial_Aspects_SOX404.pdf,0.2,actuarial_insurance,low,False,ILA_s3-11_Actuarial_Aspects_SOX404,Joni Baylis,,10,,,99c999a857cd526ce3b73d3244ded93ef5cdf9983d20fcd655ca091bbcb7e8af,6
ILA_s3-12_Life_as_Internal_Auditor.pdf,0.7,unclassified,unclassified,False,ILA_s3-12_Life_as_Internal_Auditor,Morton-Aiken; Anthony,,10,,,08af9d01ef6051cbd43e375ba277b98968b5986e1d0e70710764e43ed40f4827,44
ILA_s3-13_Financial_Statement_Audit.pdf,0.3,unclassified,unclassified,False,ILA_s3-13_Financial_Statement_Audit,mgregson003,,10,,,e5a25dd06d05adbbb6ce91570ba4337c7480e0b95bddb5c7b6e17b78aa3ca60c,18
ILA_s3-14_Model_Audit_Rule.pdf,0.8,mathematics,low,False,ILA_s3-14_Model_Audit_Rule,johns,,10,,,94a681f82ff558edff712e0ea970570d22bc64260645198b498300ff11883064,39
ILA_s3-15_Audit_Committee.pdf,0.4,unclassified,unclassified,False,ILA_s3-15_Audit_Committee,,,0,,,fc5f8eb1f9ea8c5364712f3a2ef2cdf288c87c2a6b29b1113ee4f2777dc1d044,12
ILA_s3-16_Finance_Committee_Fundamentals.pdf,0.1,unclassified,unclassified,False,ILA_s3-16_Finance_Committee_Fundamentals,,,0,,,bbcd6a24645e7e8599dd70ff4c9de5cad3a80defbd4652417f430861e179b174,2
ILA_s4-03_IndividualTermLife.pdf,0.3,unclassified,unclassified,False,Draft: 5/14/04,cjohnson,,0,hash_dup_254,possible_duplicate,2b12a8d45af731454f6ead659a9423e951964d6609871fbc87d0cc77a7262a97,28
ILA_s4-05_2017LifeInsSurveyResults.pdf,0.8,unclassified,unclassified,False,ILA_s4-05_2017LifeInsSurveyResults,Sullivan Carol - Atlanta-MARC,,10,,,af8602dd155c7f93ae3af052a0234aaeb1d25e685d989791a9ff3527f1d615c1,24
ILA_s4-13_LIPF_Section_11.5-11.6.pdf,0.9,unclassified,unclassified,False,ILA_s4-13_LIPF_Section_11.5-11.6,,,0,,,1e0c604dc616ea1537d4973a223cda64ea44956b59932c9f0cfbab98d38f3d4a,23
ILA_s4-14_LIPF_Section_1.5.pdf,0.2,unclassified,unclassified,False,ILA_s4-14_LIPF_Section_1.5,,,0,,,ad9198de72d6ba3ba4a060f08df7829fddc8e0c9890fe7a1f1bf9d762914f701,4
ILA_s4-15_LIPF_Section_10.2-10.6.pdf,0.5,unclassified,unclassified,False,ILA_s4-15_LIPF_Section_10.2-10.6,,,0,,,4f48f7a89c6895377ffd3be5ea883d52a75e96efa8ee50b26b087dc7583c2b35,12
ILA_s4_09_Natural_Hedge_Characteristics.pdf,0.8,unclassified,unclassified,False,ILA_s4_09_Natural_Hedge_Characteristics,Milliman; Inc,,10,,,3503e6f74a00ce95cfb5009d871832adb9da6f8c21462fa9ff75cfad9c0a91fa,51
ILA_s5-06_MDL-830.pdf,0.7,unclassified,unclassified,False,ILA_s5-06_MDL-830,NAIC,,10,,,b1be04d969be7fd3bee290fe7582d1937fbb1df538b561f085db01afb3cacc1d,40
ILA_s5_05_Universal_Life_Ins_Model_Regulation.pdf,0.2,mathematics,low,False,ILA_s5_05_Universal_Life_Ins_Model_Regulation,afuendling,,10,,,3e0a43375eebd5cf135c5d730b4af3cecf1bbb31171a4e1f2197ef280307ea12,22
ILA_s6_01_ASOP_2.pdf,0.1,unclassified,unclassified,False,ILA_s6_01_ASOP_2,Kennedy,,10,,,6aff312cb767510b337a7dde3d80e7501fb849f7b38df890ac2d2df5777e9d10,16
ILA_s6_03_Underwriting_Types.pdf,0.1,unclassified,unclassified,False,ILA_s6_03_Underwriting_Types,TEST,,10,,,66ad28988023fecee1b0d802e4dba5df426fb6aa0ab0c801356032cf195ab1a2,17
ILA_s6_04_Sample_ Life_Insurance_Application.pdf,0.2,unclassified,unclassified,False,ILA_s6_04_Sample: Life_Insurance_Application,Adam Michalek,,10,,,1bacbb13eb013d2ef3a1b06d1fe7665f5221a8d91b8ded3d57d738e13b1516ea,3
ILA_s6_08_Genetic_Testing.pdf,0.2,unclassified,unclassified,False,ILA_s6_08_Genetic_Testing,,,0,,,f1822c1608bf8e818e5cf8152a2966997bb79f83f3c1b2da37cde6b53745c377,4
INTERVIEW_PREP_COMPREHENSIVE_RESOURCES_2025_TWOCOL.pdf,0.1,interview_prep,low,False,INTERVIEW_PREP_COMPREHENSIVE_RESOURCES_2025_TWOCOL,Prepared for Brandon Behring,,10,,,62a4f3f4a2a8897a8bbc2adbab5f5dd74b105f6ec4882b204a48d09611d3aee5,18
INV000718.pdf,0.5,unclassified,unclassified,False,INV000718,,,0,,,d7727e93e14a033df30136f76dea03637d9d3d7917ca037a7b6ea9971a8cb74d,2
In_silico_schooling (1).pdf,0.7,unclassified,unclassified,False,In_silico_schooling (1),,,0,,,3ad06ffd21b4fd0f6a1c7b6dfca04c1a9bae759abc48206be75c7d31c4ad63ba,15
In_silico_schooling.pdf,0.7,unclassified,unclassified,False,In_silico_schooling,,,0,,,a076d27e70b03abbc975f1ac293bfe78ccf424f134a0c050a83417f9ec5d4352,15
In_silico_schooling_explanation.pdf,0.2,unclassified,unclassified,False,In_silico_schooling_explanation,,,0,,,0100ba50d37c9679a735938682f0409abdfe7dac34a96c4c4a5ff66f0e5a980c,4
Index_Theory_for_Symplectic_Paths_with_Application 1.pdf,0.4,topology_geometry,low,False,Index_Theory_for_Symplectic_Paths_with_Application 1,,,0,,,889237ccbdcb33c2bc53d1cf4ccf5c3b1966b3fe456c183b15a0107a379845ac,64
Index_Theory_for_Symplectic_Paths_with_Application.pdf,0.4,topology_geometry,low,False,Index_Theory_for_Symplectic_Paths_with_Application,,,0,,,8910c4e34510f09a4e8fc9ae182640433fa100e1d7d4bbcab838dc5eda3ce1b1,64
Index_and_Stability_of_Symmetric_Periodic_Orbits_i.pdf,0.2,dynamical_systems,low,False,Index_and_Stability_of_Symmetric_Periodic_Orbits_i,,,0,,,3f2863ec2c52825e2a632d913e6d91784f02957b6c4f08818a49284f6505f040,33
InformalMathDemo.pdf,0.3,unclassified,unclassified,False,InformalMathDemo,,,0,,,4e3f2c8243c2e2b2ce66d533dd6384ca9765b462c2d75ca41c2455f937a10b69,4
Information-Entropic_Stability_Bound_for_Compact_O.pdf,0.5,unclassified,unclassified,False,Information-Entropic_Stability_Bound_for_Compact_O,,,0,,,a96b1d065a359abe8f13487c910af523cde552def27dab750b05bfc153b017f7,6
Instabilities_and_degeneracies_of_the_4-dimensiona.pdf,0.2,unclassified,unclassified,False,Instabilities_and_degeneracies_of_the_4-dimensiona,,,0,,,e3f19ad2c507ae5a19a64a724c53337aff102570f9b1d3b23b7320338c485a51,17
IntOps.pdf,0.3,unclassified,unclassified,False,IntOps.dvi,,,0,,,b695bab6bf181515333c680f4a74fba62d64d1cb27b009103553aa8ea176a924,26
InterimLicense-WX202121800000790.pdf,0.1,unclassified,unclassified,False,InterimLicense-WX202121800000790,,,0,,,8c17a5a0c3bb5470469a56a7c8b7dc549620bcab04280b13c337f06194e21993,1
"International Journal of Bifurcation and Chaos Volume 27 issue 14 2017 [doi 10.1142_S021812741750225X] Demian, Atanasiu Stefan; Wiggins, Stephen -- Detection of Periodic Orbits in Hamiltonian System.pdf",0.5,dynamical_systems,high,False,Detection of Periodic Orbits in Hamiltonian Systems Using Lagrangian Descriptors,,2017,20,,,311c61742dd4f99c8dc0bdc67209c3bd052335e104f82b76bde211b99d1ad77b,9
International Journal of Bifurcation and Chaos Volume 9 issue 5 1999 doi 1011422FS0218127499000602 VOYATZIS GEORGE ICHTIAROGLOU SIMOS -- DEGENERATE BIFURCATIONS OF RESONANT TORI IN HAMILTONIAN .pdf,0.6,dynamical_systems,high,False,DEGENERATE BIFURCATIONS OF RESONANT TORI IN HAMILTONIAN SYSTEMS,GEORGE VOYATZIS; SIMOS ICHTIAROGLOU,1999,30,,,8ec571bdbaef298f356beccdc00bc752b1f8b7557902fc6984044be39071ba29,15
"International Journal of Modern Physics C Volume 27 issue 8 2016 [doi 10.1142_S012918311650090X] Zou, Yijiang; Deng, Weibing; Li, Wei; Cai, Xu -- A study of epidemic spreading on activity-driven net.pdf",0.4,mathematics,low,False,A study of epidemic spreading on activity-driven networks,Yijiang Zou; Weibing Deng; Wei Li; Xu Cai,2016,15,,,8afe6fb6604304a787839e43d87e6684397c613b5bbb70ee7c8858f41cfe1966,9
International Journal of Non-Linear Mechanics Volume 90 issue 2017 doi 1010162Fjijnonlinmec201612017 Baenas Tomás Escapa Alberto Ferrándiz José M Getino J -- Application of first-order.pdf,0.6,dynamical_systems,low,False,Application of first-order canonical perturbation method with dissipative Hori-like kernel,Tomás Baenas,2017,30,,,29fb81217b9d1b73ddcdbc64c7e787b6ff3529b657a9105ee33e6c8f46ce31e5,10
International Journal of Radiation Oncology_Biology_Physics Volume 57 issue 2-supp-S 2003 [doi 10.1016%2Fs0360-3016%2803%2901137-4] S Tchekmedyian; M Fesen; L.M Price; F.D Ottery -- Ongoing placebo-co.pdf,0.1,biology_neuroscience,low,False,doi:10.1016/S0360-3016(03)01137-4,,2003,20,,,7d840e2a944563bef27bc7db21e1d3f5cfe3b37b3d77bc91742e86b4b09ebbd7,2
Intro-Kaper-99.pdf.pdf,11.3,unclassified,unclassified,False,Intro-Kaper-99.pdf,,,10,,,0d44e17fa619067c5a602c72386ca3687e6a6485a9572ef61765aac165781850,47
"Introduction to Hilbert Spaces with Applications,Third Edition.pdf.pdf",2.8,analysis,low,False,"Introduction to Hilbert Spaces with Applications,Third Edition.pdf",,,30,hash_dup_258,possible_duplicate,71eec3709518580bba116c558743df69ae5b92e8b76dbc8e4afa54b154692fd6,599
Introduction+to+Hamiltonian+Dynamical+Sy.pdf.pdf,5.3,dynamical_systems,low,False,Introduction+to+Hamiltonian+Dynamical+Sy.pdf,,,25,,,a946e0c490ef98680613d2d0b79415949611f5d88abc338dabb7996f25bbb4ec,389
Introduction_to_Causal_Inference-Dec17_2020-Neal.pdf,1.0,causal_inference,low,False,Introduction to Causal Inference,Brady Neal,,10,,,0d392c58784ca26fc043a7cac3e4ea1698cc70cd1e1397e32e7c603a7c21b069,132
Invariant_tori_in_perturbed_three_vortex_motion.pdf,0.1,dynamical_systems,low,False,Invariant_tori_in_perturbed_three_vortex_motion,,,0,,,53cfa3abf70c7dd0553994941b5db7b392aca8d5d176a2afa660f28632b727af,3
J Billingham A C King Wave motion.pdf.pdf,33.5,unclassified,unclassified,False,J Billingham A C King Wave motion.pdf,John,,30,,,076dfa2c093440b67c85bd2dfbf49aed619d102ff86871fe06d55e2c7e558936,474
J Comput Phys 1993 Hobson.pdf,0.5,unclassified,unclassified,False,J Comput Phys 1993 Hobson,,1993,0,hash_dup_260,possible_duplicate,77a20daca8d17c8ff687e2524151de885e1c8fce2efcbf6fcd3bcb244146cfe7,9
J. Comput. Phys. 1993 Hobson.pdf,0.5,unclassified,unclassified,False,J. Comput. Phys. 1993 Hobson,,1993,5,hash_dup_260,possible_duplicate,77a20daca8d17c8ff687e2524151de885e1c8fce2efcbf6fcd3bcb244146cfe7,9
J153-14-Kimon-curing.pdf,0.2,unclassified,unclassified,False,J153-14-Kimon-curing,,,0,,,5a1dbaa697d07a90d4bf64d3ea58c3f1b5bad880b4812227cc46cbb8752fadcd,9
"JAMA The Journal of the American Medical Association Volume 253 issue 19 1985 [doi 10.1001%2Fjama.1985.03350430083032] Strauss, Richard H. -- Anabolic Steroid Use and Perceived Effects in Ten Weight-T.pdf",0.4,unclassified,unclassified,False,"JAMA The Journal of the American Medical Association Volume 253 issue 19 1985 [doi 10.1001%2Fjama.1985.03350430083032] Strauss, Richard H. -- Anabolic Steroid Use and Perceived Effects in Ten Weight-T",Apex CoVantage LLC,1985,15,hash_dup_264,possible_duplicate,0d6e6a835b82d869c80ac75ea67c780aaa19ef1f2f8bb81b3f01e58882b38a9d,3
JAMA The Journal of the American Medical Association Volume 253 issue 19 1985 doi 1010012Fjama198503350430083032 Strauss Richard H -- Anabolic Steroid Use and Perceived Effects in Ten Weight-T.pdf,0.4,unclassified,unclassified,False,JAMA The Journal of the American Medical Association Volume 253 issue 19 1985 doi 1010012Fjama198503350430083032 Strauss Richard H -- Anabolic Steroid Use and Perceived Effects in Ten Weight-T,Apex CoVantage LLC,1985,0,hash_dup_264,possible_duplicate,0d6e6a835b82d869c80ac75ea67c780aaa19ef1f2f8bb81b3f01e58882b38a9d,3
JOIN IN G DATA IN S Q.pdf,1.0,unclassified,unclassified,False,JOIN IN G DATA IN S Q,,,0,,,920582b7a027b362b251f5eab3e1543ceb36a99f24ac7bd468718890d25aa8b1,22
JUPYTER.pdf,0.8,unclassified,unclassified,False,Jupyter_Cheat_Sheet_Basics.indd,,,0,,,d8aad89a0bfa7061440c4064c52316f5ae9941862add6b7964b6f9635cddc3ce,1
Jared.pdf,0.1,unclassified,unclassified,False,Jared,,,0,,,2bb135885c106d81db47024edf4935e679731e5e4a7407d09dcaeea4e910f581,3
"Job_Description_JREQ195790_Lead Applied Scientist, NLP_GenAI.pdf",0.1,unclassified,unclassified,False,"Job_Description_JREQ195790_Lead Applied Scientist, NLP_GenAI",,,0,,,d791c472413ee4c1cac459298e7f9a753cd04ceeb27ae1f406e558fe14ef820a,2
"Joel R. Hass, Christopher D. Heil, Maurice D. Weir-Thomas’ Calculus-Pearson (2017)-2.pdf.pdf",26.7,mathematics,low,False,Thomas’ Calculus,Joel R. Hass; Christopher D. Heil; Maurice D. Weir,2017,65,hash_dup_267,possible_duplicate,3f5d33e8b4205aa05e9bc41de38bc051505abcffc5820e3f92973ec80b59d5bd,1213
Jonathan Bean MD MS MPH Walter Frontera MD PhD-Harvard Medical School Strength and Power Training_ A guide for adults of all ages -Harvard Medical School 2010.pdf.pdf,2.8,unclassified,unclassified,False,Jonathan Bean MD MS MPH Walter Frontera MD PhD-Harvard Medical School Strength and Power Training: A guide for adults of all ages -Harvard Medical School 2010.pdf,,2010,5,,,13cb75e5674211fd399eae9c9bae0f973767849a95ff8e031d7c53f0f4c54442,50
Joris_LectWk3.pdf,0.4,dynamical_systems,low,False,Joris_LectWk3,Joris Vankerschaver  jv@caltech.edu,,10,,,d9577bf7fbac797309f388b32192fb9b73204008ce35808347c0eed25e757d01,36
Journal of Applied Mathematics and Mechanics Volume 48 issue 4 1984 doi 1010162F0021-892828842990014-5 AA Zevin -- Some conditions for the existence and stability of periodic oscillations in n.pdf,0.7,mathematics,low,False,PII: 0021-8928(84)90014-5,,1984,5,,,c2be03b1ac5abcbafe1588bb786ca11e30436c004171b0318dbe79603f608499,8
Journal of Applied Mathematics and Mechanics Volume 62 issue 1 1998 doi 1010162Fs0021-892828982900004-5 AA Zevin -- Stability regions of linear canonical systems with periodic coefficients.pdf,0.5,mathematics,low,False,PII: S0021-8928(98)00004-5,,1998,5,,,f0c61beab58d999f15b094caf4ff68fdd463e219d16fe11c8bacb4b8944af990,6
Journal of Applied Mathematics and Mechanics Volume 62 issue 3 1998 doi 1010162Fs0021-892828982900045-8 AP Markeyev -- The critical case of a pair of zero roots in a two-degree-of-freedom hami.pdf,0.7,mathematics,low,False,PII: S0021-8928(98)00045-8,,1998,5,,,ffeb39ce8a2c12a2df679b38bc2cca616d81fd127f8e7ba6826c4d9cefa6d067,9
Journal of Applied Mathematics and Mechanics Volume 66 issue 6 2002 doi 1010162Fs0021-892828022900131-4 AP Markeyev -- An algorithm for normalizing Hamiltonian systems in the problem of the or.pdf,0.6,dynamical_systems,low,False,PII: S0021-8928(02)00131-4,,2002,20,,,525d2eb1508d95dda68a9fa1026e0f1c34bf796715a88e1df63aba090dbfc593,8
Journal of Applied Mechanics Volume 51 issue 2 1984 doi 1011152F13167631 Hyams M R Month L A -- The Origin of Stability Indeterminacy in a Symmetric Hamiltonian.pdf,0.5,dynamical_systems,low,False,The Origin of Stability Indeterminacy in a Symmetric Hamiltonian,,1984,40,,,49629b1d1b661e909fc86ce7a4161ca0846a507f0eb8145656ca5540ad331f9d,7
"Journal of Biological System Volume issue 2018 [doi 10.1142_S0218339018500201] LIU, LILI; REN, XINZHI; LIU, XIANNING -- DYNAMICAL BEHAVIORS OF AN INFLUENZA EPIDEMIC MODEL WITH VIRUS MUTATION.pdf",0.6,mathematics,medium,False,DYNAMICAL BEHAVIORS OF AN INFLUENZA EPIDEMIC MODEL WITH VIRUS MUTATION,,2018,5,,,8d29cb376f3794559975ad6086b810db382abb01e7d89ee20bb9434ff915cf68,18
Journal of Critical Care Volume 15 issue 1 2000 [doi 10.1053%2Fjcrc.2000.0150012] Robert H. Demling; Dennis P. Orgill -- The anticatabolic and wound healing effects of the testosterone analog oxandrol.pdf,0.1,deep_learning,low,False,doi:10.1053/jcrc.2000.0150012,,2000,20,,,a20747da0321323e09b02fa26ee83dba8cade9799a0a5aca7ebfb457068bb62a,6
Journal of Differential Equations Volume 163 issue 1 2000 [doi 10.1006%2Fjdeq.1999.3723] Patrick M. Fitzpatrick; Jacobo Pejsachowicz; Lazaro Recht -- Spectral Flow and Bifurcation of Critical Points o.pdf,0.2,dynamical_systems,high,False,Journal of Differential Equations Volume 163 issue 1 2000 [doi 10.1006%2Fjdeq.1999.3723] Patrick M. Fitzpatrick; Jacobo Pejsachowicz; Lazaro Recht -- Spectral Flow and Bifurcation of Critical Points o,Fitzpatrick; P. M; et al,2000,15,,,7d9ce04f947609c5989c7f08b7ff55926b27d095f8c43a1a9e7d96db9153f4ac,23
Journal of Differential Equations Volume 252 issue 10 2012 doi 1010162Fjjde201201044 C García-Azpeitia J Ize -- Bifurcation of periodic solutions from a ring configuration in the vortex and.pdf,0.2,dynamical_systems,high,False,Bifurcation of periodic solutions from a ring configuration in the vortex and filament problems,C. García-Azpeitia,2012,30,,,9e2f7f5ac6dde2c9b95bf5d579b009780016e28abf19941e3e6c80f3048b8d46,17
Journal of Differential Equations Volume 37 issue 1 1980 doi 1010162F0022-039628802990084-4 Matthew Bottkol -- Bifurcation of periodic orbits on manifolds and Hamiltonian systems.pdf,0.6,dynamical_systems,high,False,PII: 0022-0396(80)90084-4,,1980,20,,,a85a85b5418ee2bbf3c1d613dc8377d7a0a0caaa94e1a818a3097c54ea46f3f4,11
Journal of Mathematical Analysis and Applications Volume 367 issue 1 2010 doi 1010162Fjjmaa201001027 Xiaoping Wang -- Stability criteria for linear periodic Hamiltonian systems.pdf,0.1,dynamical_systems,low,False,Stability criteria for linear periodic Hamiltonian systems,Xiaoping Wang,2010,45,,,5d9cda0b5615a3aa53b63c074bcc2de4eac931d2d2c87fbf917a907f9a5fb2e9,8
Journal of Mathematical Physics Volume 23 issue 5 1982 doi 1010632F1525429 Littlejohn Robert G -- Hamiltonian perturbation theory in noncanonical coordinates.pdf,0.7,dynamical_systems,medium,False,Journal of Mathematical Physics Volume 23 issue 5 1982 doi 1010632F1525429 Littlejohn Robert G -- Hamiltonian perturbation theory in noncanonical coordinates,,1982,20,,,40eb50c434ce61a4735bcda8589364cfa9f58c73c63e9dba4c2bde7e2103df97,7
"Journal of Mathematical Physics Volume 41 issue 5 2000 [doi 10.1063%2F1.533304] Oteo, J. A.; Ros, J. -- From time-ordered products to Magnus expansion.pdf.pdf",0.3,mathematics,low,False,"Journal of Mathematical Physics Volume 41 issue 5 2000 [doi 10.1063%2F1.533304] Oteo, J. A.; Ros, J. -- From time-ordered products to Magnus expansion.pdf",,2000,5,,,de858d0b3caf3abd40ac8560833b3af1ab07177beb75e1b49224fb757681cfe8,11
"Journal of Physics A Mathematical and Theoretical Volume 47 issue 10 2014 [doi 10.1088%2F1751-8113%2F47%2F10%2F105201] Müller, A; Névir, P -- A geometric application of Nambu mechanics- the motion of .pdf.pdf",0.6,dynamical_systems,low,False,A geometric application of Nambu mechanics: the motion of three point vortices in the plane,A Muller; P Nevir,2014,15,,,c9d1a6d4729d1a624b8138f8072721644445a01cf5ff6399bf200478e46d7891,16
Journal of Physics A- Mathematical and General Physics Volume 24 issue 18 1991 doi 1010882F0305-44702F242F182F020 Eckhardt B Wintgen D -- Indices in classical mechanics.pdf,0.6,dynamical_systems,low,False,Journal of Physics A- Mathematical and General Physics Volume 24 issue 18 1991 doi 1010882F0305-44702F242F182F020 Eckhardt B Wintgen D -- Indices in classical mechanics,,1991,5,,,e236fd25358f485af82296d95fe86eddea5fa76ab395a109fbe0bf4a01000d7d,15
Journal of Physics A- Mathematical and General Physics Volume 34 issue 16 2001 doi 1010882F0305-44702F342F162F305 Casas F Oteo J A Ros J -- Floquet theory- exponential perturbative treatme.pdf,0.1,mathematics,low,False,Journal of Physics A- Mathematical and General Physics Volume 34 issue 16 2001 doi 1010882F0305-44702F342F162F305 Casas F Oteo J A Ros J -- Floquet theory- exponential perturbative treatme,IOP Publishing #4 1068 2000 Jul 12 14:56:10,2001,15,,,4905f1644e082407316858a8f158fb9ff83f1a3f33a76ae48f303280f2081597,11
Journal of Sound and Vibration Volume 182 issue 2 1995 [doi 10.1006%2Fjsvi.1995.0191] K.-E. Thylwe; E. Gravador -- Non-perturbative stability analysis of periodic responses in driven non-linear oscill.pdf,0.5,unclassified,unclassified,False,Non-Perturbative Stability Analysis of Periodic Responses in Driven Non-Linear Oscillators,Thylew; K.-E; Gravador,1995,15,,,086a9808b1af17a739975c4a1981e51573218c3fc54c8a7b390080dc4661f831,17
Journal of Statistical Physics Volume 74 issue 5-6 1994 doi 1010072Fbf02188219 Giancarlo Benettin Antonio Giorgilli -- On the Hamiltonian interpolation of near-to-the identity symplectic mappings.pdf,0.9,topology_geometry,low,False,On the Hamiltonian interpolation of near-to-the identity symplectic mappings with application to symplectic integration algorithms,,1994,20,,,cc21d08c7dec8670f02e86f442dae4ca48fe9846fa8d5ae1ca44a34250b17427,27
Journal of the Franklin Institute Volume 281 issue 1 1966 doi 1010162F0016-003228662990065-2 Paul M Lion -- Stability of linear periodic systems.pdf,0.8,unclassified,unclassified,False,PII: 0016-0032(66)90065-2,,1966,5,,,2d7fa677c29080d651f992933f673c0fdf4bd256d3bc9daf13f6a1e92eaedaa4,14
Journal of the Franklin Institute Volume 334 issue 3 1997 doi 1010162Fs0016-003228962900089-0 Albert CJ Luo Ray PS Han -- A quantitative stability and bifurcation analyses of the generalize.pdf,0.6,dynamical_systems,low,False,PII: S0016-0032(96)00089-0,,1997,5,,,a72c754510773b5d9a0d5adcb8e1468bd51cb50fe80196ec44a6b608aa82971e,13
Journal of the London Mathematical Society Volume s2-34 issue 3 1986 doi 1011122Fjlms2Fs2-343435 van Groesen E -- Duality Between Period and Energy of Certain Periodic Hamiltonian Motions.pdf,0.3,dynamical_systems,low,False,Journal of the London Mathematical Society Volume s2-34 issue 3 1986 doi 1011122Fjlms2Fs2-343435 van Groesen E -- Duality Between Period and Energy of Certain Periodic Hamiltonian Motions,,1986,20,,,f13c7ba8f8da1649d10115eaf19c7431f2b8fe80fbfcc214fe08f975bfc4b0d8,14
KP_order.pdf,0.1,unclassified,unclassified,False,Gmail - Order Confirmation for Order #29092153,Brandon Behring,,10,,,a92e3d0864c1a290eca50abe96d7ce8aafe953518eaddb92cf087d5835f827da,2
KSC+Method.pdf,0.9,unclassified,unclassified,False,KSC+Method,Andy,,10,,,d180172b2153db0a19142ad67d4490d3c787cc16a95376f4e7e77cc0feaa5872,47
Kaplan_Schweser_FRM_P2_Basel_Evolution_Revision....pdf,0.1,biology_neuroscience,low,False,Kaplan_Schweser_FRM_P2_Basel_Evolution_Revision,dmcmeekin,,10,,,16e848196b0858cac04e5cc5fc86f14ea5619fa104ecf8773fd5c2a849385544,5
Kaplan_Schweser_FRM_P2_Introduction 2.pdf,0.1,unclassified,unclassified,False,Kaplan_Schweser_FRM_P2_Introduction 2,,,0,hash_dup_279,possible_duplicate,23818d71cd7817d76b46754168a4b2101bc97ab97d7cd76ed77fb2ca5a81dffd,6
Kaplan_Schweser_FRM_P2_Introduction.pdf,0.1,unclassified,unclassified,False,Kaplan_Schweser_FRM_P2_Introduction,,,0,hash_dup_279,possible_duplicate,23818d71cd7817d76b46754168a4b2101bc97ab97d7cd76ed77fb2ca5a81dffd,6
Keras.pdf,0.1,unclassified,unclassified,False,Keras,,,0,,,2c5d523fd23ff51992eb270494c46dc340531d45ea352b06c00002a4140ecb18,1
Kholostova-Safonov2017_Article_AStudyOfTheMotionsOfAnAutonomo.pdf,0.5,unclassified,unclassified,False,C:\work\RCD\N7\FINAL\RCD_07_17.dvi,,,0,,,117332525c8edcda21c12c0e0e889c0667dae97dd58e4cffb76e97851abb3545,16
Kim2019_Article_ImpactOfTemporalConnectivityPa.pdf,0.8,unclassified,unclassified,False,Kim2019_Article_ImpactOfTemporalConnectivityPa,Kim Hyewon; Ha Meesoon; Jeong Hawoong,,10,,,a920c5e1e0a4cd50936ba754d5dfb40f34f72aa8a0144cf14362c81aebd63bf3,7
Kudryavtseva2015_Article_MultipliersOfPeriodicHillSolut.pdf,0.6,unclassified,unclassified,False,Kudryavtseva2015_Article_MultipliersOfPeriodicHillSolut,,,0,,,bfe968b61e48492b135fc88c579e70f719faeab6e844da8307acfb5faf9637b3,11
L. Ya. Adrianova-Introduction to Linear Systems of Differential Equations (Translations of Mathematical Monographs)-American Mathematical Society (1995).pdf.pdf,2.0,mathematics,high,False,Introduction to Linear Systems of Differential Equations (Translations of Mathematical Monographs),L. Ya. Adrianova,1995,35,fuzzy_dup_432,possible_duplicate,0c5e201127f59bba9b7f1562e990b99bfd7ef8e09331cb69082799d94253ef06,216
LAPLACE_TABLE.pdf,0.2,unclassified,unclassified,False,LAPLACE_TABLE,Brandon Behring,,10,,,815e31897ddee842e518eea69392d03ea92ba49c40e5aa735f8cc13fd1bc016f,6
LEAP.pdf,0.1,unclassified,unclassified,False,LEAP,,,0,,,da4ddf7589e939b13f0cbf1006fe89645c1ff8f2c97b5f63b205416f23cdcc67,8
LEAP_APPENDIX.pdf,0.1,unclassified,unclassified,False,LEAP_APPENDIX,,,0,,,4b775cf7b43cf6d2c1ffc25da74f3e195426fb3fd23b27741989ab697e496ce6,2
LEAP_LIE_FLOQUET.pdf,0.1,unclassified,unclassified,False,LEAP_LIE_FLOQUET,,,0,,,6bd81d342c232fb6632effaf0000855243de83af9d6d31e0e519f6f0de19dd3a,3
LFMU-Flashcard-Sample-2024.pdf,0.7,unclassified,unclassified,False,LFMU-Flashcard-Sample-2024,,2024,5,,,17959060e3819685e6a139f47fb754e605f0ad6a5991bff6396405aeb53fcf82,5
LJtHW.pdf,0.8,unclassified,unclassified,False,Learn Julia the Hard Way,Sébastien Celles,,10,,,7d34c3c7c2a23bdddffd82940a01dbabee2b16040d05d15b474531e41b5eaaf5,115
LPM_Case_Study_Fall2024_Spring2025.pdf,0.1,unclassified,unclassified,False,LPM_Case_Study_Fall2024_Spring2025,Eddie Smith,,10,,,109f88483e865d0257026ca1e56ea821690e5ec064dbf0f4199e33088370b278,1
LPM_SecA_FC_F2024_FrontBack_v2.pdf,0.4,unclassified,unclassified,False,LPM_SecA_FC_F2024_FrontBack_v2,,,0,,,ea7209e9ef8ff6002be03b1ac42517729b50b4ba7d9a3068d437024a67609844,90
LPM_SecA_FC_F2024_Singles_v2.pdf,0.3,unclassified,unclassified,False,MLC Live Seminar,by James Washer; FSA; MAAA [1ex] ©2012 The Infinite Actuary; LLC,,5,,,2fb2d731ebc3f450a8a362a56f6902f2509290440732e5be0cee48bc24c6932d,266
LWW.pdf,0.4,unclassified,unclassified,False,LWW,,,0,,,58a368a7eb53ec60dc81e1014fb03b565258f2862b5e04a931844e36bee272af,21
Lab1SolutionFall2017.pdf,0.1,unclassified,unclassified,False,Lab1SolutionFall2017,,,0,,,f71f279abd44f5609500199c9dd2a7717211d5970737ab10a35f3e3303e1ffa7,3
Lab5Assignment.pdf,0.2,unclassified,unclassified,False,Lab5Assignment,,,0,,,1afbeaaa013000a5623c9eb5c0911e21ae66ab2d94ba23899de51113b1cd648a,3
Lab7Assignment.pdf,0.1,unclassified,unclassified,False,Lab7Assignment,,,0,,,b3077578eda6ebd6b72a5e5a3d3c5f12629acff12355634b9445edf0b98776bb,2
Lab8Assignment.pdf,0.1,unclassified,unclassified,False,Lab8Assignment,,,0,,,53580a797b10a0757de40a2e957e9c7c604e0ef33cb6fee07e0b4761f2a7d2b8,2
Landscape_Beamer_Poster_Template.pdf,0.2,unclassified,unclassified,False,Landscape_Beamer_Poster_Template,John Smith; James Smith; Jane Smith,,10,,,9bf37ce3d5c2f24069dd3d1c05f0d1b4fa50597067f887c9c65cfcddcb4cedc9,1
Larue-MS-Thesis-2011.pdf,0.4,unclassified,unclassified,False,Larue-MS-Thesis-2011,,2011,5,,,e14a6dfd7cc237064726bd61ba7c54db7ff8004bd11e24c3c8b1fa60d3644cf5,146
Leader_Follower_Consensus_over_Activity_Driven_Networks_REV (1).pdf,0.9,unclassified,unclassified,False,Leader_Follower_Consensus_over_Activity_Driven_Networks_REV (1),,,0,,,278ad11b1933b49c5f22bd0a30cadb946551f29d0612db1fbe078ce9733454b7,22
LeapActionAngle.pdf,0.1,unclassified,unclassified,False,LeapActionAngle,,,0,,,7dd0263ca0e4d447fc5ea10a10205c00c6d1d3f0723da9ad67a4e16526119a2d,2
LeapFrogDimerReduction.pdf,0.1,unclassified,unclassified,False,LeapFrogDimerReduction,,,0,,,7c6c6cfb874026a56fcf06cc4de85192a02244ff12368e27ec89272ce7ea0978,2
LeapFroggingCoordinates.pdf,0.1,unclassified,unclassified,False,LeapFroggingCoordinates,,,0,,,1f8cb3958ef7d586ce1d1856a53750eea8deed2f0a3987cdcce58c50a48d2941,3
LeapQuestions.pdf,0.1,unclassified,unclassified,False,LeapQuestions,,,0,,,35bec7598bbe2037d95223300fb748f10cfb5489658acd61d1747e8be9f0f8ca,2
Leap_Frog_Notes.pdf,0.2,unclassified,unclassified,False,Leap_Frog_Notes,,,0,,,97f53e72b7198bddfe64c5dd57803bf0d06e207c57be0b2a9fb4c5ee58e76d60,36
Leap_Frog_NotesV1.pdf,0.3,unclassified,unclassified,False,Leap_Frog_NotesV1,,,0,,,d7775ad2cf240aa32b90ed7db1ff28a984cc76325641a8ea0b225416d865b131,38
Leap_Pertubation.pdf,0.1,unclassified,unclassified,False,Leap_Pertubation,,,0,,,4e65b349d3233961a0dba34d2e1ecb46b9bbdf083aa9b7130807ec88c838bbeb,4
Lebesgue.pdf,0.2,analysis,low,False,THE CABBIBO ANGLE AND WEINBERG ANGLE,vick,,10,,,047f8f82a1afaebf5c9433d92cccf271bb5b3bd224c10671f47afe8543cd47bd,64
Lecture10.pdf,1.2,unclassified,unclassified,False,Lecture10,,,0,,,01dd9bb57d50e4d4926a77f2c6b94e299ddb2c6f47356760e5393a8ebbc76756,9
Lecture11.pdf,0.8,unclassified,unclassified,False,Lecture11,,,0,,,9defac6f4e8a726210ee549014a7c03f82a5a4d5bdf54bbc1c663334c2849fa5,6
Lecture12.pdf,0.8,unclassified,unclassified,False,Lecture12,,,0,,,b1f4dbbafdea3cd492e9e1ae96e33b605a56ed48d5a733ea326663f6b85deadc,6
Lecture19.pdf,0.8,unclassified,unclassified,False,Lecture19,,,0,,,ebe2f7f2ee0b938d221f8453ee89eff819f8c7b374cc3575190077649e59fa68,6
Lecture20.pdf,0.9,unclassified,unclassified,False,Lecture20,,,0,,,736161ab2d1017deed92074ccf95d613632ad48c7d9f55a72eeb37f3a9806867,6
Lecture21.pdf,0.8,unclassified,unclassified,False,Lecture21,,,0,,,644a152b8168cac855d0a0458ab575362a7ed62d3e2eb9b96e3f6623c3122ca8,5
Lecture22.pdf,0.6,unclassified,unclassified,False,Lecture22,,,0,,,f7bb8fad7748cef25cb6bd2f16481b14dbe650acf885f9cda4fead0a58770cd1,4
Lecture23.pdf,0.8,unclassified,unclassified,False,Lecture23,,,0,,,b3b49ee868ef7490507c2a666e7e62aad4c2e84925e44a8880cdeccf6c839c90,6
Lecture24.pdf,0.9,unclassified,unclassified,False,Lecture24,,,0,,,2cb50bc4c9ee76ba9665f45d4593f46263078aae0467a727a608ba2542e1a38f,6
Lecture25.pdf,1.2,unclassified,unclassified,False,Lecture25,,,0,,,149cb4533314059ead5da68017ce45f358cc82ad576295ceb013419cbd18f014,10
Lecture_1.pdf,0.2,unclassified,unclassified,False,Lecture 1: Matrices and Systems of Linear Equations,Brandon Behring,,10,,,37b3f0dc0ac48b3cbeb495ef5830a36f303080923eb0cb64e9252ac086e7a21f,52
Lecture_12.pdf,7.3,unclassified,unclassified,False,Lecture_12,,,5,,,4004105e9c1dddf9a2e750e62388ad8f332b36bdf660545bf86c52c227542da7,46
Lecture_1_2.pdf,0.6,unclassified,unclassified,False,Lecture_1_2,Brandon Behring,,10,,,d85dd02f71bfa41e177c0d9ee3ed762e1e710c393195b6087cc634c5973346e2,86
Lecture_1_linear_systems_and_matrices_DRAFT.pdf,0.8,unclassified,unclassified,False,Lecture_1_linear_systems_and_matrices_DRAFT,Brandon Behring,,5,,draft,871c635a8c710c0404e970116247d1f03e9fe6a17e0075dec0b5521affa7f9c4,37
Lecture_1_overlayed (2020-09-09 19-42-58).pdf,2.8,unclassified,unclassified,False,Lecture_1_overlayed (2020-09-09 19-42-58),Brandon Behring,2020,15,,,d01c1268740e37f5290e90383fd9280536336129da4fba68e62e384a2d212404,86
Lecture_5_Example_2.pdf,0.6,unclassified,unclassified,False,Lecture_5_Example_2,,,0,,,cd453ae78a020ab270f87e22f3a61990af49fd96c74c1a49d365e5cbd5425653,3
Lecture_8.pdf,5.6,unclassified,unclassified,False,Lecture_8,,,5,,,9750e892bc7c289ddc2bf563a0b15255c13020926daf57b5fdcbe28b4885099d,12
Lecture_8_overlayed.pdf,6.8,unclassified,unclassified,False,Lecture_8_overlayed,,,5,,,3aee04f2d239fc47f4c4254254f9358ed0859945b242be71dd1834441340ee33,63
Leitch2019_Article_TowardEpidemicThresholdsOnTemp.pdf,0.6,unclassified,unclassified,False,Leitch2019_Article_TowardEpidemicThresholdsOnTemp,Jack Leitch,,10,,,3c14c42eac9dd59086defe887b07603d8406f66c6f92faa2e8811b1901aae9fc,21
Lettmath.pdf,0.1,dynamical_systems,low,False,A Note on the Integrability of Hamiltonian Systems,,,0,,,775c745f2a760fb3bf4caa08c7a15493d045399aa840b916080460a9d475f2e0,6
Level 9 Homework.pdf,0.5,fitness,low,False,Level 9 Homework,,,0,,,c77a62d34b3ad4ddd50e4c18bef0f200b56368220b75696ba623dd28ea49b29c,8
Li2016_Article_ComparativeEffectsOfAvoidanceA.pdf,0.4,unclassified,unclassified,False,Li2016_Article_ComparativeEffectsOfAvoidanceA,,,0,,,0cbaa0caae53dfee413b8f0c0da89e9f06e73fd545c892b4c1b9ada70e2cfcd8,7
Li2018_Article_RandomizedAlgorithmsForDistrib.pdf,0.5,linear_algebra,low,False,Li2018_Article_RandomizedAlgorithmsForDistrib,Huamin Li,,10,,,a14cb496a067f5de7e9bbfd6278c9f212635a89b0a965527656c2b1543fd4480,22
LiePerturbCary.pdf,0.2,unclassified,unclassified,False,LiePerturbCary,,,0,,,ebec67c67910a917077deedb2d17dfe3d095696538c705bf5ffe9e2db9823af8,18
LinearAlgebraConditioning.pdf,0.1,algebra,low,False,LinearAlgebraConditioning,,,0,,,fe72b9ab80323f90215647a49f2107bbb953d9eb57001ce2d051f12cc2c2fb4a,2
LinearAlgebraNorms.pdf,0.1,algebra,low,False,LinearAlgebraNorms,,,0,,,5f80a9cff9306a962134d40fddab40642d210bee47cb9b82a3dbe1b0ed4ed5a9,3
LinearAlgebraSVD.pdf,0.1,algebra,low,False,LinearAlgebraSVD,,,0,,,e3bc9d8c44a233c0620300b4952bdebe715d361656dd2ef9d495f79125d58a23,5
Linear_Stability_of_Elliptic_Lagrangian_Solutions_.pdf,0.6,unclassified,unclassified,False,Linear_Stability_of_Elliptic_Lagrangian_Solutions,,,0,,,f43481f79c8453cf3076a166dd7917df3ddd85811ad3e6cf22c17b0cd0e6eba7,44
Linearized_Perturbation_Equations_for_Complex_Hamiltonian.pdf,0.1,dynamical_systems,medium,False,Linearized_Perturbation_Equations_for_Complex_Hamiltonian,,,15,,,4ecd4e8e0a48634815cb5fef3c14e09e99f800ae1cf5b0e82ee54ffde36f3426,3
Linux Server.pdf,0.2,unclassified,unclassified,False,Linux Server,Maurizio Porfiri,,10,,,5fef80697e8575d633e85c127fb798a1cb71cbf99e5439f5a5fc5fdd9a085528,2
LlibreOrtegaSIAM.pdf,0.3,unclassified,unclassified,False,LlibreOrtegaSIAM,,,20,,,30a22e07948d4578787d78afee53e1dd84279d7eea0c464b0ce10fdcaaad10b2,17
M112-FinalF16.pdf,0.3,unclassified,unclassified,False,M112-FinalF16,Porus; Jonathan J,,10,,,50d32c3a817f1e69b211751e2e7411e07ea4eaf4f99ebba7fd414cdae0e71f62,12
M340F17Lab 1.pdf,0.1,unclassified,unclassified,False,M340F17Lab 1,,,0,,,b33bac9c295e778e2f9d3ab961f8a6bbd0d0a8c91ab7525455df887e0c545e8f,3
M340S16Lab 1.pdf,0.1,unclassified,unclassified,False,M340S16Lab 1,Vally,,10,,,f24e95b6f376100f57f9bea282d279ccd12c59378dce26ec422d52cad98a507d,3
M340_S19_Lab10_JohnDaudelin.pdf,0.1,unclassified,unclassified,False,M340_S19_Lab10_JohnDaudelin,,,0,,,fea3be43f8c6e7af12778cc52e49153e9fbe6b1712e8c5044eaf18fc6f73bc7e,9
M340_S19_Lab2_Solution.pdf,0.1,unclassified,unclassified,False,M340_S19_Lab2_Solution,,,0,,,fa07bba14d8e86e104d6c4450618f0accea08c654a97cc2986482101b7cbb4ba,5
M340_S19_Lab5_Solution.pdf,0.1,unclassified,unclassified,False,M340_S19_Lab5_Solution,,,0,,,0be38e04a7f85aba0f36774a25a9d07c0f3a048548c51e22eb83cd859108b956,9
M340_S19_Lab6_JohnDaudelin.pdf,0.1,unclassified,unclassified,False,M340_S19_Lab6_JohnDaudelin,,,0,,,98404ce70e4464b2384bf17cb395e2ecdb401220a3c503547bf6a4159a0d4165,6
M614Spring2016HW4.pdf,0.1,unclassified,unclassified,False,M614Spring2016HW4,,,0,,,4bf22959c3f2b834a39bf604005d9794748937eb507adcb4ec56bffd663f9f68,1
M656 Theorems.pdf,0.1,mathematics,low,False,M656 Theorems,Victor,,10,,,8aae16e01b1c994dc85fd357d1841c08ab730a5427a1b61dea5959318b1729ef,1
M707LectureNotes_3_MIresonances.pdf,0.9,unclassified,unclassified,False,M707LectureNotes.jnt,Administrator,,0,fuzzy_dup_434,possible_duplicate,175fdd0c7ee5bc0bcaac40e85ccbf559335b76d07243fc0f50e54f117ef564e0,10
M707LectureNotes_4_variational.pdf,0.6,unclassified,unclassified,False,M707LectureNotes.jnt,Administrator,,0,fuzzy_dup_434,possible_duplicate,f57dd7031041e16d6daa7b579120a14cdc516b5a15768d42796f207d37af63b2,6
M707LectureNotes_4a_mechanics.pdf,0.8,unclassified,unclassified,False,M707LectureNotes_4a_mechanics,Administrator,,10,,,4ee635db385603a0cb641d9726a67b2dbfc5702548d6444c7ba7079d08188886,5
M707LectureNotes_7a_scatteringFromDelta.pdf,0.8,unclassified,unclassified,False,M707LectureNotes_7a_scatteringFromDelta,rmoore,,10,,,f7d3c54444173f9470f39c3c746f5000ddcb09f676c1bdaa6134d0fe7999957c,2
M707LectureNotes_7c_scatteringDataEvolution.pdf,0.5,biology_neuroscience,low,False,M707LectureNotes_7c_scatteringDataEvolution,rmoore,,10,,,32f09d2aa716d5a318eb45ac1cf5dcd37e1a88619cf23bb6168f80507a94ca9f,2
M707LectureNotes_8_integrability.pdf,0.7,unclassified,unclassified,False,M707LectureNotes.jnt,Administrator,,0,fuzzy_dup_434,possible_duplicate,2d8d7bb41dd6e077e18b7f54ec01e8e2614f659a80136bc0dbb5769d55cc84f0,6
M707LectureNotes_9a_perturbationTheoryKdV.pdf,0.7,dynamical_systems,low,False,M707LectureNotes_9a_perturbationTheoryKdV,rmoore,,10,,,5a8e3453c49e4d6a00bc53b38b78868bb48889ad9021e12a36a5c53930fb7c62,3
MASII_Content_Outline.pdf,0.2,unclassified,unclassified,False,MASII_Content_Outline,Robin Gault-Winton,,10,,,bf41c7cee564b1063c661cd7223bd30ed51866f9e1f68dcefac886656349d2db,7
MASI_Content_Outline.pdf,0.2,unclassified,unclassified,False,MASI_Content_Outline,Robin Gault-Winton,,10,,,0bd233bd23e60430706b52ab37eb248a9b14d33f9fe3d9bc0712a9e763e2e610,8
MATH 656 S11 final exam solutions 2.pdf,0.1,unclassified,unclassified,False,MATH 656 S11 final exam solutions 2,Victor,,10,,,f782ece0bb156411c921e11ca9ee47f343ae886990c0e67642906b78258902c3,5
MATH340_S19_Lab3.pdf,0.1,unclassified,unclassified,False,MATH340_S19_Lab3,,,0,,,346ea4a91f89e6654ac818de3a8e88269608e7613db0d4d443f548ae422cd588,4
MATH340_S19_Lab4.pdf,0.1,unclassified,unclassified,False,MATH340_S19_Lab4,,,0,,,b60a0d54425aab0909f0e23b26ceefd15c3d5e07f5683df2d23bf641d010ac90,4
MATH340_S19_Lab5.pdf,0.1,unclassified,unclassified,False,MATH340_S19_Lab5,,,0,,,bdfe1e4f9a3c03cd7620e6b2248c9e890ec961d6e532a9b65ecc9191937d48df,4
MATH340_S19_Lab6.pdf,0.4,unclassified,unclassified,False,MATH340_S19_Lab6,,,0,,,d0e1d912f7c9c14034dfe94c2e47f9548d63144ad059714a5f77b473ceb1a344,2
MATH340_S19_Lab7.pdf,0.1,unclassified,unclassified,False,MATH340_S19_Lab7,,,0,,,d269df3ff429d4b370e4f90c96f3affe374f7265738dbde429915b9bfc226068,4
MATH_675_final.pdf,0.1,unclassified,unclassified,False,MATH_675_final,,,0,,,2362b0e92f60fbae7c816ff85ba93f069785ed9ab78405f6f6a32763ea8f1d7a,3
MATH_675_final_2.pdf,0.1,unclassified,unclassified,False,MATH_675_final_2,,,0,,,12fc7537abfc68c14b3fa4b5fc8b06298443c788069d190869819f9493df8986,3
MATH_GREProb.pdf,0.6,unclassified,unclassified,False,MATH_GREProb,,,0,,,ad3f100610a8f17f9856a01fbf4ed499548f23697fd82ec4ff07219bcc4d9244,47
MATH_GRESol.pdf,0.2,unclassified,unclassified,False,MATH_GRESol,,,0,,,19c4681e1114a60b05f5b37e86fdb4409bbfd89285eeb39b879f05187be201c2,17
MATPLOTLIB.pdf,0.2,unclassified,unclassified,False,MATPLOTLIB,,,0,hash_dup_287,possible_duplicate,83e5c784cf6cc3debc3694444c19d52b00067d4ee906ea772ffea44d7e369bc3,1
MDP.pdf,0.8,reinforcement_learning,low,False,Lecture 2: Markov Decision Processes,David Silver,,10,,,e66a0f67021ed3be71c508cc7a4f35e0fabff4b67d7494e938a462f66aac615a,57
ME-GY 6003 Final Exam Haocheng Zhai.pdf,4.0,unclassified,unclassified,False,ME-GY 6003 Final Exam Haocheng Zhai,,,0,,,26efc2490dc285928121e8a868fcbd98bf8dffbef6365461cf037e84391565f0,16
ME-GY 6003 Final Exam Paul Han.pdf,10.7,unclassified,unclassified,False,ME-GY 6003 Final Exam Paul Han,,,10,,,fb390398c05794e253c84953cd4d8e659c28024ad2e47bae68a71b6d222f4f4b,27
ME-GY 6003 Final Exam Yege Qian.pdf,11.5,unclassified,unclassified,False,ME-GY 6003 Final Exam Yege Qian,,,10,,,13f6090ce7e20e0469bf3ba261500aa551e47d5801b1a2877b527978ef9e630e,24
ME-GY 6003 Final Exam.pdf,3.2,unclassified,unclassified,False,ME-GY 6003 Final Exam,,,0,,,8edf68f9164799e40ae7334bcf06ec8b46c1d1bc6961f9f34fa753ca24b27f3f,24
ME-GY 6003 Syllabus Spring 2020 2.pdf,0.1,unclassified,unclassified,False,ME-GY 6003 Syllabus Spring 2020 2,User,2020,15,,,4b39844a63f23b99f9b5e5459fdaf05316529014134b270d0b2d3f60fb87e3bd,3
ME_GY_6003_HW_2_solutions.pdf,0.1,unclassified,unclassified,False,ME-GY 6003 HW #2,Brandon Behring,,10,,,0240840bce4a4b655693600a86aa43718ce5c46f1393842e10509244ef783987,7
MIMS_ep2005_12.pdf,0.5,unclassified,unclassified,False,MIMS_ep2005_12,,,0,,,5746fab4599d6a8fc114cda0a817fba9c9353b876e5d44e749431be96332a16e,47
MINE2019.pdf,0.8,dynamical_systems,high,False,Topological features determining the error in the inference of networks using transfer entropy,Roy H. Goodman; Maurizio Porfiri,,10,,,1f1765a8cc29be09cb74955b088662cd5822114056ef228b813707b2e28efce9,21
MLOps Fundamentals - Module 1 - Why and when we need MLOps .pdf,0.9,ml_engineering,low,False,MLOps Fundamentals - Module 1 - Why and when we need MLOps,,,0,,,fa53e641bef04016514f79f54bcb6bd2845f391615d96456ba47a9fdbf8a9e34,28
MVTTaylorSeries.pdf,0.1,unclassified,unclassified,False,MVTTaylorSeries,,,0,,,f3f4e61368ed82a75db4578e9d8395b51120024889192e1f524e6066bf037f26,5
Mansur_Abdalla_M_201211_PhD.pdf,0.6,unclassified,unclassified,False,Mansur_Abdalla_M_201211_PhD,,,0,,,5607c5e98bc704113a22f73e4eede47d6f608ed7e0344a03deaae9f8c0235738,143
"Marsden J. Mechanics and symmetry. Reduction theory (book 2, draft 1998)(145s).pdf",1.0,unclassified,unclassified,False,"Marsden J. Mechanics and symmetry. Reduction theory (book 2, draft 1998)(145s)",,1998,15,,draft,8042886563a0d24b5de75093253ff73fad9eb6691cef5ed837aee12218639ee6,145
Maslov.pdf,0.4,unclassified,unclassified,False,Maslov,,,0,,,041366e1245ebdcb63ae093a92e40aeab8c2061a37d1d50d1f48afdecf72ae08,15
Math 656 S14 final exam v3 solution.pdf,0.2,unclassified,unclassified,False,Math 656 S14 final exam v3 solution,Victor,,10,,,da0b683bc7f4b1f68768b47073e896d9d2a689c31eece90bc72291fa69c84015,6
Math 656 S15 final exam solution.pdf,0.1,unclassified,unclassified,False,Math 656 S15 final exam solution,Victor,,10,,,35730f5ed35774447c371685db34f2bf336d713d4f317e57893e9c69b9f7bde0,4
Math 656 S16 HW12.pdf,0.1,unclassified,unclassified,False,Math 656 S16 HW12,Victor,,10,,,2df43a1aadb56c5caacdf2e2c74861a892bbf22bae0cb6cd2db91af71ad93299,1
Math 656 S16 HW13.pdf,0.1,unclassified,unclassified,False,Math 656 S16 HW13,Victor,,10,,,03cbcac41fdf3038e11457d8ccac262e3a898d914a72f78ecd32e1920164b1ce,1
Math 656 S16 HW3.pdf,0.1,unclassified,unclassified,False,Math 656 S16 HW3,Victor,,10,,,5c8cde0e4f69e8fdbb982f0e9fb8a547327880aca6f4604f7e5977d564d19f7a,1
Math 656 S16 HW4.pdf,0.1,unclassified,unclassified,False,Math 656 S16 HW4,Victor,,10,,,2e1248075a546f84c09edef203052c0dfd58723c54778fc5652034b223051306,1
Math 656 S16 HW6.pdf,0.1,unclassified,unclassified,False,Math 656 S16 HW6,Victor,,10,,,104bcb3d97a06cdf1effa16c498ecb07d080fa5f32f725ba5c560742d6c7997b,1
Math 656 S16 HW8 1.pdf,0.1,unclassified,unclassified,False,Math 656 S16 HW8 1,Victor,,10,,,c5e5add36c7867aef78fd61a7969f06ec4504a02d2d83b50540128ff1351a304,1
Math 656 S16 final exam solution.pdf,0.2,unclassified,unclassified,False,Math 656 S16 final exam solution,Victor,,10,,,255930e7fbcc3a0c99251170a7ae23672e5a6f02d335cda3800764be7b8c84d3,7
Math112SP16.pdf,0.1,unclassified,unclassified,False,Math112SP16,,,0,,,7aa3fa07c691689ad86bfae4fa249cb645475fbe3176d302254ada0277822f28,6
Math340_Lab_8_Numerical_Integration 2.pdf,0.1,unclassified,unclassified,False,Lab 9 Solution,,,0,hash_dup_291,possible_duplicate,f2951d38020136e9d6d0f8769a57324411dafb9f2b4e209078c94f763d346a0a,12
Math340_Lab_8_Numerical_Integration.pdf,0.1,unclassified,unclassified,False,Lab 9 Solution,,,0,hash_dup_291,possible_duplicate,f2951d38020136e9d6d0f8769a57324411dafb9f2b4e209078c94f763d346a0a,12
Math340_Lab_8_Numerical_Integration_Solution.pdf,0.2,unclassified,unclassified,False,Lab 8 Solution,,,0,,,699c0128b79e1db32d30f9aa81b608ee73c70266701ecc380e95520d02d9c573,12
Math614Spring2016HW2.pdf,0.1,unclassified,unclassified,False,Math614Spring2016HW2,,,0,,,993bf547017b554d52b21ecd3049ac624dfaab727886d431cf217ba7418c4d1d,1
Math614Spring2016HW5.pdf,0.1,unclassified,unclassified,False,Math614Spring2016HW5,,,0,,,9cd0cbf32896f8b23b9560625354132ea6910101c41b92260620c47e1e3d7a4e,1
Math675.pdf,0.1,unclassified,unclassified,False,Math675,,,0,,,f2279d7f396cbc3084abe451c9693081a50b221687c1645fc619a7cc8d543592,5
Math_112-F16.pdf,0.1,unclassified,unclassified,False,Math_112-F16,,,0,,,252bedcdb64af378c81abedf3292270d5b0af033de92cb36160a152589dd7742,6
Math_112-SP20.pdf,0.1,unclassified,unclassified,False,Math_112-SP20,,,0,,,b621e7ef9a3ce71091e74d22e10e64387adae1da26467085fee081664d076169,6
Math_645-F15.pdf,0.1,unclassified,unclassified,False,Math_645-F15,,,0,,,5fea38d3ba31f09ba935411ee836204b9f37f9490e5389000956c812bd5ce7d5,4
Matheiu_Leap_Frog.pdf,0.1,unclassified,unclassified,False,Matheiu_Leap_Frog,,,0,,,8657ef5d01a0c5870c1d9205e396792daa216fb370c2901e38e98e419a44731a,7
Mathematical Methods in the Applied Sciences Volume 37 issue 2 2014 doi 1010022Fmma2971 Sourdis Christos -- On periodic orbits in a slow-fast system with normally elliptic slow manifold.pdf,0.1,topology_geometry,low,False,On periodic orbits in a slowfast system with normally elliptic slow manifold,,2014,5,,,c23d118a3128212b396a89841fda32dcbdcbc9b79212e3342b2dd5beaf0f4ab6,7
Matheus Arrais Rene Martinez Bravet Leonardo Ciccone Angie Nobre Cocharero Ãrika Kurauchi Hugo Rozestraten - AWS Certified Database Study Guide Specialty DBS- C01 Exam-Sybex 2023 3.pdf,12.5,unclassified,unclassified,False,AWS Certified Database Study Guide,Arrais; Matheus; Bravet; Rene Martinez; Ciccone; Leonardo; Cocharero; Angie Nobre; Kurauchi; Erika; Rozestraten; Hugo,2023,45,,,73b60678ce74b5ccb12d06c45d197b4d97d0a2f1b4579d2e95d34ced626bc14b,499
Mazda Mazda3 Hatchback New Car Inventory Price Request Form has been submitted.pdf,0.2,unclassified,unclassified,False,Mazda Mazda3 Hatchback New Car Inventory Price Request Form has been submitted,,,0,,,4883f985a1b26b45eaff82b85f6d90a18a0eb3621d4aa52996d64931085eddf0,2
Meccanica Volume 35 issue 4 2000 doi 1010232Fa3A1010327717603 Martin Krupa Alois Steindl Hans Troger -- Stability of Relative Equilibria Part II- Dumbell Satellites.pdf,0.1,unclassified,unclassified,False,Stability of Relative Equilibria. Part II: Dumbell Satellites,,2000,20,,,d20fbe43dc844e6414538f5e7dcf84d5c9b7a6147973ff821066589c05090866,19
Meccanica Volume 35 issue 4 2000 doi 1010232Fa3A1010374421678 Martin Krupa Martin Schagerl Alois Steindl Hans Troger -- Stability of Relative Equilibria Part I- Comparison of Four Methods.pdf,0.2,unclassified,unclassified,False,Stability of Relative Equilibria. Part I: Comparison of Four Methods,,2000,20,,,1af1b2547d94f8f488bbc7e555724dfa92d1895f807b41febf8802a4e268cc30,27
Mechanics Research Communications Volume 3 issue 4 1976 doi 1010162F0093-641328762990062-8 U Kirchgraber -- Stable periodic orbits of Hamiltonian systems.pdf,0.2,dynamical_systems,medium,False,PII: 0093-6413(76)90062-8,,1976,20,,,47a11316b80c3d87629ab041f3283589db9a72e1c201af22819da9fc37325542,5
Mechanism and Machine Theory Volume 26 issue 2 1991 doi 1010162F0094-114x28912990077-h B Weyh H Kostyra -- Direct floquet method for stability limits determinationI- Theory.pdf,0.5,unclassified,unclassified,False,PII: 0094-114X(91)90077-H,,1991,5,,,3e277a7c1373f9edaf12b2edbc440a794fbc916b852b08a511ebc503bbbb716f,9
Mechanism and Machine Theory Volume 26 issue 2 1991 doi 1010162F0094-114x28912990078-i H Kostyra B Weyh -- Direct floquet method for stability limits determinationII- Application and phenome.pdf,0.6,unclassified,unclassified,False,PII: 0094-114X(91)90078-I,,1991,5,,,4e8a3d4c298f4219d167aa9496d018475e2a0177ac6d40898082394bf636d16a,12
Methodsfinalcompressed.pdf,1.0,unclassified,unclassified,False,Methodsfinalcompressed,,,0,,,c99ec6f29548eebfb577fb867ec9d81bcecd55b4e4513912f930aa07a96c8ef5,11
Midterm - Requires Respondus LockDown Browser + Webcam.pdf,0.1,unclassified,unclassified,False,Midterm - Requires Respondus LockDown Browser + Webcam,,,0,,,69fee2e898ff2cb36e25a84bb6662e8ed3c8ae8e4841b4a7b14af2a195804ad4,3
Midterm 3.pdf,0.1,unclassified,unclassified,False,Midterm 3,,,0,,,2a0b07fc2b85ccfc7c0b238d78144d82ee8f3617faea749c33364f444ef38a31,1
Midterm.pdf,0.1,unclassified,unclassified,False,Midterm,,,0,,,257b22b22b60053c5f5c33d58320edf8b3ae993f30a05da4a23a11511d77c8b8,6
Midterm1 2.pdf,0.1,unclassified,unclassified,False,Midterm1 2,,,0,,,4237966d9e9c467cbbf1b9a2887118610255f8f30e7df771674e596447293cb2,2
Midterm1_solutions 2.pdf,0.1,unclassified,unclassified,False,Midterm1_solutions 2,,,0,,,47df75a008a513661c24672d154e76deb124fcc038006f5e42a68c6b208a9b03,5
Midterm2 - with formulas.pdf,0.3,unclassified,unclassified,False,Midterm2 - with formulas,,,0,,,25c5dbe172ca899683a2bb4a60a4033d9d60f14903ca6b5495397633603d68f0,3
MillerLecture02.pdf,0.1,unclassified,unclassified,False,MillerLecture02,,,0,,,6789a09d79db79bc20b7ede769783adffad2b53fe277fe9b63b2c3f0b9e1970b,4
Model 1:N relationships.pdf,0.5,mathematics,low,False,Model 1:N relationships,,,0,,,25db8b9891148193129a48b977d40b45ed2a0d4a9ae71793773468c6a999cb37,24
"Modern Physics Letters B Volume 29 issue 35n36 2015 [doi 10.1142%2FS0217984915300173] Conte, Robert; de Seze, Laurent -- Exact solution of the planar motion of three arbitrary point vortices.pdf.pdf",1.4,dynamical_systems,high,False,Exact solution of the planar motion of three arbitrary point vortices,Robert Conte; Laurent de Seze,2015,15,,,b51faf3cdd69322dc7b804eeecb792ff9b7c0458578be894398032d25016bdc3,33
Molteni G Serra E Tarallo M - Asymptotic resonance modes interaction and subharmonic bifurcation 2005.pdf,0.3,dynamical_systems,high,False,fpu10-2-05.dvi,,2005,5,,,739d9d73113f41cc0f0ac0fcfa938f40a107cd0a0b4f58a4ece3aa7deb579929,49
My_Pay_History.pdf,0.1,unclassified,unclassified,False,My_Pay_History,,,0,,,b39fe757c4dd5f4d7334fdf3a88b8e14af160e712b95eb1baf089c51cda1ba9b,1
NJ Institute of Technology Mail - SIAM-DS19-Poster Acceptance Notice.pdf,0.2,unclassified,unclassified,False,NJ Institute of Technology Mail - SIAM-DS19-Poster Acceptance Notice,,,20,,,dbf5a366ce1312a5fca657038c7d2e83e882dc26f78e57e19b42b77a2a5f0f63,3
NJD3170031.pdf,0.2,unclassified,unclassified,False,NJD3170031,Oracle Reports,,10,,,4b6a087a568afbda5b00e46e1992cc7efa2b9131ed1c0f1d008e65fd5aa239a2,3
NJITAnalysisFinal.pdf,0.2,unclassified,unclassified,False,NJITAnalysisFinal,,,0,,,6af574e3fb2843f2f82bb83eab4237caa983ef095f4a53216f4edf61267041c7,9
NRT Preproposal_Dec15_BB.pdf,0.2,unclassified,unclassified,False,NRT Preproposal_Dec15_BB,,,0,,,169a49ce2ea1ab8cb261b5e88f9f1a83e14426d8ac15e8cf3c62fb71146ba3e3,7
NRwLegend 2.pdf,0.7,unclassified,unclassified,False,NRwLegend 2,,,0,,,91879c3232c4872449e72367fea66f8ae93c59d1b07462579cea58ad04c7be43,1
Nadini2020_Article_DetectingNetworkBackbonesAgain.pdf,0.9,dynamical_systems,high,False,Nadini2020_Article_DetectingNetworkBackbonesAgain,Matthieu Nadini,,30,,,533b7f2145fe1661c17aa5a51b36c013fb612eac41f1066476450bc1777034f9,24
Nadir Jeevanjee auth. An Introduction to Tensors and Group Theory for Physicists.pdf.pdf,3.5,algebra,low,False,Nadir Jeevanjee auth. An Introduction to Tensors and Group Theory for Physicists.pdf,,,5,,,67deab58cc3713e840aa54275f9d37e6af9a71e00693c4badfa7517696d60c1e,317
Nakahara_HW_Littlejohn.pdf,0.5,unclassified,unclassified,False,Nakahara_HW_Littlejohn,,,0,,,f9f91cbec506e8b1114002efe851158617ff8fe071ffed0b5cf7196b8bc58c49,38
Nakayama_Entropy.pdf,0.5,unclassified,unclassified,False,Nakayama_Entropy,Shinnosuke Nakayama; Vrishin R. Soman; Maurizio Porfiri,,10,,,f00aff1c9ce43d1e8c9051fa939a1620346e3fb9026d99924e96f3110b010ff1,13
Nature 1999 Sweet.pdf.pdf,0.2,unclassified,unclassified,False,Nature 1999 Sweet.pdf,,1999,5,,,1ac72e39a690b7eb02e7ee895e133eb3fcf67c7ed66169b72e5c82a68120b68e,2
"Nature Physics Volume 3 issue 4 2007 [doi 10.1038%2Fnphys560] Colizza, Vittoria; Pastor-Satorras, Romualdo; Vespignani, Alessa -- Reaction–diffusion processes and metapopulation models in heterogeneou.pdf",0.6,mathematics,low,False,"Nature Physics Volume 3 issue 4 2007 [doi 10.1038%2Fnphys560] Colizza, Vittoria; Pastor-Satorras, Romualdo; Vespignani, Alessa -- Reaction–diffusion processes and metapopulation models in heterogeneou",krishna,2007,15,,,63dd035118d0956a0cd6797556121a7d046d2e06786a948ac53041df0c69b4e4,7
Nature-summary-paragraph.pdf,0.3,unclassified,unclassified,False,Nature-summary-paragraph,,,0,,,2ae464c797487b16a086c47ea4600817f0404798675f09b2027b912d1b291dbf,1
"Nayfeh A.H., Chin C.-M.-Perturbation methods with Mathematica (1999).pdf.pdf",1.5,dynamical_systems,low,False,TOC_Math.PDF,Nayfeh A.H; Chin C,1999,20,,,477f38224578c0b516dbfa8a979cc777a3006e18717e06895a005a1ec18e9f41,346
Nick Alteen Jennifer Fisher Casey Gerena Wes Gruver Asim Jalis Heiwad Osman Marife Pagan Santosh Patlolla Michael Roth - Aws Certified Developer Official Study Guide_ Associate Dva-C01 Exam-.pdf,29.4,unclassified,unclassified,False,Nick Alteen Jennifer Fisher Casey Gerena Wes Gruver Asim Jalis Heiwad Osman Marife Pagan Santosh Patlolla Michael Roth - Aws Certified Developer Official Study Guide: Associate Dva-C01 Exam,,,20,fuzzy_dup_438,possible_duplicate,48e2f49ff75acd5e509c8c556e01b7bc61593175f743888587ec189399471f9e,992
"Nick Alteen, Jennifer Fisher, Casey Gerena, Wes Gruver, Asim Jalis, Heiwad Osman, Marife Pagan, Santosh Patlolla, Michael Roth - Aws Certified Developer Official Study Guide_ Associate (Dva-C01) Exam-.pdf",28.8,unclassified,unclassified,False,"Nick Alteen, Jennifer Fisher, Casey Gerena, Wes Gruver, Asim Jalis, Heiwad Osman, Marife Pagan, Santosh Patlolla, Michael Roth - Aws Certified Developer Official Study Guide: Associate (Dva-C01) Exam",,,20,fuzzy_dup_438,possible_duplicate,494a1feb734b7d6d0bd1d5f9ac0817f01c8df27be989faddc0f1115609c6dff9,992
NonInstabNegKrein.pdf,0.8,unclassified,unclassified,False,NonInstabNegKrein,,,0,,,e9faed3e8bea606515b969199d9a15c269e9179f511463fe3232d07c47a541d8,7
Nonlinear Analysis- Theory Methods Applications Volume 65 issue 4 2006 doi 1010162Fjna200510004 Pedro J Torres -- Non-trivial periodic solutions of a non-linear Hills equation with positi.pdf,0.1,unclassified,unclassified,False,doi:10.1016/j.na.2005.10.004,,2006,20,,,ef3962084694ef9e9a0a59d22cc8ef2e3a818e96856935b85f1480197a46e128,4
Nonlinear Differential Equations and Applications NoDEA Volume 5 issue 4 1998 doi 1010072Fs000300050057 Yiming Long Tianqing An -- Indexing domains of instability for Hamiltonian systems.pdf,0.4,dynamical_systems,high,False,Nonlinear Differential Equations and Applications NoDEA Volume 5 issue 4 1998 doi 1010072Fs000300050057 Yiming Long Tianqing An -- Indexing domains of instability for Hamiltonian systems,,1998,20,,,a79f3fbab9e7952c84e7771c79b35fcfaabb4b4d8240507d682897167834198a,18
Nonlinear Dynamics Volume 12 issue 4 1997 doi 1010232Fa3A1008291500849 A A Zevin -- Analysis of Stability and Instability Regions in Parametrically Excited Hamiltonian Systems.pdf,0.2,dynamical_systems,medium,False,Analysis of Stability and Instability Regions in Parametrically Excited Hamiltonian Systems,,1997,20,,,67ac39f102a66fa57c6f213abfea936466c61972d057a23c234752838472a9d5,15
Nonlinear Dynamics Volume 72 issue 3 2013 doi 1010072Fs11071-012-0744-0 Peletan LoÃ¯c Baguet SÃ©bastien Torkhani Mohamed Jacqu -- A comparison of stability computational methods for periodic.pdf,0.5,dynamical_systems,low,False,Nonlinear Dynamics Volume 72 issue 3 2013 doi 1010072Fs11071-012-0744-0 Peletan LoÃ¯c Baguet SÃ©bastien Torkhani Mohamed Jacqu -- A comparison of stability computational methods for periodic,,2013,5,,,28dd594a001ba0770091598681192816f6d9eb0b9cfe2cbeffd072dbd55ef677,12
Nonlinear Oscillations Volume 6 issue 1 2003 doi 1010232Fa3A1024819519472 E A Grebenikov A N Prokopenya -- Determination of the Boundaries between the Domains of Stability and Instability fo.pdf,0.1,unclassified,unclassified,False,Determination of the Boundaries between the Domains of Stability and Instability for the Hill Equation,,2003,5,,,91b21712fe7d3f405ce0a43ffbea1a574f7959ae6709b7fcc5964029c51c8d3f,10
Nonlinearity Volume 11 issue 3 1998 doi 1010882F0951-77152F112F32F009 Lomelí Héctor E Meiss James D -- Quadratic volume-preserving maps.pdf,0.2,unclassified,unclassified,False,Nonlinearity Volume 11 issue 3 1998 doi 1010882F0951-77152F112F32F009 Lomelí Héctor E Meiss James D -- Quadratic volume-preserving maps,,1998,5,,,dac378db45d535941f536e175a1d5ff3e930558827562b2fbf683542ea18c109,19
Nonlinearity Volume 16 issue 2 2003 doi 1010882F0951-77152F162F22F319 Tuwankotta J M Verhulst F -- Hamiltonian systems with widely separated frequencies.pdf,0.2,dynamical_systems,low,False,Nonlinearity Volume 16 issue 2 2003 doi 1010882F0951-77152F162F22F319 Tuwankotta J M Verhulst F -- Hamiltonian systems with widely separated frequencies,,2003,20,,,b49a0ee40c06da35b7bfa8b1996b390b715fad4ef65f7154793d0fc1b4c0ef93,19
Nonlinearity Volume 22 issue 8 2009 doi 1010882F0951-77152F222F82F001 Lomelí H E Meiss J D -- Resonance zones and lobe volumes for exact volume-preserving maps.pdf,0.2,unclassified,unclassified,False,Nonlinearity Volume 22 issue 8 2009 doi 1010882F0951-77152F222F82F001 Lomelí H E Meiss J D -- Resonance zones and lobe volumes for exact volume-preserving maps,,2009,5,,,395dee30182b3bcc09705f9b2e51ea1cc3e4d8ace9483811cf2cf6accb0b9f47,18
Nonlinearity Volume 9 issue 1 1996 doi 1010882F0951-77152F92F12F005 Benettin Giancarlo Fassò Francesco -- Fast rotations of the rigid body- a study by Hamiltonian perturbation theory Part I.pdf,0.6,dynamical_systems,medium,False,Nonlinearity Volume 9 issue 1 1996 doi 1010882F0951-77152F92F12F005 Benettin Giancarlo Fassò Francesco -- Fast rotations of the rigid body- a study by Hamiltonian perturbation theory Part I,,1996,20,,,63180fedd130b3b1da9f13859bf7f1dc3a572be9bae4daa30fa1c7cec524e75e,51
NormalFormsJNS.pdf,0.1,unclassified,unclassified,False,NormalFormsJNS,,,0,,,33489e5d818d220ffe2224807030322aa2422da34b4f8894ee34d48de9002288,8
Normal_Forms_and_the_Structure_of_Resonance_Sets_i.pdf,0.3,unclassified,unclassified,False,Normal_Forms_and_the_Structure_of_Resonance_Sets_i,,,0,,,e1779737412996a3d5ebaa6ff58c2ba07c5df0d9470059b950fc8eca57d4b9be,22
"Norman Bleistein, Richard A Handelsman Asymptotic Expansions of Integrals.pdf.pdf",12.8,unclassified,unclassified,False,"Norman Bleistein, Richard A Handelsman Asymptotic Expansions of Integrals.pdf",,,25,,,7528f4ffa45e20241e03eab70f79479fb5f728195fc3ec1ab3c881b5603e8d41,221
NotesI.pdf,0.1,unclassified,unclassified,False,NotesI,,,0,,,67f3f8e107773b9d30dd8dd86af2ff3e0441eb28a8e4c4279781f37a5c0b1273,4
NotesIII.pdf,0.1,unclassified,unclassified,False,NotesIII,,,0,,,b27d47acf9cff4fc7bb03610336ad4b425e087d8d5534ba9628aaf793a9e26c5,2
Numerical_Methods_HW3.pdf,0.1,unclassified,unclassified,False,Numerical_Methods_HW3,,,0,,,dae2107fd3f9fc3905484052f1570d8a1971aa8dc2d1f404636fced0a21cf270,5
OOP.pdf,0.4,unclassified,unclassified,False,OOP,,,0,,,64c061fce50330db67de0f7330a33f37071cbe3608d786fef586127ce6f0af05,25
ORAL_GUIDE.pdf,0.1,unclassified,unclassified,False,ORAL_GUIDE,,,0,,,465adaa8c1e90ded966285120f1773c13a9e6162303b141ecb69806a4c9bfa96,9
OllePV98.pdf,0.2,unclassified,unclassified,False,OllePV98,,,0,,,1c714a00e7809bcc8fe75d9d788bdb935858914b474db6e97afab081507c1818,14
On_bifurcation_of_eigenvalues_along_convex_symplec.pdf,1.0,dynamical_systems,low,False,On_bifurcation_of_eigenvalues_along_convex_symplec,,,0,,,286cfa384c1df1782d09c42333821a028fc8696dbf889b8840fc94271a9755af,37
On_the_floquet_exponents_of_Hills_equation_systems.pdf,0.2,unclassified,unclassified,False,On_the_floquet_exponents_of_Hills_equation_systems,Robert Denk,,10,,,7433c21ff2a6563d8f53eae73bd88107cf486fbe212a4497303e16d5b98fd2fe,8
OnlineEdCard_CB.pdf,0.1,unclassified,unclassified,False,OnlineEdCard_CB,,,0,,,c6685d901556f378cfe68e4ca0e598fb1f55c7cb41d8d16422369192c563c225,1
OpenMyBill.pdf,0.9,unclassified,unclassified,False,OpenMyBill,,,0,,,e4151c4945e72ff84b7e097121781d434da1c33dd88ec702635501beaade49d8,4
OpenMyBill_Brandon_and_Tatyana_Behring.pdf,0.8,unclassified,unclassified,False,OpenMyBill_Brandon_and_Tatyana_Behring,,,0,,,ae51c036751919e930ed10c077d2cded2af8e5a37066ff6f0f2e8351899eb70e,4
Operations and Error.pdf,0.2,unclassified,unclassified,False,Operations and Error,Administrator,,10,,,6a1fa79328388f7eac84f0bc36ac546cc06a3f4726793ede749b81094ebef6ee,6
OptimalCompletion.pdf,0.6,unclassified,unclassified,False,OptimalCompletion,,,0,,,a121bb855dd81568b1a0ce29ba062354abd598d2790e0448fb5c2d207f7699f3,51
Optimal_control_of_epidemics_with_limited_resource.pdf,0.7,unclassified,unclassified,False,Optimal_control_of_epidemics_with_limited_resource,,,0,,,4c902ba8ecdb9f8a85c03cc3175b59a6bcc017fab66412eb4a42602e4d8b1209,30
Orders - Apple.pdf,0.1,unclassified,unclassified,False,Orders - Apple,,,0,,,1555fae54196899c7f7aa78a0870283988f8bf557ab9a928dabf2745ba72fddc,2
Oscillating_mushrooms_Adiabatic_theory_for_a_non-e.pdf,0.7,unclassified,unclassified,False,Oscillating_mushrooms_Adiabatic_theory_for_a_non-e,,,0,,,985d7e363c74ee814a3bed8c976856c9899378ae2171e5226c825d9543e9af86,25
Outputting a sequence.pdf,0.7,unclassified,unclassified,False,Outputting a sequence,,,0,,,399152707fe736d7e83ecbb967e8a0eefb1c45c660daf622038a937eb279346d,2
Outreach list of contacts for Education (Internal DSL only).pdf,0.3,unclassified,unclassified,False,Outreach list of contacts for Education (Internal DSL only),Paul,,10,,,27f29e25e83970a1f510a264b3ee7fb761a1916ee5007dcb5af9ce0ee24b42f8,3
PAF_Assignment_(PDF).pdf,0.1,unclassified,unclassified,False,PAF_Assignment_(PDF),Christovich; Collin W (Genworth),,10,,,c39bb3e5dd38274dbf4544c3aeeb52b348684d08b6a2b0de8f94d2027ddcebd7,3
PAK_Exam_Aid_ERM_Sample.pdf,0.3,unclassified,unclassified,False,PAK_Exam_Aid_ERM_Sample,Eddy,,10,,,9e9a44e30ca7c27a801a450c400fa326b1f8eb95a2434b99f2386fede195ce16,8
PAK_Flash_Cards_ERM_Sample.pdf,0.3,unclassified,unclassified,False,PAK_Flash_Cards_ERM_Sample,Eddy,,10,,,29d1c8ebe1c37c2a2b7ef5070cb890dda58b56939ab6c39abf5da13ab19ccad4,9
PAK_Study_Manual_ERM_Sample.pdf,0.9,unclassified,unclassified,False,PAK_Study_Manual_ERM_Sample,Eddy,,10,,,f35f4c436df2b43eb5711fcdeb63dc3a49230410d7037fca7a78a0157f663420,26
PAK_Test_Aid_ERM_Sample.pdf,0.2,unclassified,unclassified,False,PAK_Test_Aid_ERM_Sample,Eddy,,10,,,c6fd4f4574c46f7ddf19d7fe31ffdef83dd4223214b72232a8385b15841412fe,3
PANDAS_1.pdf,0.5,unclassified,unclassified,False,cheatsheet2,,,0,hash_dup_301,possible_duplicate,5f9a29d3fd959880158610f9e6c2c61a52e68e3da3ef8449eecbf7f4e6447798,1
PA_FS.pdf,0.7,unclassified,unclassified,False,PA_FS,,,0,,,eeeff3bb98aa9530a95c7d59707bd9b39ce51eadec4a9f4e3687ebdb5704e1c8,21
PC3vortices-numREF.pdf,0.7,dynamical_systems,low,False,PC3vortices-numREF,,,0,,,1bf4a8891f29170b0c700495ad9c087374bc062ae8d88ea7f94738f9077395f1,20
PCAP-FREE-SAMPLE-TEST-1-Aug-21-2018.pdf,0.7,unclassified,unclassified,False,PCAP-FREE-SAMPLE-TEST-1-Aug-21-2018,OpenEDG Python Institute,2018,15,,,e8987354987423d1700e6e8c1919f97ba69cc40cf953ee57bc5c506aef2a09ba,45
PDF document.pdf,0.1,unclassified,unclassified,False,PDF document,,,0,,,3ffb0c414086d98435a5b5bebe47b41e92a477a580b190549ebade2455e5732e,1
PEKjmp98.pdf,0.2,unclassified,unclassified,False,PEKjmp98,,,0,,,2e4e334906be0a0ccc1369d5e7557a456921f11026a99c73a0fec7673301a41d,14
PF19-1.pdf,0.6,unclassified,unclassified,False,PF19-1,,,0,,,bdbbb875f21a98c2a047219399c2ba0ce8b716a158dabf0630fa5d4bb54d291c,12
PIIS0889540621006971.pdf,0.2,unclassified,unclassified,False,PIIS0889540621006971,Christos Christogiannis,,25,,,27165c0b50247b8499d1652c91d9f96cec0c9685e05469e82a98270cff4bd607,3
PRE_2006_vol73_p056206.pdf,0.3,unclassified,unclassified,False,PRE_2006_vol73_p056206,,,0,,,599b54afd46f0d5aca6e87ec6c1f20d306ab55728b6c8f1f8f655f668aa1de60,9
PRL.pdf,0.1,unclassified,unclassified,False,PRL,,,0,,,63d50fb8474a8ba71de6612c1e02fe484bae2cb5643ccac4670cb96340ca157e,4
PRU_-_Employee_View_Compensation_Profile.pdf,0.1,unclassified,unclassified,False,PRU - Employee_View_Compensation_Profile,,,0,,,6f4d108d69c813d55c2911d39960cb21b50aadcd007f0916d7b9914ced9acc73,1
PSS_Aref_LF_h_0_11.pdf,0.2,unclassified,unclassified,False,PSS_Aref_LF_h_0_11,,,0,,,46ddb38c432afcb052fb1f1b9a629b21e6cc02e4510a14c7a1a6c16df9aba474,1
PSS_E0 2.pdf,0.3,unclassified,unclassified,False,PSS_E0 2,,,0,,,16a97861381f619a6610977fa1e57de2ad87d5b8b2bf6f21929cea77fdd28905,1
PSS_E0.pdf,0.3,unclassified,unclassified,False,PSS_E0,,,0,,,a9dd397836b57fa704897c9f02faf0a037cf44485b28e2bca1482e5919dd78e5,1
PSS_E0_copy.pdf,0.4,unclassified,unclassified,False,PSS_E0_copy,,,0,,,e691a1ba7fb01ad5e227199e8486ffe65669cf7f6b3060082a836a7c7709878c,1
PYTHON.pdf,0.1,unclassified,unclassified,False,PYTHON,,,0,hash_dup_303,possible_duplicate,109d2019f6789c33c1f58a29fbca86286dc37d503297fedaa60b56ad65a9e1da,1
P_FS.pdf,0.8,unclassified,unclassified,False,P_FS,,,0,,,99eb48237b2a95d6858c4918bbf869be71d4e1f2c1cdaa938c41e3dc0a401c5b,3
Pandas_Cheat_Sheet.pdf,0.3,unclassified,unclassified,False,Pandas_Cheat_Sheet,,,0,,,f6f53189d3d6cd938440ae7a2117679360723c4f6697e6bf36ed602003e1639a,2
ParametersGeneral 2.pdf,0.1,unclassified,unclassified,False,ParametersGeneral 2,,,0,,,62be5140dfc37d9cfffcc0b6220d923409f80204e36d90125e58998d3808b0f6,1
ParametersTests 2.pdf,0.1,unclassified,unclassified,False,ParametersTests 2,,,0,,,4f2e38e74323f3633a7044c6c5ae90b41bdf60a9bf72bfdb26ef6e8cb4b7476e,1
Pay_Stub_October_2020.pdf,0.1,unclassified,unclassified,False,Pay_Stub_October_2020,Brandon Behring,,10,,,b93ccb7388c356b0a4468fcc5a9ac4acc173223f9dc826c66814bd537e3fa374,1
Payslip_to_Print_-_Report_Design_-All_Employees_Configured 08:15:2024.pdf,0.1,unclassified,unclassified,False,Payslip_to_Print - Report_Design_-All_Employees_Configured 08:15:2024,,2024,5,,,21bf698395284ee167e6cda38b589cace82e43fc56691b6188459590e1000e66,1
Payslip_to_Print_-_Report_Design_-All_Employees_Configured 08:31:2024.pdf,0.1,unclassified,unclassified,False,Payslip_to_Print - Report_Design_-All_Employees_Configured 08:31:2024,,2024,5,,,fed628235e8097029a5f5e9e1de814a37226e6a46e9b561b7fae3cfc2fbea30e,1
Payslip_to_Print_-_Report_Design_-All_Employees_Configured 09:15:202.pdf,0.1,unclassified,unclassified,False,Payslip_to_Print - Report_Design_-All_Employees_Configured 09:15:202,,,0,,,a7ef6324e3289441965849befa7be79aaaad2c5430bc518ebca5e8955e027bf3,1
PeriodDoubling.pdf,0.7,unclassified,unclassified,False,PeriodDoubling,,,0,,,296220d20d14e8399583be0de3df6ea72d61b8e8d38afeff2e193615af43b655,28
PeriodicSolutionstoaHamiltonianSystem-Bruno-2006-S0010952506030099.pdf,0.3,dynamical_systems,low,False,Periodic solutions to a Hamiltonian system,,2006,20,,,fdffc4382fb33afc92c3618c8e692ef7e016d15958e10fcae778abcc3aa22f25,14
Periodic_Orbits_of_Hamiltonian_Systems.pdf,0.4,dynamical_systems,medium,False,Periodic_Orbits_of_Hamiltonian_Systems,,,15,,,3c211dfe4388fbdbfc25d8a85224b2bf1f452b2f3cf865a6231bdba91ed36c05,42
Periodic_Solutions_in_Hamiltonian_Systems_Averagin.pdf,0.6,dynamical_systems,low,False,Periodic_Solutions_in_Hamiltonian_Systems_Averagin,owner,,25,,,637eea133a9b2f86ca4e0bd19eaf4cf127605fc2a3766f508ca72af791b5503f,30
Periodic_Solutions_of_N-Vortex_Type_Hamiltonian_Sy.pdf,0.3,dynamical_systems,medium,False,Periodic_Solutions_of_N-Vortex_Type_Hamiltonian_Sy,,,15,,,3554dc9385dbbb0b47c7a4c711f9a602770e604b44e9d1a82bf5ae70e6bebaab,22
Periodic_Trajectories_near_Degenerate_Equilibria_i.pdf,0.2,unclassified,unclassified,False,Periodic_Trajectories_near_Degenerate_Equilibria_i,,,0,,,c28b24b0ca55cf4b38325d3303abec35f5ce8cbe128372179c55aeeba2e441aa,11
Periodic_and_Chaotic_Orbits_of_Plane-Confined_Micr.pdf,0.8,dynamical_systems,low,False,Periodic_and_Chaotic_Orbits_of_Plane-Confined_Micr,,,0,,,19e28e4a91627a84c477cd4dc4bf49baa972247e2a61b53be17f553f763da45a,7
Periodic_solutions_of_planetary_systems_with_satel.pdf,0.7,unclassified,unclassified,False,Periodic_solutions_of_planetary_systems_with_satel,E.A. Kudryavtseva,,10,,,2d409135b7c9457d5fdc0e1f733c45ae71684442df0733154e776aef3b1828f8,41
Perturbation_Analysis_of_Parametric_Resonance.pdf,0.3,dynamical_systems,low,False,Perturbation_Analysis_of_Parametric_Resonance,,,0,,,7f60c92826c8266ded7e84fecdf2c556f0efd20560a106f7a0f38b7c7f3cbaa6,26
Perturbations-Theory-and-Methods-Classics-in-Applied-Mathematics-.pdf.pdf,54.4,dynamical_systems,low,False,Perturbations-Theory-and-Methods-Classics-in-Applied-Mathematics-.pdf,,,25,,,edc56354fab17558a2be7d4e33f318ecdf8c9869400fb142116881b4762b2d08,530
PhD Advisor Designation Form Updated 11-26-19 2.pdf,0.2,unclassified,unclassified,False,PhD Committee Appointment Report,,,0,,,850345ae5f404d686f5737795a59b0347d85b1b7773ccd5a790d1143d2be64ef,1
PhD Dissertation Defense Report.pdf,0.5,unclassified,unclassified,False,PhD Defense Report,,,0,,,ebbc06a87598d3651f1a534ba3a7ecf468ee707c7d6bce34613142637694b08f,1
Photo Requirements.pdf,0.3,unclassified,unclassified,False,Photo Requirements,Tom Dymowski,,10,,,c608ab674bcc3cd94208bce667bd984dda72867104cbac9da783b504fa0fe0c1,1
Phys Fluids 2013 Topho̸j.pdf,0.6,unclassified,unclassified,False,Phys Fluids 2013 Topho̸j,,2013,5,,,6b9efb6cd9b77dc142703d8d60bbaf1e5aae880c15de19920a912d1b268eea4b,17
Phys Rev A 1984 Reichl.pdf,0.6,unclassified,unclassified,False,Phys Rev A 1984 Reichl,L. E. Reichl; W. M. Zheng,1984,15,,,12cc30ca6a47f7784ec4bb6b8015450114c6b4d8210f336d9fc762e92ccf5a54,8
Phys. D 2001 Sweet.pdf.pdf,0.2,unclassified,unclassified,False,Phys. D 2001 Sweet.pdf,,2001,5,,,c833fa7c056be8ce47b90826377869b75a3549e063941b97a746ae6e8cb1c66d,12
Phys. Rev. Lett. 1989 Bleher.pdf.pdf,0.6,unclassified,unclassified,False,Phys. Rev. Lett. 1989 Bleher.pdf,,1989,5,,,85d2306506d3ed69e3911557533def80312165fcec12a8da7ac1dc6293d3dd28,4
PhysRevE.87.032805.pdf,0.5,unclassified,unclassified,False,PhysRevE.87.032805,,,0,,,bfdefe9da4933b2e01ca5c76ffd7890e544b88459895d0945c918330ab20da7f,9
PhysRevE.87.062807.pdf,0.3,unclassified,unclassified,False,PhysRevE.87.062807,,,0,,,6b8fcaef3d09241b886517043480811d947356cf5a2bb7c4c319a01947c6353b,7
PhysRevE.90.042801.pdf,0.5,unclassified,unclassified,False,PhysRevE.90.042801,,,0,,,760ba3b508dac12a8f5b7f2fe310954d887575a766797f0d24e81d7b5a5d6468,8
PhysRevE.97.012313.pdf,0.6,unclassified,unclassified,False,PhysRevE.97.012313,Antoine Moinet,,10,,,71f021f13a2569da7d0009b4454e733e0a6e7b7c47db7999f6cc90e27fcd76d4,11
PhysRevE.98.062303.pdf,0.6,unclassified,unclassified,False,PhysRevE.98.062303,Quan-Hui Liu,,10,,,a6908a7f9ccd8f532c70b257da834a4939139c586a2e5b283aa69f5ca4e96786,13
PhysRevE.98.062315.pdf,0.4,unclassified,unclassified,False,PhysRevE.98.062315,Michele Tizzani,,10,,,49780b96af25eb7ea1bce4d27b228d2c5506405c82c0ad6131e03a229d567292,9
PhysRevE.98.062322 2.pdf,0.6,unclassified,unclassified,False,PhysRevE.98.062322 2,Ping Hu,,10,,,ec3ae6dc44ec145273a492756421e261801e640ebe359083291a292e2812aa12,11
PhysRevE.99.050303.pdf,1.0,unclassified,unclassified,False,PhysRevE.99.050303,Terry Brett,,10,,,e5830ef3423273b31305ea1deb26d0a6461f260949061ec9bc868df9e67fdac2,6
PhysRevFluids3014401.pdf.pdf,3.3,dynamical_systems,high,False,PhysRevFluids3014401.pdf,Brandon Whitchurch,,10,,,00eb5fc927ebff6a05ee620bf6004008f44a00c579b8ccbf8187207865396bee,16
PhysRevLett.120.068302 2.pdf,0.3,unclassified,unclassified,False,PhysRevLett.120.068302 2,,,0,,,e41ef31c8bbe8cb7e975de541db175b43e38d0157b0d538200b16d4dc26734f2,6
PhysRevLett.121.228301.pdf,0.4,mathematics,low,False,PhysRevLett.121.228301,,,0,,,0be1674a546c4f091f11b90df4041c6fb2b652007927422f3f5fae42d9114379,5
PhysRevLett118130201.pdf,0.1,unclassified,unclassified,False,PhysRevLett118130201,,,0,,,e84fc34e495c205f295cf620506354dcc8fddf125ba315c98af4b6f16b81f56b,5
PhysRevResearch.2.023073.pdf,0.7,mathematics,low,False,PhysRevResearch.2.023073,Takayuki Hiraoka,,10,,,04d8bb358163ff9729a4f2dfd3057a6d76edf22ed3a68497a0d487e0b019a494,8
PhysRevSTAB12064001.pdf,0.4,unclassified,unclassified,False,PhysRevSTAB12064001,,,0,,,72bbfc592d4feded5c56c821ba933e7eb600ad00c76e7c92df9d3cc2c2b9b8d1,13
PhysRevSTAB17044001.pdf,0.2,unclassified,unclassified,False,PhysRevSTAB17044001,,,0,,,c8c2970d78f8e1b545ca8c798941e33fb710fd2f8b9b9acf677424368464ba94,12
PhysRevSTAB9054001.pdf,0.1,unclassified,unclassified,False,PhysRevSTAB9054001,,,0,,,ae58f92b33f3b111900b1136856c9a9c7c5a14164efc98514afce0e3c6989d03,5
PhysRevX.5.021005.pdf,0.3,unclassified,unclassified,False,PhysRevX.5.021005,,,0,,,e7ec842253cf8fdf239a55bc354289e183b8d584aafc2d3c4721bd477259b12b,9
Physica D- Nonlinear Phenomena Volume 132 issue 1-2 1999 doi 1010162Fs0167-278928992900042-1 Àngel Jorba Josep Masdemont -- Dynamics in the center manifold of the collinear points of the restri.pdf,0.6,topology_geometry,low,False,PII: S0167-2789(99)00042-1,,1999,5,,,3dba586ece9f6343d5fff35ce508c8e6da6517ae695b843a870efba766f1a770,25
Physica D- Nonlinear Phenomena Volume 60 issue 1-4 1992 doi 1010162F0167-278928922990242-f Leonid I Rudin Stanley Osher Emad Fatemi -- Nonlinear total variation based noise removal algorithms.pdf.pdf,2.5,unclassified,unclassified,False,PII: 0167-2789(92)90242-F,,1992,20,,,0d04d581d2f21c4da29e01f67bbbd7c3915aeee779e7787dc433c3fb01304731,10
Physica D- Nonlinear Phenomena Volume 8 issue 1-2 1983 doi 1010162F0167-278928832990314-7 G Contopoulos -- Infinite bifurcations gaps and bubbles in Hamiltonian systems.pdf,1.0,dynamical_systems,medium,False,PII: 0167-2789(83)90314-7,,1983,20,,,66884b0774a6058b11eba1977e74e0be5a340c0770dba6acd7c678e225338ecc,15
Physical Review A Volume 38 issue 4 1988 doi 1011032FPhysRevA381913 Du M L Delos J B -- Effect of closed classical orbits on quantum spectra- Ionization of atoms in a magnetic field II .pdf,0.8,dynamical_systems,low,False,Effect of closed classical orbits on quantum spectra: Ionization of atoms in a magnetic field. II. Derivation of formulas,M. L. Du; J. B. Delos,1988,15,,,fa0baf04ab5ca57008456d7525fd56c2171b3c3ba035d89c6a034ff157f74da0,18
Physical Review A Volume 43 issue 1 1991 doi 1011032FPhysRevA43603 Lauritzen B -- Discrete symmetries and the periodic-orbit expansions.pdf,0.2,dynamical_systems,low,False,Discrete symmetries and the periodic-orbit expansions,B. Lauritzen,1991,15,,,c0a8a6e66771efcfbcfb3d41c1ab18643cd329158c418c0c5a07fefe25859d41,4
Physical Review A Volume 45 issue 3 1992 doi 1011032FPhysRevA451746 Mao J-M Delos J B -- Hamiltonian bifurcation theory of closed orbits in the diamagnetic Kepler problem.pdf,0.7,dynamical_systems,high,False,Hamiltonian bifurcation theory of closed orbits in the diamagnetic Kepler problem,J.-M. Mao; J. B. Delos,1992,30,,,75defb24aca386a60aba0b4db0f9d8e558f50fe75ff6018cffac3274625e1a0c,16
Physical Review A Volume 46 issue 3 1992 doi 1011032FPhysRevA461455 Gao J Delos J B -- Closed-orbit theory of oscillations in atomic photoabsorption cross sections in a strong electric fie.pdf,0.5,dynamical_systems,low,False,Closed-orbit theory of oscillations in atomic photoabsorption cross sections in a strong electric field. II. Derivation of formulas,J. Gao; J. B. Delos,1992,15,,,cb8671ec5ca5ce5d200eb693c94535c1e42fb16b854e972ed9b7ea919f07c89a,13
"Physical Review E Volume 102 issue 2 2020 [doi 10.1103_PhysRevE.102.020301] Mancastroppa, Marco; Burioni, Raffaella; Colizza, Vittoria; Vezz -- Active and inactive quarantine in epidemic spreading o.pdf",0.5,unclassified,unclassified,False,Active and inactive quarantine in epidemic spreading on adaptive activity-driven networks,Marco Mancastroppa,2020,15,,,a41f7466c8dea68e70587837d41eabab60f4b2b9928bb839f242efa8dc153922,6
Physical Review E Volume 60 issue 6 1999 doi 1011032FPhysRevE60R6283 Lai Ying-Cheng -- Abrupt bifurcation to chaotic scattering with discontinuous change in fractal dimension.pdf,0.1,dynamical_systems,low,False,USING STANDARD SYSTE,,1999,5,,,c8b6641bf38e2751451f109e34f3b2c2a06da35a3f81236c69deb0e4904e4106,4
Physical Review Letters Volume 117 issue 9 2016 doi 1011032FPhysRevLett117094101 Kevrekidis Panayotis G Cuevas-Maraver Jesús Pelinovsky Dm -- Energy Criterion for the Spectral Stability of.pdf,0.3,unclassified,unclassified,False,Physical Review Letters Volume 117 issue 9 2016 doi 1011032FPhysRevLett117094101 Kevrekidis Panayotis G Cuevas-Maraver Jesús Pelinovsky Dm -- Energy Criterion for the Spectral Stability of,,2016,5,,,509d5c8ac558b9234ecb3545f8010797eb9f1ad96b169404315fa302e2150ddf,5
Physics Letters A Volume 153 issue 1 1991 doi 1010162F0375-960128912990355-c Mingzhou Ding Celso Grebogi Edward Ott James A Yorke -- Massive bifurcation of chaotic scattering.pdf,0.5,dynamical_systems,low,False,PII: 0375-9601(91)90355-C,,1991,5,,,876ac256bdda237e4f7ef11a95f08cd56442eafe9afc7cce324e0747c18fe9a0,6
Physics Letters A Volume 95 issue 1 1983 doi 1010162F0375-960128832990767-3 G Servizi G Turchetti G Benettin A Giorgilli -- Resonances and asymptotic behavior of Birkhoff series.pdf,0.2,unclassified,unclassified,False,PII: 0375-9601(83)90767-3,,1983,5,,,c68d3840f5914200eaae3559c6a0cd7fc1c5e83b9e7239a8073efce63a4cdd60,4
Physics Letters A Volume issue 2018 doi 1010162Fjphysleta201811008 Sadovskií Dmitrií A Zhilinskií Boris I -- Monodromy in non-integrable systems on certain compact classical phase spaces.pdf,0.6,mathematics,low,False,Monodromy in non-integrable systems on certain compact classical phase spaces,Dmitrií A. Sadovskií,2018,30,,,f8473383ad90dd3266157711bffb75d070022751266c52e2a4c361ecd1cd35e5,6
Physics of Fluids A Fluid Dynamics Volume 2 issue 8 1990 doi 1010632F1857596 Rott Nicholas -- Constrained three- and four-vortex problems.pdf,0.9,dynamical_systems,low,False,Physics of Fluids A Fluid Dynamics Volume 2 issue 8 1990 doi 1010632F1857596 Rott Nicholas -- Constrained three- and four-vortex problems,,1990,5,,,34f51d1faa1108424197cd10578613f3fc427285b9a32b5464833622f2760aba,5
Physics of Fluids Volume 11 issue 12 1999 doi 1010632F1870233 Aref Hassan Stremler Mark A -- Four-vortex motion with zero total circulation and impulse.pdf,0.5,dynamical_systems,low,False,Physics of Fluids Volume 11 issue 12 1999 doi 1010632F1870233 Aref Hassan Stremler Mark A -- Four-vortex motion with zero total circulation and impulse,,1999,5,,,565de6793a4702a690dd3002c810d211e0ae1453c20055adde7a482fbfd4c403,13
"Physics of Fluids Volume 22 issue 3 1979 [doi 10.1063%2F1.862605] Aref, Hassan -- Motion of three vortices.pdf.pdf",0.8,dynamical_systems,low,False,"Physics of Fluids Volume 22 issue 3 1979 [doi 10.1063%2F1.862605] Aref, Hassan -- Motion of three vortices.pdf",,1979,5,,,2ebf4b607f1f7d566fab761e02072c2b6774b94047e1c1b5d8edf18dab23b006,9
Physics of Fluids Volume 31 issue 10 1988 doi 1010632F1867025 Eckhardt Bruno -- Integrable four vortex motion.pdf,0.8,dynamical_systems,low,False,Physics of Fluids Volume 31 issue 10 1988 doi 1010632F1867025 Eckhardt Bruno -- Integrable four vortex motion,,1988,5,,,41dc1d7c8e9ec5757ebec16c5e5d031bc27d7b469b4bc321dad368cd45523531,7
Physics of Fluids Volume 31 issue 6 1988 doi 1010632F1866732 Tavantzis John Ting Lu -- The dynamics of three vortices revisited.pdf.pdf,2.2,dynamical_systems,low,False,Physics of Fluids Volume 31 issue 6 1988 doi 1010632F1866732 Tavantzis John Ting Lu -- The dynamics of three vortices revisited.pdf,,1988,5,,,6184b287872b68797a54f5784bf25cfadf8844559126454ff53eaed0051b85ed,19
PlacesParameters 2.pdf,0.1,unclassified,unclassified,False,PlacesParameters 2,,,0,,,5132d49d81a541a13fbda38608caed09e48e6cd8bb40700bae0ac3f20238fa08,1
Planar_data_classification_with_one_hidden_layer.pdf,0.2,machine_learning,low,False,Planar_data_classification_with_one_hidden_layer,,,0,,,93cae21246e2ced110d719564f0d60e06186965e2ab222714af4cc5b8f14cc5f,22
Poincare_Lindstedt.pdf.pdf,0.1,dynamical_systems,low,False,Poincare_Lindstedt.pdf,,,0,,,919aac88b34ed7ab4f519464605a4f567c1822dac83fad5cc104fe9f169eaaf3,3
Poincare_Lindstedt_Matheiu.pdf,0.1,dynamical_systems,low,False,Poincare_Lindstedt_Matheiu,,,0,,,18a871d3627300ce18c4ab289694953d27ec04cdd8b7839e89f06220981ee751,7
Porfiri_PRL.pdf,0.2,unclassified,unclassified,False,Porfiri_PRL,,,0,,,260db89db15801b759131e8bdbf94445b340a44dfe4719d278032dd929168bf7,6
Porter2020_Chapter_NonlinearityNetworksA2020Visio.pdf,0.5,unclassified,unclassified,False,Porter2020_Chapter_NonlinearityNetworksA2020Visio,Mason A. Porter,,30,,,60d3c03fa5a82503dbbfb2c85fbf54ad69e0149f1b624b51e4786446d165dcbc,29
Practice Quiz: Constructing Features for Prediction.pdf,2.2,unclassified,unclassified,False,Practice Quiz: Constructing Features for Prediction,,,0,,,4a3fa930709324d8bb3fb6eff3219782f781bb73cef38f6406c892928bd58bc7,1
Practice Quiz: Control with Approximation.pdf,2.8,unclassified,unclassified,False,Practice Quiz: Control with Approximation,,,0,,,f5e4ae1cb408a981d2de76e7a7bc38fc03f645f236d94642c3e436c0bd634358,1
Practice Quiz: Dynamic Programming.pdf,1.6,algorithms,low,False,Practice Quiz: Dynamic Programming,,,0,,,cf316671f7f9e5f85ef48a990ab250461f73e0139ee92e4b07f3f7520de5c0a2,1
Practice Quiz: Exploration-Exploitation.pdf,1.8,unclassified,unclassified,False,Practice Quiz: Exploration-Exploitation,,,0,,,2647c4a43c3ceefc58c14dcb01c0657b774786c0c04651e33c5cc592760e7a7e,1
Practice Quiz: MDPs.pdf,1.6,unclassified,unclassified,False,Practice Quiz: MDPs,,,0,,,5fa96666d5e466783fc865fa6d6a95ea81b4e0a630c5083e5e66ba5c46c5bb40,1
Practice Quiz: On-policy Prediction with Approximation.pdf,2.4,unclassified,unclassified,False,Practice Quiz: On-policy Prediction with Approximation,,,0,,,af7eb19649a46ef635e602d8e57458d809f6eabc151d5258c8453a0ac6982d3a,1
Practice Quiz: Value Functions and Bellman Equations.pdf,0.9,unclassified,unclassified,False,Practice Quiz: Value Functions and Bellman Equations,,,0,,,f735ab6c1909d69a03db81166fc2beba8065097710e57ad5e606f72ade01a435,1
Prediction and Control with Function Approximation_Learning Objectives.pdf,0.1,unclassified,unclassified,False,Prediction and Control with Function Approximation_Learning Objectives,,,0,,,355ccab59e548ed681abc690a4704e76cee09caeeee623093cf31d5813964c30,4
Preprint 2004 Carter.pdf,0.2,unclassified,unclassified,False,jocppaper.pdf,Josh Carter,2004,15,,,98a6b9301f7458d8cffd727d14fc82c8b7ef6881e5b7686881f27d676560e7d6,7
Print_Park_Lab_7.pdf,0.4,unclassified,unclassified,False,Print_Park_Lab_7,park,,10,,,cd7275bcc041584cedef1cfc2a5dbf9cc0c72f91e6d00bc90d4f911e0cd7fc29,3
Problems from Evans.pdf,0.2,unclassified,unclassified,False,Problems from Evans,,,15,,,4741a85489d6fe11e94118f6f499b9f6aaea3a7b6f50c0fa24b237d1259cc1dc,10
Proc London Math Soc 1894 Love.pdf,0.5,unclassified,unclassified,False,Proc London Math Soc 1894 Love,,,0,,,1c6016fcd8e1ebda367d780aec147ebd63d34048a53171af84cf60a752008def,10
"Proceedings Mathematical Physical & Engineering Sciences Volume 432 issue 1886 1991 [doi 10.1098%2Frspa.1991.0027] Pullin, D. I.; Saffman, P. G. -- Long-Time Symplectic Integration- The Example of Fou.pdf",0.6,topology_geometry,low,False,"Proceedings Mathematical Physical & Engineering Sciences Volume 432 issue 1886 1991 [doi 10.1098%2Frspa.1991.0027] Pullin, D. I.; Saffman, P. G. -- Long-Time Symplectic Integration- The Example of Fou",,1991,5,,,1def48b2dde8d0b818b504c3e99a4ae31bbbef02680b56b2c6c4bb5e0fdb0539,15
"Proceedings Mathematical Physical & Engineering Sciences Volume 468 issue 2139 2012 [doi 10.1098%2Frspa.2011.0388] Casas, F.; Oteo, J. A.; Ros, J. -- Unitary transformations depending on a small param.pdf",0.3,mathematics,low,False,"Proceedings Mathematical Physical & Engineering Sciences Volume 468 issue 2139 2012 [doi 10.1098%2Frspa.2011.0388] Casas, F.; Oteo, J. A.; Ros, J. -- Unitary transformations depending on a small param",,2012,5,,,bfc02986914dae15c86be9c45cb9e8555990a7f83c1df77912317725f5262b51,16
"Proceedings Mathematical Physical & Engineering Sciences Volume 468 issue 2139 2012 [doi 10.1098%2Frspa.2011.0388] Casas, F.; Oteo, J. A.; Ros, J. -- Unitary transformations depending on a small param_2.pdf",0.3,mathematics,low,False,"Proceedings Mathematical Physical & Engineering Sciences Volume 468 issue 2139 2012 [doi 10.1098%2Frspa.2011.0388] Casas, F.; Oteo, J. A.; Ros, J. -- Unitary transformations depending on a small param_2",,2012,5,,,5167775f74bbffcbee8c2930d526df4274ffb1d086f41b6f90e0aadab430cfc7,16
Proof_of_existence_of_breathers_for_time-reversibl.pdf,0.8,mathematics,low,False,Proof_of_existence_of_breathers_for_time-reversibl,Administrator,,10,,,dc16d433b4e017341c12b637f60446c7e44466cb55fcdd4e5153c52719986ab6,21
ProposalChap3Draft.pdf,0.8,unclassified,unclassified,False,ProposalChap3Draft,,,0,,draft,f87d42a03ed08224ca8c9f271de2b99c439cbc69e813a6c34f88f0511f682054,9
ProposalOutlineV1.pdf,0.1,unclassified,unclassified,False,ProposalOutlineV1,,,0,,,f30993adb52fcedf147c3593dd24d84c717a81653c4aa59135fce1b062375a50,5
Prudential.pdf,0.6,data_science,low,False,Prudential,Brandon Behring,,10,,,6c489a1f30b1dc5c1a45795caf6d2957ee0bdfc9c4c059999bd7fb8e3951f0a8,40
Python_Seaborn_Cheat_Sheet-2.pdf,0.6,unclassified,unclassified,False,Python_Seaborn_Cheat_Sheet-2,,,0,hash_dup_313,possible_duplicate,e7759b27b1c8967e522f02ea6f1cb85083303185459a0ee09168d702812ed1da,1
Python_Seaborn_Cheat_Sheet.pdf,0.6,unclassified,unclassified,False,Python_Seaborn_Cheat_Sheet,,,0,hash_dup_313,possible_duplicate,e7759b27b1c8967e522f02ea6f1cb85083303185459a0ee09168d702812ed1da,1
Python_cheat_sheet_1.pdf,0.2,unclassified,unclassified,False,Python_cheat_sheet_1,,,0,,,a5aaf9afbbcc78b1c45f4b1ca4c848b100587f59164e8badb97ef97d7eda6e15,1
Python_cheat_sheet_2_Pandas.pdf,0.5,unclassified,unclassified,False,cheatsheet2,,,0,hash_dup_301,possible_duplicate,5f9a29d3fd959880158610f9e6c2c61a52e68e3da3ef8449eecbf7f4e6447798,1
Python_cheat_sheet_Numpy.pdf,0.6,unclassified,unclassified,False,Python_cheat_sheet_Numpy,,,0,hash_dup_314,possible_duplicate,5f3449b9f7580c03a6b6a3a71e3d0d78940420d22bf6634224de60e602462306,1
Python_cheat_sheet_Pandas_2.pdf,0.2,unclassified,unclassified,False,Python_cheat_sheet_Pandas_2,,,0,,,51b617e0fb3f3cf0e580031e881259b9f90f691e8d5717a8406e8200af9d011b,1
Python_cheat_sheet_import_data.pdf,0.1,unclassified,unclassified,False,Python_cheat_sheet_import_data,,,0,hash_dup_303,possible_duplicate,109d2019f6789c33c1f58a29fbca86286dc37d503297fedaa60b56ad65a9e1da,1
Python_cheat_sheet_matplotlib.pdf,0.2,unclassified,unclassified,False,Python_cheat_sheet_matplotlib,,,0,hash_dup_287,possible_duplicate,83e5c784cf6cc3debc3694444c19d52b00067d4ee906ea772ffea44d7e369bc3,1
QFIIRM_2014Fall_Questions.pdf,0.2,unclassified,unclassified,False,QFIIRM_2014Fall_Questions,Society of Actuaries,,10,,,c9ba022cab12973b6e3013f79d347c94b4858487115f7d651ffb5840d7e360ab,14
QFIIRM_2016Fall_Solutions.pdf,0.5,mathematics,low,False,QFIIRM_2016Fall_Solutions,SOA,,10,,,3cb1ea143598992ee31619cfff54a3d623ec7701701fcfdf119186fc84f077d1,18
QFIIRM_2017Spring_Solutions.pdf,0.6,mathematics,low,False,QFIIRM_2017Spring_Solutions,SOA,,10,,,5008f2c1e03e41543b46c3c7d12fc5f9f29a366d342f9d96f9246a853178e95c,20
QFIIRM_2022Fall_Questions.pdf,0.2,finance,medium,False,QFIIRM_2022Fall_Questions,Society of Actuaries,,10,,,a35050657cad3088840ecec9ca9a1241954657d09a10b0b4021e805cec604c51,16
QFIIRM_2022Fall_Solutions.pdf,0.1,unclassified,unclassified,False,QFIIRM_2022Fall_Solutions,SOA,,10,,,a094eadc89f8ef9cf3fc85f6bf160e97fe1619895cbaef260c23773499e96815,22
QFIIRM_2023Spring_Questions.pdf,0.3,unclassified,unclassified,False,QFIIRM_2023Spring_Questions,Society of Actuaries,,10,,,1c26b3b339733f6ad4e8c9c570cf9ae2fec14aeba8edfd8d6058d27c0930f2c7,27
QFIIRM_Fall2021_Questions.pdf,0.2,finance,medium,False,QFIIRM_Fall2021_Questions,Society of Actuaries,,10,,,cea59082a8a0859c2fd28de169562c9171d23591b98bfc8755cf709b8984bcf0,20
QFIIRM_Fall2021_Solutions.pdf,0.2,mathematics,low,False,QFIIRM_Fall2021_Solutions,Society of Actuaries,,10,,,9e573050a7570fd1592eb32fde425f97793a53cd0f4aa631be439e366b4c353b,25
QinPoP-12009.pdf,0.1,unclassified,unclassified,False,QinPoP-12009,,,0,,,1a7128c12a1e88d91daae9d370b58dabdf34ff532096ebbcdfa563f286256ee7,4
Qualitative features of Hamiltonian systems through averaging and reduction.pdf,0.2,dynamical_systems,low,False,Qualitative features of Hamiltonian systems through averaging and reduction,,,15,,,49a47e1979369d93553a553dff3eac68c40845b12dbbc4736ed0e05e6d5c974a,8
Quiz: Choosing the Right Algorithm.pdf,1.5,unclassified,unclassified,False,Quiz: Choosing the Right Algorithm,,,0,,,edfd09e91c26b4e98f498bacaf85f65366492d266da65b43dbcbadf2a079a4c5,1
Quiz: Graded Quiz.pdf,1.5,unclassified,unclassified,False,Quiz: Graded Quiz,,,0,,,919c0ccc4fd22501b28d41b169a07524a8b599f31103c750de6b33648497c7cc,1
Quiz: Impact of Parameter Choices in RL.pdf,2.3,unclassified,unclassified,False,Quiz: Impact of Parameter Choices in RL,,,0,,,a8c86a714c9c8016a561f98b8a520c884014c0aa6fc60852342258a26df138ec,1
Quiz: Practice Assessment.pdf,3.2,unclassified,unclassified,False,Quiz: Practice Assessment,,,0,,,988c1ddf350dd0151cf3fbd0a8675886f3bffd41ce9732f9b40d1d4bc4f30040,1
Quiz: Practice Quiz.pdf,1.8,unclassified,unclassified,False,Quiz: Practice Quiz,,,0,,,ac16bdb6e93f5bef835449e6f9fcff6566c2591c20a0de4dcb6edfd9d7c407e3,1
Quiz: Practice Quiz_2.pdf,0.6,unclassified,unclassified,False,Quiz: Practice Quiz_2,,,0,,,c07c3cfc487201e1d10ff01a9b75a18023bb6d733da7a029382bf902e9750451,1
Quiz: Value Functions and Bellman Equations.pdf,1.6,unclassified,unclassified,False,Quiz: Value Functions and Bellman Equations,,,0,,,e04e37411eca219061e66e2c2b3e15b4ecb13afca61f52f837e7f64ee6f19013,1
R. Magyar Companion to J.D. Jackson's Classical Electrodynamics.pdf,1.0,physics,low,False,jackson.dvi,,,15,,,c91baaa32c9c9015e4cff25b2f92e455b7e8aca6c6e75a8cd6c6ccb4d3ceaf84,124
R10_pre97.pdf,0.5,unclassified,unclassified,False,R10_pre97,,,0,,,0dae9175fda62847455ac528d5767358a67940ce51ae5ceced1cad630289f645,15
R18_ch99.pdf,0.1,unclassified,unclassified,False,No Job Name,,,0,,,9b27698e44fde9fb59582bced85b0bb6591682f46eb6250ddfaa41cc577ae200,9
RCD131.pdf,0.6,unclassified,unclassified,False,D:\work\Books\RCD\N2\Color\FINAL\RCD_02_20.dvi,,,0,,,758e2c288c15b48c3e8943dcbc4d1f32e36b49ed1b4177531655c630b6ae123f,18
READ FIRST -- About-the-exam-archive-ERM_09222023.pdf,0.1,unclassified,unclassified,False,READ FIRST -- About-the-exam-archive-ERM_09222023,,,0,,,751bc8ab5f2fe71146406fbf620549b47876489c1f4b3266ca384e56ccff5494,1
READ ME FIRST.pdf,0.4,unclassified,unclassified,False,READ ME FIRST,,,0,,,131b33c15c813f4591d16ebda5af53722d6ca54cab95673dd79f8434590e91e6,6
README-ja.pdf,0.3,unclassified,unclassified,False,README-ja,,,0,,,07cb9a202b353b164fe5482446d5770d73ac25ee9ed75030d890aa789d71fb36,6
REDUCTION AND CHAOTIC BEHAVIOR OF POINT VORTICES ON A PLANE AND A SPHERE.pdf,0.4,dynamical_systems,low,False,REDUCTION AND CHAOTIC BEHAVIOR OF POINT VORTICES ON A PLANE AND A SPHERE,,,0,,,4e7c028a8e527df7bf1d86aa449540c86b84e90c1c0cb9de3e73fcaccb026a66,10
RIAIlogo 2.pdf,0.1,unclassified,unclassified,False,RIAIlogo 2,,,0,,,a8b47a574e0cb051deb24a0adaee0bf63b565a2b1930a8f26bc274e97dcca2aa,1
RJournal_2011-1_Ardia_et_al.pdf,0.4,biology_neuroscience,low,False,RJournal_2011-1_Ardia_et_al,David Ardia et al,,10,,,6dae2b04b2b3490dfb25dc518ff52f416a98d809da68fa289516e540a20211a3,8
R_Data_Table.pdf,0.7,unclassified,unclassified,False,R_Data_Table,,,0,,,031c6760de015ec6384ff973d0147777bee87827872e9968cf97c7a2aef4e015,1
R_L_Herman_1990_J_Phys_A__Math_Gen_23_014 1.pdf,0.9,unclassified,unclassified,False,R_L_Herman_1990_J_Phys_A__Math_Gen_23_014 1,,,0,,,bdc4485a57ae1320f10c4d3bd0a74c7cd5810c9c83a958216c37277747b372fe,23
Re-Disclosed LE 08_26_2024.pdf,0.3,unclassified,unclassified,False,Re-Disclosed LE 08_26_2024,author,,10,,,bafc0662822e44e07494bd3d14cd2dee55ea7e30431c18bfa0d452c22e4ab426,9
Reading_14_Intro_to_Financial_Reporting.pdf,0.2,unclassified,unclassified,False,Reading_14_Intro_to_Financial_Reporting,,,0,,,6568b22a8dd74bb43d61d0fcbf0964f6da3d88e422b9d70f84d6caccf7a37c89,10
RealId_Card 1.pdf,0.4,unclassified,unclassified,False,RealId_Card 1,,,0,,,b7f57446747a4ddba96d0a50a6c50a8338eff7cd51f68107ecf5f909a822aac9,1
RealId_Card.pdf,0.4,unclassified,unclassified,False,RealId_Card,,,0,,,4a6fd725e405c6417a99403770191bb67731156ded574dc075d8f42ae4f5f0ce,1
RealVariables10.pdf,0.1,unclassified,unclassified,False,RealVariables10,,,0,,,c32fff7cddef40a21137b87328866d158ee13f90e1bf57e6b8925aa0e4a65f1c,12
RealVariables11.pdf,0.1,unclassified,unclassified,False,RealVariables11,,,0,,,65d53632046a71515b942df48adb98bf0a85de6d90a9b77261d078104e38fbf9,2
RealVariables2.pdf,0.1,unclassified,unclassified,False,RealVariables2,,,0,,,350a22af28d9739c99a65784026836590104c14bc8050b6c122787a99943286e,3
RealVariables3.pdf,0.2,unclassified,unclassified,False,RealVariables3,,,0,,,274327a512667ea63ada2f9b7fce7a657eaa3d7ffd8182d35efae0cccf29f2a6,7
RealVariables4.pdf,0.1,unclassified,unclassified,False,RealVariables4,,,0,,,5963e9ebb65fd8300b644d66676a4ca93adc017098f842dc054b8912e368fbc5,4
RealVariables5.pdf,0.1,unclassified,unclassified,False,RealVariables5,,,0,,,16f31e597e47926109395b307a45b32823c1caf9632c87a9790fc983f5c681bc,6
RealVariables6.pdf,0.1,unclassified,unclassified,False,RealVariables6,,,0,,,9d3259d3f72e3a023e4221e30f55e8558ed95641751596d5326135b223274811,3
RealVariables7.pdf,0.1,unclassified,unclassified,False,RealVariables7,,,0,,,48cf142838e9607b41aec00c4c3b32b594025cd2b2cceb8d32b76197e77f0f08,6
RealVariables8.pdf,0.1,unclassified,unclassified,False,RealVariables8,,,0,,,56c60fbf597008c5766a9d0429c439b0387c965083f4650c0f53d832f4c58ae2,2
RealVariables9.pdf,0.2,unclassified,unclassified,False,RealVariables9,,,0,,,b852eaaa3b272423f21bec44d5fb923f44b08f37fe329dc2af0b696f0cda43cb,11
RedCardID.pdf,0.1,unclassified,unclassified,False,RedCardID,,,0,,,e56a2f7e386b9a54c2534968c332f7f2dfa3244f7acfd716c842aa51b84dc195,2
RefSnap_AWS_Deployment_Guide_Professional.pdf,0.2,unclassified,unclassified,False,RefSnap AWS Deployment Guide,,,0,,,3eb71587f92c4ece70f917610ca9e9290cb45371d336a31c3fb4207f2660f90d,31
RefSnap_AWS_Guide_Fixed_TOC.pdf,0.2,unclassified,unclassified,False,RefSnap_AWS_Guide_Fixed_TOC,,,0,,,19e292c6487066f5458aac327c3b344b90805556e6be7d4bca39358c4b05d72b,28
"Regular and Chaotic Dynamics Volume 18 issue 6 2013 [doi 10.1134%2FS1560354713060026] Ortega, Rafael -- Stable periodic solutions in the forced pendulum equation.pdf",0.4,unclassified,unclassified,False,"Regular and Chaotic Dynamics Volume 18 issue 6 2013 [doi 10.1134%2FS1560354713060026] Ortega, Rafael -- Stable periodic solutions in the forced pendulum equation",,2013,5,,,93ef05e4a5bbd8632511f6951030f0e077ef13dbbc24da8857982d5fde1ee71d,15
Regular and Chaotic Dynamics Volume 22 issue 7 2017 doi 1011342FS1560354717070012 Markeev Anatoly P -- On the Stability of Periodic Motions of an Autonomous Hamiltonian System in a Critical Case.pdf,0.4,dynamical_systems,low,False,C:\work\RCD\N7\FINAL\RCD_07_17.dvi,,2017,20,,,1ae08d47e6141c39fbc7a449c1702ae990637272b1aa1ea8cc0ec372897e7678,9
Regular_and_Chaotic_Solutions_of_the_Sitnikov_Prob.pdf,0.2,unclassified,unclassified,False,C:KLUWERCELECELE1818CELE1818.DVI,B L Ganju (Thomson Press India) 1267 1997 Feb 07 16:25:21,,10,fuzzy_dup_446,possible_duplicate,47c5f85c93e113be5b9a0e50b45f609113c545c02e0748c6a4239352b50ebeca,13
Regular_and_Chaotic_Solutions_of_the_Sitnikov_Prob_2.pdf,0.2,unclassified,unclassified,False,C:KLUWERCELECELE1818CELE1818.DVI,B L Ganju (Thomson Press India) 1267 1997 Feb 07 16:25:21,,0,fuzzy_dup_446,possible_duplicate,45ae6ba04dee44f8bb82e23af12f936c10a26443051597f6ba1319983c7f57d4,12
Rehab_Shoulder_5.pdf,0.8,unclassified,unclassified,False,Rehab_Shoulder_5,,,0,,,c9c5b32a1f1ab6eb20c89ba428976180a61e569a4960714ac1b8af15839abe4e,11
Rehab_Spine_5.pdf,0.5,unclassified,unclassified,False,Rehab_Spine_5,,,0,,,c7a30ffb9e705dcb0b26e809e7ef543bdbc3e801647a78cc29f3a3f88a5bdd13,7
Report_brandon_m_behri1-2.pdf,0.3,unclassified,unclassified,False,Report_brandon_m_behri1-2,,,0,,,26229af22f14dcba134c89f5d1807fea2edecb3aade3ef756b7ab3932b7d8648,3
Report_brandon_m_behri1.pdf,0.1,unclassified,unclassified,False,Report_brandon_m_behri1,,,0,,,1a0fbee85eab375400a032c46454876e47d3ae812ec64a793794c1c4187ac8cd,4
ResonanceMisquero.pdf,0.3,dynamical_systems,low,False,ResonanceMisquero,,,0,,,787ac353a7ebb4453369f92b68a857828bfc4e19a1e1f8305035bfb2d767c481,27
Response.pdf,0.1,unclassified,unclassified,False,Response,,,0,,,86cb91ae1c99fc0526f01a4b881e7733a52b5f2ab9653fb40ed27c887e60821b,1
Retreat 2018.pdf,0.2,unclassified,unclassified,False,Retreat 2018,,2018,5,,,05db3a6ea46be283a8c8d93a4dbfab779de7ed1aa75783be16ac7522588e5355,13
Review_Questions_for_Demand_and_Supply_Analysis_Co.pdf,0.1,unclassified,unclassified,False,Review_Questions_for_Demand_and_Supply_Analysis_Co,,,0,,,316de4cb2d0a6f74f5413d76800ecd1051fcd3d23047cbdbeb3b2ef84087584d,5
Richard Haberman-Instructor Solutions - Applied Partial Differential Equations-Prentice Hall (2003).pdf,0.8,mathematics,medium,False,Instructor Solutions - Applied Partial Differential Equations,Richard Haberman,2003,30,,,cf18f924786299b20f7efe1ea6cc611d5f02566f41ac26ad35689ea231693dde,87
RigidMultiblobs_Harvardhandout.pdf.pdf,2.3,unclassified,unclassified,False,RigidMultiblobs_Harvardhandout.pdf,,,0,,,c4f4ba9f1c3861850583b66d8137d1dee2259a919765930fd3b218c82e0434e5,31
Rizzo-Porfiri2016_Article_InnovationDiffusionOnTime-vary.pdf,0.4,unclassified,unclassified,False,Rizzo-Porfiri2016_Article_InnovationDiffusionOnTime-vary,,,0,,,acb134350a5da558050cae27ba6d075f2776c45f3bccea6541e5176a527b45d4,8
Roberts2018_Article_MorseTheoryANdRelativeEquilibr.pdf,0.6,dynamical_systems,low,False,Roberts2018_Article_MorseTheoryANdRelativeEquilibr,Gareth E. Roberts,,30,,,0075b46664c4154993fbc6ce88d26113aa60c4c40ad268347716e145e0bb4ddc,28
Rogue_Reciept.pdf,0.2,unclassified,unclassified,False,Rogue_Reciept,,,0,,,bd0270a79d560563bcfcade1a97f72a3ed8036f8a154d0f1567f15b3db735e72,1
Royden_Real_Analysis_Solutions.pdf,0.8,unclassified,unclassified,False,Royden_Real_Analysis_Solutions,,,15,,,b0ceb9f6d6b0ecfd42170efe13b9b1bac64d192f796e481d730d680f5529f308,95
Russian Mathematical Surveys Volume 43 issue 1 1988 doi 1010702FRM1988v043n01ABEH001709 Chetverikov V N -- On Bäcklund transformations of evolution equations.pdf,0.2,biology_neuroscience,low,False,jhep022005030.dvi,,1988,5,,,79724709ab51b18337aae52474a5227deb28a18fae6c56fb340aeacfcf433473,14
Russian Mathematical Surveys Volume 65 issue 2 2010 doi 1010702FRM2010v065n02ABEH004671 Bolotin Sergey V Treschev Dmitrii V -- Hills formula.pdf,0.1,mathematics,low,False,Russian Mathematical Surveys Volume 65 issue 2 2010 doi 1010702FRM2010v065n02ABEH004671 Bolotin Sergey V Treschev Dmitrii V -- Hills formula,,2010,5,,,d564803fd1d140343ca49ac279adeb53d8afc1c21576ae472d67915ad69ebe90,9
S0002-9939-1992-1092925-7.pdf,0.7,unclassified,unclassified,False,S0002-9939-1992-1092925-7,,1992,5,,,44def0ec29506379c56c203521b17ae3b2b290cbfa8525c5420e71382e3ac69e,7
S0002-9947-00-02483-1.pdf,0.2,unclassified,unclassified,False,S0002-9947-00-02483-1,,,0,,,1d8910787fb8d08bc09fde697bbad175ce0168b20a60c64d2ad6f836a7df7ca8,16
S1064562418020163.pdf,0.2,unclassified,unclassified,False,S1064562418020163,Input2,,10,,,0965f79caeac01b15305dda0072047139abafe83e3565d26314a738cd04d1ca5,3
SDlogo-5p 2.pdf,0.1,unclassified,unclassified,False,SDlogo-5p 2,,,0,,,345b520dd0b2f3bc71e75127f15280b013182570497fe67602d23f07f9744690,1
SEABORN 2.pdf,0.6,unclassified,unclassified,False,Cheat sheet Seaborn.indd,,,0,hash_dup_313,possible_duplicate,e7759b27b1c8967e522f02ea6f1cb85083303185459a0ee09168d702812ed1da,1
SECTION_1_escape_time_plot 2.pdf,0.1,unclassified,unclassified,False,SECTION_1_escape_time_plot 2,,,0,,,863bbccb3d0fa8f9e7eb7d19cf8c8fe69ded4e1511bb75f35443f2d61ebae58d,1
SIAM Journal on Applied Dynamical Systems Volume 17 issue 1 2018 doi 1011372F17M1113990 Galán Jorge Nún͂ez Daniel Rivera Andrés -- Quantitative Stability of Certain Families of Periodic Solut.pdf,0.5,dynamical_systems,low,False,SIAM Journal on Applied Dynamical Systems Volume 17 issue 1 2018 doi 1011372F17M1113990 Galán Jorge Nún͂ez Daniel Rivera Andrés -- Quantitative Stability of Certain Families of Periodic Solut,Jorge Galán; Daniel Nún͂ez; Andrés Rivera,2018,35,,,c16e1133bacd9f77118528d032fce2d81e2c2d1eca68132ede4cdfd326bfff25,26
SIAM Journal on Applied Dynamical Systems Volume 7 issue 2 2008 doi 1011372F070695253 Llibre Jaume Ortega Rafael -- On the Families of Periodic Orbits of the Sitnikov Problem.pdf,0.2,dynamical_systems,medium,False,On the Families of Periodic Orbits of the Sitnikov Problem,Jaume Llibre; Rafael Ortega,2008,35,,,79eebd6ed766bf90439b7e17b55a2f89d8340af1921296e44c1f60f7d2825dbc,16
"SIAM Journal on Applied Mathematics Volume 62 issue 2 2001 [doi 10.1137%2Fs0036139900373836] Haberman, Richard -- Slow Passage Through the Nonhyperbolic Homoclinic Orbit Associated with a Subcritical .pdf",0.3,dynamical_systems,high,False,"SIAM Journal on Applied Mathematics Volume 62 issue 2 2001 [doi 10.1137%2Fs0036139900373836] Haberman, Richard -- Slow Passage Through the Nonhyperbolic Homoclinic Orbit Associated with a Subcritical",Richard Haberman,2001,35,,,a110f957daddaf78bfa7c51dbc15adedb8c75fbd691425e10f4c7b14f2a79b0f,26
SIRInput.pdf,0.5,unclassified,unclassified,False,SIRInput,,,0,,,35a35749df1095865207e88acfc81ded96d0215bee803a6fa8463fb9fb391a73,1
SLnotes.pdf,0.1,unclassified,unclassified,False,SLnotes,,,0,,,e85902e2e22dc55508d7e236d0c3aa35e797eaa5291f45aef6f3b8b75cca1710,10
SM.pdf,0.2,unclassified,unclassified,False,SM,,,0,,,dad2ccd998e1854555ab29651e1ba5d9d50c78835d1a6c198fb216f63100189e,4
SM1970v012n02ABEH000922.pdf,0.1,unclassified,unclassified,False,SM1970v012n02ABEH000922,,,0,,,662697ab416aec8d082c17e34e90209aab124219bffe6660dbcf351dbaa56c13,2
SOAGuidetoWrittenExams_Nov2020.pdf,0.6,unclassified,unclassified,False,SOAGuidetoWrittenExams_Nov2020,Stuart Klugman,,30,,,a0d668f802767f17cf4dbd28fbc39beda8776c9753eb08167790a6abeb788a11,40
SOA_FSA_ERM_01Assignment_070112.pdf,0.2,unclassified,unclassified,False,SOA_FSA_ERM_01Assignment_070112,Society of Actuaries,,10,hash_dup_235,possible_duplicate,7374e117cd38b3780423e8b67b063f067f6fac8b723df5cc37f401ff5f09bcfb,7
SQL-Commands-Cheat-Sheet.pdf,0.2,sql,low,False,SQL-Commands-Cheat-Sheet,richa goal,,10,,,2cc0f3507d09925ff9d7b135cf4b6dbb1ce4c56372254b7eb01b6dcc6b2ac546,1
SQL-Server-Cheat-Sheet-Formatting.pdf,0.1,sql,low,False,SQL-Server-Cheat-Sheet-Formatting,,,0,,,5a879528acc2971c90e220c2b1165e6a1b8b6baee1cefd3620cda080f574fa87,1
SRI_220_M1L1_Summary.pdf,0.3,unclassified,unclassified,False,SRI_220_M1L1_Summary,appletonj,,10,,,152610aef58c2d9d524eecd856fffbd1ef52d170cdb6cb2d11d16e4c2913be13,2
SRI_220_M1L2_Summary.pdf,0.4,unclassified,unclassified,False,SRI_220_M1L2_Summary,appletonj,,10,,,6293f22ad21304c56abdefb5fba602b4389b7472c6ee15b178f35a8906276cd3,2
SRI_220_M1L3_Summary.pdf,0.3,unclassified,unclassified,False,SRI_220_M1L3_Summary,appletonj,,10,,,b41b82bf50948e749c9a92e898a04821288461cb5435fc74a87215c4adc86f61,1
SRI_220_M1L4_Summary.pdf,0.3,unclassified,unclassified,False,SRI_220_M1L4_Summary,appletonj,,10,,,e462100135a2e7addc53c22adf0bfef51a6ec2eeb1cd6eb310e9ab0854ee7120,1
SSRN-id1938141.pdf,0.3,unclassified,unclassified,False,SSRN-id1938141,J Euchi,,10,,,8d273fd14568cda05fb3578237f806de2e346a10f475e4ffd67a04f1adf85f97,11
SSRN-id3714750.pdf,0.4,unclassified,unclassified,False,SSRN-id3714750,Cass Sunstein,,25,,,742540405385e8eeb56fcdf11d095dbced8b62abc518742ca5ff46a0af7ea288,21
STABILITY AND BIFURCATION OF UNBALANCE ROTOR2FLABYRINTH SEAL SYSTEM.pdf,0.6,dynamical_systems,low,False,STABILITY AND BIFURCATION OF UNBALANCE ROTOR2FLABYRINTH SEAL SYSTEM,,,0,,,172004a7832079838ac1559026480cd8e356f4f75e2e72291f4e61a655716f8f,12
STF_arxiv_transformed.pdf,0.1,unclassified,unclassified,False,STF_arxiv_transformed,,,0,,,9be328a212778d93e2bb0f057a7a5d5697c932deec3fc593b4193d65b5ace8f7,5
STF_tufte_transformed.pdf,0.2,machine_learning,low,False,STF_tufte_transformed,ML/Data Science Edition,,10,,,193215af7b65c0c3fae94f7499a8d82adc40341c28775e117a858d85ac46ac5e,28
SVILAC-Ch11-handout-sample1.pdf,0.2,unclassified,unclassified,False,SVILAC-Ch11-handout-sample1,,,0,,,fa739dd854f64e7ee6bec158f98b89fb4e8435bd36d7f305a0ef4ce277cc2d0f,3
Sample Based Learning Methods_Learning Objectives.pdf,0.1,unclassified,unclassified,False,Sample Based Learning Methods_Learning Objectives,,,0,,,3ec3017dcb7ff776fcb1ad8e18292561ecbfea8e39bfaa977ed4f02ba6e452eb,3
ScalaByExample.pdf,0.8,unclassified,unclassified,False,ScalaByExample,Martin Odersky,,25,,,3f1cfa5feed20ccdea488fb7175588c95604204b47391c8719d1a8e769d5971d,145
Scanned Documents 1.pdf.pdf,0.4,unclassified,unclassified,False,Scanned Documents 1.pdf,,,0,,,3fc9a35c132c39a86c5f6efa3fd10e585cba9afad90daf6401160ebfee99eb5c,1
ScherpenslidesJS-BIRSJuly2017.pdf.pdf,0.9,dynamical_systems,medium,False,ScherpenslidesJS-BIRSJuly2017.pdf,Hildeberto Jardon Kojakhmetov; Jacquelien M.A. Scherpen   Jan C. Willems Center for Systems; Control  Faculty of Science; Engineering University of Groningen,,10,,,f3eb5dd0f8c527169f4fafb2d58c15fb2af77653907f6f970c79048ab1147b02,70
Scholarpedia2010Gmez.pdf,0.9,topology_geometry,low,False,Scholarpedia2010Gmez,Gerard Gomez Muntane,,10,,,60c0e319106168b7efe19e5d3c3be7040511d343c02fbf365c9d4ef945945a2e,15
SchweserNotes_for_Demand_and_Supply_Analysis_Consu.pdf,0.3,unclassified,unclassified,False,SchweserNotes_for_Demand_and_Supply_Analysis_Consu,,,0,,,a3d91978a50c0d30b655b0140fa27dca09ac1292560a50adfa1754a63cf837a7,9
Screenshot from 2022-02-24 11-53-45-merged.pdf,0.1,unclassified,unclassified,False,Screenshot from 2022-02-24 11-53-45-merged,,2022,5,,,77fdf9007ea57cd7d281274e80c3de4807a0ded1b39f34299a97b3ac9b7b5104,2
Sections_2_3_to_2_5.pdf,0.1,unclassified,unclassified,False,Sections_2_3_to_2_5,,,0,,,f8bfa80062f70fe40fc24e2add0850c410b32448d839ee1eb941f0a5e61dba40,9
Sensitivity_Analysis_in_Business_Risk_Assessment_i.pdf,0.3,unclassified,unclassified,False,Sensitivity_Analysis_in_Business_Risk_Assessment_i,,,0,,,6e574baa03be585e7e66733a9715b4d36801ed43a5b5f33e0f3643e578cb9749,13
September2023.pdf,0.3,unclassified,unclassified,False,September2023,Citi,,10,,,236afcd6b6ff096b887aa8a867374272d22bf9f2d4e1384bb520e032d4f72db1,5
Server 25.pdf,0.2,unclassified,unclassified,False,Overview-bio,Maurizio Porfiri,,10,,,f2b18662194b363698fff887adf22fa17f7fcc2aaa019a00ebb8b5ef947e4fe6,3
Shallow Neural Networks _ Coursera.pdf,0.1,deep_learning,low,False,Shallow Neural Networks : Coursera,,,0,,,a8f1f102d76014f4dcdf22d266462f829ac484a08403e22abed5e855a02db05b,1
Shape of the inputs to the RNN.pdf,0.9,unclassified,unclassified,False,Shape of the inputs to the RNN,,,0,,,9fba38b9d5c9628620a1da8dbf28d3ff8e6439a43196dd72f554442177fb1271,3
Shirin-2020data-driven optimized control.pdf,0.6,unclassified,unclassified,False,Shirin-2020data-driven optimized control,,,0,,,d83e5034b1ec5b2eceda62a7202ebf66af916789e9677e5317c57eb558d90a10,24
Sidhartha Chauhan - Aws Certified Advanced Networking Official Study Guide_ Specialty Exam-Sybex 2018.pdf,8.6,unclassified,unclassified,False,AWS Certified Advanced Networking Official Study Guide,Sidhartha Chauhan; James Devine; Alan Halachmi; Matt Lehwess; Nick Matthews; Steve Morad; Steve Seymour,2018,25,,,8ab1a2c0b9d0cd0280e663e464147abed8e0b1e19ea4bfae36657cce3c245a02,574
Signature Page.pdf,0.1,unclassified,unclassified,False,Signature Page,,,0,,,66225136db92c773e73702537aa15fb76a25c8151664fdcc6ac00ba75d133059,2
Software.pdf,0.6,unclassified,unclassified,False,Software.dvi,,,0,hash_dup_184,possible_duplicate,66e1d960486a30f1fa12baf925fa3c0f54c1e1ee7c983a3d88c99b3fab8eac28,98
Software_2.pdf,0.1,unclassified,unclassified,False,Software_2,,,0,,,59d5515e630f63a60e7c2bc6a0f1735c14366c22de745b8f0364fedf8bc77eb3,3
Solutions to OddNumbered Exercises.pdf,0.4,fitness,low,False,Solutions to OddNumbered Exercises,,,0,,,6ed06d3a7513aac0405b504a1796dd16797ab13444013b872882f281f8559a20,73
Splines.pdf,0.2,unclassified,unclassified,False,Splines,Administrator,,10,,,82643e9235ab932a9d8b3317d4ebd407fe78583676b36dc68921a0882f44bc4d,9
Spontaneous_ordering_of_a_bacterial_drop_into_a_sp.pdf,0.2,unclassified,unclassified,False,Spontaneous_ordering_of_a_bacterial_drop_into_a_sp,,,0,,,43220584f8b0e380eadd89fcc1c904d8224f6676249d3be142740079ffd5aac0,4
Spring 2022 ERM Case Study.pdf,3.0,unclassified,unclassified,False,Spring 2022 ERM Case Study,Society of Actuaries,2022,15,,,37bb74e5ff6e9f47369a3f5d2930fd2b206235d108ab6a69204ca1fd8c56016b,215
Springer Ebooks.pdf,0.7,unclassified,unclassified,False,Springer Ebooks,Apache POI,,30,,,f7c7ed3e7db6b2e4ff83ff423c61c166d730791fc4f13a1107372480cf1678e0,21
Springer Texts in Statistics Robert H Shumway David S Stoffer - Time Series Analysis and Its Applications Instructors Solution Manual Solutions-Springer 2017.pdf,0.8,deep_learning,low,False,Springer Texts in Statistics Robert H Shumway David S Stoffer - Time Series Analysis and Its Applications Instructors Solution Manual Solutions-Springer 2017,,2017,30,,,d1e293855ebfe09e2833225474903fd5c0142c64eaa3167cbd3abdc65cd6e602,81
Stability.pdf,0.5,unclassified,unclassified,False,Stability,,,0,,,3f34007ad9e7531d3ea2a79dd7906c7713640b97fa6973c4c4397588644e5ffb,26
Stability_and_bifurcations_for_the_N1_vortex_probl.pdf,0.6,dynamical_systems,medium,False,Stability_and_bifurcations_for_the_N1_vortex_probl,,,0,,,50aca2599ccedb64d06bbd2a3b00ca0bc1728051d10638925f3e4edcdbd56dc2,25
Stability_of_equilibria_and_fixed_points_of_conser 1.pdf,0.2,unclassified,unclassified,False,D:EJSNO9509.DVI,IOP Publishing #1 1065 1999 Feb 15 15:01:04,,10,fuzzy_dup_448,possible_duplicate,a13507822dcb8a145f898599fa073c715f7a8cca2dcba44fea22775b1234db41,13
Stability_of_equilibria_and_fixed_points_of_conser(1).pdf,0.1,unclassified,unclassified,False,D:EJSNO9509.DVI,IOP Publishing #1 1065 1999 Feb 15 15:01:04,,0,fuzzy_dup_448,possible_duplicate,e6109a1d9891c6d87710ee0ba0ffb86eea60a549522b706ba63a8ef2c12ab81f,12
Stability_of_equilibria_and_fixed_points_of_conser.pdf,0.2,unclassified,unclassified,False,D:EJSNO9509.DVI,IOP Publishing #1 1065 1999 Feb 15 15:01:04,,0,fuzzy_dup_448,possible_duplicate,57f5096a7a546db821c55df374f6149c5e21ce0a754faae10f60e8a88a50ebe5,13
Stability_of_equilibrium_solutions_of_autonomous_a.pdf,0.3,dynamical_systems,high,False,Stability_of_equilibrium_solutions_of_autonomous_a,F. dos Santos,,25,,,ca0efff92a4c55d03f2d3b71a2f48739632a6e014dd7e77aa671739e7199e9a5,22
Stay - Chadakarn Sirasitthichoke.pdf,0.4,unclassified,unclassified,False,Expenses.pdf,cs437,,10,,,6c118d68cd5a6e04413df1e9897b6f8d4343b8c3bfeb08b9a505b67160a11ecd,2
SteinCASolutions.pdf,0.2,unclassified,unclassified,False,SteinCASolutions,,,15,,,b842b692e6e763c3cb59d2f6e33a8ecaff70fa6b5cfc934cad2173af232743f0,26
SteinandShakarchiRealAnalysis.pdf,0.6,unclassified,unclassified,False,SteinandShakarchiRealAnalysis,,,15,,,137f121c58b4e0ee6cc6c2030552f76ac6821c27d6f9a8d9ad60bcf86361a00b,112
Strang G. - Introduction to Linear Algebra.pdf,0.5,algebra,low,False,linalg_sol_man.dvi,,,15,,,f479a05bf83cbae09438c127c2fc2c1f1cd63ee3af7eedac07872fd4e1dd76c8,77
Strength Standard.pdf,0.1,unclassified,unclassified,False,Strength Standard,,,0,,,95e4f3ef34de49c2f2825b4694ca5f85f362fcee435661ab9c500be72ab2faf0,4
Strength+and+Mass+After+40+1.pdf,0.4,unclassified,unclassified,False,Strength+and+Mass+After+40+1,Andy,,10,,,f55f9f149c29ec83fe6507a9f36f209fce16f127a7672b2a24dfbcaf17db4499,5
StudentSolutionManual.pdf,0.9,unclassified,unclassified,False,StudentSolutionManual,fpverone,,10,,,5367eea934ef554f6c0bcf9670f131bbaab5189f5079bd37e3531009d1f349f4,94
Student_Solutions_Petters_Dong.pdf,0.5,unclassified,unclassified,False,Student_Solutions_Petters_Dong,,,0,,,d18f020a574e35d8829a18e47f8aa25eb853be598abd9f64b5555da27bcffea0,87
Studies in Applied Mathematics Volume 108 issue 1 2002 [doi 10.1111%2F1467-9590.01423] David C. Diminnie; Richard Haberman -- Slow Passage Through the Nonhyperbolic Homoclinic Orbit of the Saddle-Cent.pdf,0.1,dynamical_systems,high,False,Slow Passage Through the Nonhyperbolic Homoclinic Orbit of the Saddle-Center Hamiltonian Bifurcation,,2002,5,,,11d250eb628c8196527d9718100dfa773173ec0670405d053a5efa56e8156be5,12
Subaru Impreza Hatchback New Car Inventory Price Request Form has been submitted.pdf,0.1,unclassified,unclassified,False,Subaru Impreza Hatchback New Car Inventory Price Request Form has been submitted,,,0,,,a637e050881566822779a478c723af32cb7cb1470e3e285b27773c2523fc1460,2
Subaru-PDF-TrimComparison.pdf,0.1,unclassified,unclassified,False,Subaru-PDF-TrimComparison,,,0,,,ef5cfddb4f693ea9ccffce9bebc645293c4d10229a0098fc2ffada6104e4fedc,24
Suggested-Sequence-of-Study-for-CFA-Level-I.pdf,0.2,unclassified,unclassified,False,Suggested-Sequence-of-Study-for-CFA-Level-I,,,0,,,9b0d09609e6aa7715f2a83d0cb3bb7d9332019f12548cfc2133f0195c42a6986,1
Summary_A_2023_01_15.pdf,0.1,unclassified,unclassified,False,Summary_A_2023_01_15,,,0,,,bbd51b9f54b84c065106bcdca91541bea9815612dc1f9661a4f9b30ab71c5356,1
Summary_B_2023_01_15.pdf,0.1,unclassified,unclassified,False,Summary_B_2023_01_15,,,0,,,d6fb6bc60a9987b8190384fe40abd9ca5f749ecc19e0fb6479c8fb2c25260ce9,1
Summary_C_2023_01_15.pdf,0.1,unclassified,unclassified,False,Summary_C_2023_01_15,,,0,,,1155c8ffb40fd9774b41dc18105fe5a84c69eaa56cb6cac79720b6d5d747c9e6,1
Summary_D_2023_01_15.pdf,0.1,unclassified,unclassified,False,Summary_D_2023_01_15,,,0,,,0b731795d006e4400874f4aefddb38a8eccd50eef063a401866aa1954b680550,1
Summary_E_2023_09_07.pdf,0.1,unclassified,unclassified,False,Summary_E_2023_09_07,,,0,,,9bf847e8a84ee512a1a9769c177a4d40dc5fde63be0422bffd7dfa2155321a70,2
Sun2015_Article_ContrastingEffectsOfStrongTies.pdf,0.6,unclassified,unclassified,False,Sun2015_Article_ContrastingEffectsOfStrongTies,,,0,,,976351150f4c02ee844ad9eee568c19e2b47501e7274c94e9d161551c364be33,8
Sung Hun Choi Final Exam.pdf,6.7,unclassified,unclassified,False,Sung Hun Choi Final Exam,,,5,,,02c1fc286ed03e295959d90ebb18361312aed2e24274397e48646dbfcc94c670,10
Syllabus Spring 2019.pdf,0.1,unclassified,unclassified,False,Syllabus Spring 2019,User,2019,15,,,35be2c867153e7be97b6c21b9152143e19190ec1becd5e59b88dca40d70141b9,2
Symbolic_Computation_of_Local_Stability_and_Bifurc.pdf,0.4,unclassified,unclassified,False,Symbolic_Computation_of_Local_Stability_and_Bifurc,,,0,,,025cec3ea66762ae2195dfc05e37a8ec7607968d0909faba9fc16cac138bac5c,22
TIA-ERM-FlashCards-Sample-v2.pdf,0.4,unclassified,unclassified,False,TIA-ERM-FlashCards-Sample-v2,,,0,,,571579308acdbbf3d1beffa36ecfdfb11d6a024fb52aaca0fcdc9b27da8ca64c,45
TIA_ERM_DSM_Sample_Fall2024_V1.pdf,0.3,unclassified,unclassified,False,TIA_ERM_DSM_Sample_Fall2024_V1,,,0,,,030dc9a8dd2f71f1f0d34f0109d69babb86c32d891e68b7ff7314d541db770c4,32
TIA_ERM_DSM_SecA_Fall2024_V1.pdf,0.5,unclassified,unclassified,False,TIA_ERM_DSM_SecA_Fall2024_V1,,,0,,,13e75777b3d1f21f9802a28cba5f8c36f5b2e1587d7d73c902b0de0b267b552e,61
TIA_ERM_DSM_SecD-Fall-2024_V3.pdf,0.8,unclassified,unclassified,False,TIA_ERM_DSM_SecD-Fall-2024_V3,,,0,,,057541cf4be72a257dcde6edf6fbbdde8876407c6814fd8a606578f80d506be4,251
TIA_ERM_Drill_Fall2024-Solutions_V4.pdf,0.6,unclassified,unclassified,False,TIA_ERM_Drill_Fall2024-Solutions_V4,,,0,,,9ec75a2645ba3efdb44b8756f0a76a5a6765832433a2180a07e3e153dfd15c17,194
TIA_ERM_Drill_Spring2025_QuestionsOnly_V1.pdf,0.4,unclassified,unclassified,False,TIA_ERM_Drill_Spring2025_QuestionsOnly_V1,,,0,,,1ebf1bda7746dff66f778d2779de67d9c34df6203f342f0492a15aa73baab66f,97
TIA_ERM_Drill_Spring2025_Solutions_V1.pdf,0.6,unclassified,unclassified,False,TIA_ERM_Drill_Spring2025_Solutions_V1,,,0,,,74a66d41d34879cb7f0c20b1a78933fbfc6097a4165fc6afd05f214d7851ce86,194
TIA_ERM_Formula-Sheet_Spring2025_V2.pdf,0.5,unclassified,unclassified,False,TIA_ERM_Formula-Sheet_Spring2025_V2,,,0,,,9b0f80ca3440715355d979f81134a87ba131dcefba83b564ce5683d8e53a167a,80
TIA_ERM_QuickStartGuide_Spring2025_V1.pdf,0.1,unclassified,unclassified,False,TIA_ERM_QuickStartGuide_Spring2025_V1,,,0,,,a6aa1b710ade0b13219f705575e90a918b137671d54efa6fca394cd386e49773,3
TIA_ILA101_DSM_SecA_F2025-v2b.pdf,0.4,unclassified,unclassified,False,TIA_ILA101_DSM_SecA_F2025-v2b,,,0,,,31939d05acce9c1495f38fbde057c080f55eb3e14bb8b1eda3d8169e0b1363af,91
TIA_ILA101_DSM_SecB_F2025-v1.pdf,0.4,unclassified,unclassified,False,TIA_ILA101_DSM_SecB_F2025-v1,,,0,,,19e3cd8bc64cc0c5b5ac75a9d8c7651a8636bf9120c52aab0faf14ed81787fbd,91
TIA_ILA101_DSM_SecC_F2025-v1.pdf,0.6,unclassified,unclassified,False,TIA_ILA101_DSM_SecC_F2025-v1,,,0,,,e270d2f8c047c70e7131e78687705349b020496c87e2362c9a1fb09af186a3c2,134
TIA_ILA101_DSM_SecD_F2025-v1b.pdf,0.3,unclassified,unclassified,False,TIA_ILA101_DSM_SecD_F2025-v1b,,,0,,,cb6e36c9ff78ceb8223553ab3fb02c1a8003867ae0780ee609eb16cfe431ec6a,38
TIA_ILA101_DSM_SecE_F2025-v1.pdf,0.5,unclassified,unclassified,False,TIA_ILA101_DSM_SecE_F2025-v1,,,0,,,f79c3bb94bd2012bca4dc44bd843210debd00263c41f9de0e38431abf1523482,134
TIA_ILA101_DSM_SecF_F2025-v1.pdf,0.3,unclassified,unclassified,False,TIA_ILA101_DSM_SecF_F2025-v1,,,0,,,cfc8343d7002d21bb728b5bb1056ebe22328a8f406e6cf6bf5763e28c20d111f,53
TIA_LPM_DSM_SecA_F2024-v2.pdf,0.5,unclassified,unclassified,False,TIA_LPM_DSM_SecA_F2024-v2,,,0,,,f7f5a68f24b07903e859e33ceed6c0d66ddbf7d24aa1ed099bca294056ab8b09,120
TIA_LPM_DSM_SecA_F2024-v3.pdf,0.5,unclassified,unclassified,False,TIA_LPM_DSM_SecA_F2024-v3,,,0,,,ddee4d59e47efb64ca2363b9eae4759665fb28629d831bbbb635572d657f8db0,120
TIA_LPM_Experience_Study_Calculations_Sample_Handout.pdf,0.2,unclassified,unclassified,False,TIA_LPM_Experience_Study_Calculations_Sample_Handout,,,0,,,1b02feb887d35b63fafbe26a6e1b57726e14983691dc8804f5e31fa571bc0ed9,5
TIA_LifeProductOverview_V1.pdf,0.3,unclassified,unclassified,False,TIA_LifeProductOverview_V1,,,0,,,254c65a6530259c95601b81d39243f4a6ed3b5780de9b77c20fc01b0dffb7f09,6
TIA_Summary_of_Fall_2025_Changes 1.pdf,0.5,unclassified,unclassified,False,TIA_Summary_of_Fall_2025_Changes 1,,,0,,,b524ea9d8d7ab3ba913bd5cc47a0af3a7fbfe65b75c3579d8af130c82e735ac1,27
TIA_Summary_of_Fall_2025_Changes.pdf,0.5,unclassified,unclassified,False,TIA_Summary_of_Fall_2025_Changes,,,0,,,fbd380073df94bec51dcadbc4f72b5dfee2aa3a273b18be46c96fdf462e9fcb0,27
TNSE2020pdf.pdf,0.9,unclassified,unclassified,False,TNSE2020pdf,,,0,,,4a4bcb0ee06ebe93a812d2ea66dc459c90f5ca0109dae1cb7fcbed87f02a2915,13
TOC.pdf,0.2,unclassified,unclassified,False,1606final-4th,Renaud Lambiotte,,10,,,3da6e298bf2c6d35f144794db2032873e6b3e2dc4d5e8fa9c3048665b0fd46e7,5
TWS3.pdf,0.2,unclassified,unclassified,False,C:\WINNT\Profiles\pauld\Desktop,,,0,,,9ecd8e8f14b5a8e3e5d6b58fec0452d84c1cacc5a17eb5dc120f8c2d0ccb667b,10
Table of Differentiation and Integration.pdf,0.1,unclassified,unclassified,False,Table of Differentiation and Integration,,,0,,,a263d8701edfafb25179022472125dd1129d9b8ba65170627c581c8bd00ed20d,1
Takeshita_J_JAAD_2014.pdf,0.1,unclassified,unclassified,False,Takeshita_J_JAAD_2014,Junko Takeshita MD PhD,,25,,,d56cf950f0b80f438d9c7f90e6ed7e4bbd7adfeebaa1c2b8b0b62d15145e0127,9
Tatyana Behring_Incentive Claim Form_signed.pdf,0.3,unclassified,unclassified,False,Tatyana Behring_Incentive Claim Form_signed,,,0,,,190fc48dd4b20c0e321ab4c470c62f5e1442f00de3758980940d3166f8ff22b8,5
Tatyana_ACCOUNT_BALANCE.pdf,0.1,unclassified,unclassified,False,Tatyana_ACCOUNT_BALANCE,Brandon Behring,,10,,,9d2caff6f29b299151256ce6ed18f1aa2cfacb17d96c364358cdefe291c615fb,8
Tatyana_ACCOUNT_BALANCE_URL.pdf,0.2,unclassified,unclassified,False,Tatyana_ACCOUNT_BALANCE_URL,Brandon Behring,,10,,,c24a9e8f5202969212c8e966291d04d2f070177ef8b18c8e08c971d7f70ad9cb,13
Tatyanba_TRANSACTION_URL.pdf,0.2,unclassified,unclassified,False,Tatyanba_TRANSACTION_URL,Brandon Behring,,10,,,65a6300e500a17c8d555207f6a5c85e8cb4904571175b78b33c370b7b1d5ab81,10
Temporary_Photo_Document-2.pdf,0.3,unclassified,unclassified,False,Temporary_Photo_Document-2,New York State Department of Motor Vehicles,,10,,,1ccb324040a1cceca01296bafd9f0cd4d3acf7e050d400718d85c949bfbb77e0,1
Temporary_Photo_Document.pdf,0.3,unclassified,unclassified,False,Temporary_Photo_Document,lfiacco,,10,,,966347ed47876d63beb6cce94040a9bac02943e9e67c0d9d9056005368c50ef5,1
Temporary_Registration_GUR1924.pdf,0.1,unclassified,unclassified,False,Temporary_Registration_GUR1924,rdonnelly,,10,,,b0a007349fe9c1924cf791e1b38ef0ef051b45401675f2257c4af7c26eaccd52,1
Tensor_Calc_and_Moving_Surfaces_Exercises_New.pdf,0.3,fitness,low,False,Tensor_Calc_and_Moving_Surfaces_Exercises_New,,,0,,,fa93953686b2354cbe8e8fba7d30664949262f6c10a57deed2b43ace41de14dc,119
TestSave.pdf,0.1,unclassified,unclassified,False,TestSave,,,0,,,677ea1f5892499b9114bc5fae16211b2ac43e5404289081b084e5657b19dd38d,5
The Home Depot - Order Confirmation.pdf,0.1,unclassified,unclassified,False,The Home Depot - Order Confirmation,,,0,,,e309f7b7f03b3303a318d9c2e535ab6c7230892334237d1749b661f3df16d47b,1
The Journal of Chemical Physics Volume 81 issue 8 1984 doi 1010632F1448126 Thiele Everett Stone J -- Bifurcating families of periodic solutions for the generalized HenonHeiles potential.pdf,0.4,unclassified,unclassified,False,The Journal of Chemical Physics Volume 81 issue 8 1984 doi 1010632F1448126 Thiele Everett Stone J -- Bifurcating families of periodic solutions for the generalized HenonHeiles potential,,1984,5,,,dfbb59df05be8940e74a83f741669730583ce5af72113b74e5fbbc95ca47af2f,3
The Journal of Chemical Physics Volume 82 issue 6 1985 doi 1010632F1448310 Thiele Everett Goodman Myron F Stone James -- Floquet theory analysis of stable and unstable motion.pdf,1.0,unclassified,unclassified,False,The Journal of Chemical Physics Volume 82 issue 6 1985 doi 1010632F1448310 Thiele Everett Goodman Myron F Stone James -- Floquet theory analysis of stable and unstable motion,,1985,5,,,ed4380ab599e2a2d8026cb26d7db55aea32a465c5dcd821151f1548d8c1a5a74,11
The Rapid Fat Loss Handbook -www.itworkss.com.pdf,0.6,unclassified,unclassified,False,The Rapid Fat Loss Handbook -www.itworkss.com,,,0,,,64e5056ba0d503613f479c2ae8e0cdb61cb2c7a9dd62e377befa38e676228543,93
The Stability of the Elliptic Equilibrium of Planar Quasi-periodic Hamiltonian Systems.pdf,0.2,dynamical_systems,low,False,B20100006.dvi,,,15,,,c1e5207ed11c83b8eea28603eb8d03f99bfedec466578911d9095ca508811553,16
The+KSC+Method+for+RAW+Power+Lifting.pdf,0.4,unclassified,unclassified,False,The+KSC+Method+for+RAW+Power+Lifting,,,0,,,90ca08e5819c5acd21cc60c933daad4d1c3e63813bda53da15ed1dc8cb61cc31,18
The+KSC+Texas+Method.pdf.pdf,1.1,unclassified,unclassified,False,The+KSC+Texas+Method.pdf,Andy,,10,,,efdc458d47f13578dd92f6e48bc931258e3f3bd266c58a6d1ef7319675cd895c,18
The-Rat-Nervous-System.pdf.pdf,167.0,unclassified,unclassified,False,The-Rat-Nervous-System.pdf,,,25,,,f23f9df64de880d58387d669ca78b0e19f26d31a79c52f613257e382c0056513,1012
The_Persistence_of_a_Slow_Manifold_with_Bifurcatio.pdf,0.2,topology_geometry,low,False,abstract.dvi,,,0,,,0c176e67574ac2383794cec3fc286f8e88d9816b899ece3fee479d2d7dcda908,30
The_Vortex_Dynamics_Analogue_of_the_Restricted_Thr.pdf,0.4,dynamical_systems,low,False,The_Vortex_Dynamics_Analogue_of_the_Restricted_Thr,,,0,,,1dc9cf516b2b936e544ba8d8408c60eef635847458f374d3d9a5c9a2d012df44,18
The_extended_Jacobi_Elliptic_Functions_expansion_m.pdf,0.3,unclassified,unclassified,False,The_extended_Jacobi_Elliptic_Functions_expansion_m,,,0,,,d0258ec4c1c9933d9fafe529195ea36bb627caded9a6d43fccc6de46908af67b,10
The_iteration_formula_of_the_Maslov-type_index_the.pdf,0.6,unclassified,unclassified,False,The_iteration_formula_of_the_Maslov-type_index_the,,,0,,,790df056c62b6d3f7cf364c9ca50e8ec549acbc96d1ef7dc450d7ccf31d4044e,44
ThreeVortexArefRott.pdf,0.1,dynamical_systems,low,False,ThreeVortexArefRott,,,0,fuzzy_dup_450,possible_duplicate,6f9819497f2c93738cf61de5de6d08aa24bbfdb0859d74216fd98e3a3f90551f,4
ThreeVortexArefRott.pdf.pdf,0.1,dynamical_systems,low,False,ThreeVortexArefRott.pdf,,,0,fuzzy_dup_450,possible_duplicate,30535e30d1f233057d1fce4014f52457288c6912f00d7a5df56f5e20da6f601c,3
Ticket Purchase Confirm.pdf,0.1,unclassified,unclassified,False,Ticket Purchase Confirm,,,0,,,22ce6f76bcb81042ca3b7148f5714b4c4c0f8bf0979e0c89e063d7b6c988349b,1
TidyVerse.pdf,0.8,unclassified,unclassified,False,Cheat sheet tidyverse.indd,,,0,,,32d5ddea462f89ab8ddf678dfa59953a558587e254a59b114ff1c50892cddaac,1
Toda lattice Wikipedia the free encyclopedia.pdf,0.4,unclassified,unclassified,False,Toda lattice Wikipedia the free encyclopedia,,,0,,,2c1a0eb4db698af8d8e532d2e8e3d3f2f90642e4b8af3e29726986fafd19edc7,2
Total Rewards Overview.pdf,0.2,unclassified,unclassified,False,Total Rewards Overview,x172216,,10,,,e046127d6eeb2ef5022c9403da5850d51bf209f69d48c1eb2e4f62fff170efe3,2
TotalDeaths60.pdf,0.8,unclassified,unclassified,False,TotalDeaths60,,,0,,,5f5d2f3b12208bbc82c33153896ac0b1cfa11807be21a58fcfd11fd8ebfc53c6,1
Transaction_2.pdf,0.3,unclassified,unclassified,False,Transaction_2,Registered to: RRDONNEL,,10,,,00b5cc3e558f986dc07317e601a2809292b37a178136543b523865c6a3686475,4
Transcendental_cases_in_stability_problem_of_Hamil.pdf,0.4,dynamical_systems,medium,False,Transcendental_cases_in_stability_problem_of_Hamil,Boris S. Bardin,,10,,,6ea0b7bd1f88b379c446ae292fde212e6afbeb5be7896c555610bfd71f7ee317,34
Transition_to_chaos_in_dynamics_of_four_point_vort-2.pdf,0.3,dynamical_systems,low,False,DANPhys5_06Borisov_ILO,sgmlprep,,10,hash_dup_344,possible_duplicate,fb764c8804c8b4d56bd12b5f436188981abaa4870454d24ffb881e5980ca8a4d,7
Transition_to_chaos_in_dynamics_of_four_point_vort-3.pdf,0.3,dynamical_systems,low,False,DANPhys5_06Borisov_ILO,sgmlprep,,0,hash_dup_344,possible_duplicate,fb764c8804c8b4d56bd12b5f436188981abaa4870454d24ffb881e5980ca8a4d,7
Transition_to_chaos_in_dynamics_of_four_point_vort-4.pdf,0.3,dynamical_systems,low,False,DANPhys5_06Borisov_ILO,sgmlprep,,10,,,61a58c11606245e1bff734ae05b87d8008b66b566fa19d9a5074ec9e14738612,7
Transition_to_chaos_in_dynamics_of_four_point_vort.pdf,0.3,dynamical_systems,low,False,DANPhys5_06Borisov_ILO,sgmlprep,,0,hash_dup_344,possible_duplicate,fb764c8804c8b4d56bd12b5f436188981abaa4870454d24ffb881e5980ca8a4d,7
Travel Authorization_Reimbursement Request Form (2).pdf,0.1,unclassified,unclassified,False,travel_reimb.xls,toomey,,10,,,73f2646bfe8122fe1a35b93d037693dda196a788448ec8c103b8b5ea8c81102f,1
Tudor O Bompa_ Mauro G Di Pasquale_ Lorenzo Cornacchia-Serious strength training-Human Kinetics 2013.pdf.pdf,44.5,fitness,low,False,Tudor O Bompa: Mauro G Di Pasquale: Lorenzo Cornacchia-Serious strength training-Human Kinetics 2013.pdf,,2013,25,,,aebbde5d9530e44a8db5c249e393c0e6bc57210bc88bbd6dcf794232d2fa5260,368
UD2uiKtDSEW9roirQzhFPw_0cdc8cf353254b21b8d1353a51e89af1_Financial-Engineering-Risk-Management---Review-of-Basic-Probability.pdf,0.7,finance,medium,False,Financial Engineering & Risk Management - Review of Basic Probability,M. Haugh; G. Iyengar,,10,,,3280b0ee12e0e2da61108958be4159e8ac81b28b38dcac806710529c384c8eba,46
USCIS Form I-9.pdf,0.2,unclassified,unclassified,False,USCIS Form I-9,kepowers,,10,,,97984f3931eb5fae69d1aca75398196f46000e512bd763ea88807f0228841f26,3
Unknown 2.pdf,0.1,unclassified,unclassified,False,Unknown 2,,,0,,,458d781e06fa7ef301208c77090c93c104fbef90e8b381c8f6ba5f213256ab9e,1
Unknown.pdf,0.5,unclassified,unclassified,False,Unknown,,,0,,,2d4f5617d4d2cb7ac7095b942bb693b272c67d47e89a3e837ca5ed8c818eadf8,4
Unknown_2.pdf,0.2,unclassified,unclassified,False,Unknown_2,,,0,,,a604ab58026e7af83f5535306a0f9a3ed4dacc4942777d2fd745935f7c6dc3fe,3
Unsupervised_learning_1..pdf,1.0,unclassified,unclassified,False,Unsupervised_learning_1,,,0,,,d8c8e0f75e07214fbd8f143b4f7890a295103ada9800b0400cd32e1a381ba9c9,37
Untitled 1.pdf,0.8,unclassified,unclassified,False,Untitled 1,,,0,,,e0f424a6d0616b1881187140bd9ffd4c5a81d873c62125366438aff8ca139d43,10
Untitled.pdf,0.1,unclassified,unclassified,False,Untitled,,,0,,,0703ecc3af0d4e41d4db38e06957dc96b71dc6f265c9bfaa72ae1aaa539a2e59,7
Upper-Lower-Hypertrophy-1.pdf,1.0,unclassified,unclassified,False,Upper-Lower-Hypertrophy-1,Lee Baker,,25,,,0bc2fee735b55903b24fc4ab2be2ff3ef7ac7795335b2d1f13bb41f4d08ef03c,41
Upscale-Sound-Wedding-Run-Down-Form.pdf.pdf,0.2,unclassified,unclassified,False,Upscale-Sound-Wedding-Run-Down-Form.pdf,,,0,,,dad2efa691da4edb90fa2b41be9f2fc5d4435d358d1fb5e7b451e0e680c2b57b,2
VRBPAC-12.17.20-Meeting-Briefing-Document-FDA_0.pdf,0.7,mathematics,low,False,VRBPAC-12.17.20-Meeting-Briefing-Document-FDA_0,FDA/CBER,,10,,,b96e01a588667139381acb247ec61eef97dd6dbf5afd493de97b902b3324c06a,54
Valerie.pdf,0.1,unclassified,unclassified,False,Practice Exam,Brandon Behring,,10,,,b45978e979738616de3dc92fdbcc281c95aa8963f053ec10b2b5fb4465757251,2
Vanguard_1.pdf,0.1,unclassified,unclassified,False,Vanguard_1,Brandon Behring,,10,,,2c9f2444a393ce13a0b4a45d07391f28af09792084e6d0a27c7972a0d1c1a78d,4
Venkatraman2017_Article_PeriodicOrbitsOfGrossPitaevski.pdf,0.9,dynamical_systems,high,False,Venkatraman2017_Article_PeriodicOrbitsOfGrossPitaevski,Raghavendra Venkatraman,,30,,,044930b55bc33fc1766e9c1c3e6bba17fdb2ebbb14f86582803db69237b4ae15,35
Villasenor-Park_J_CCJoM_2012.pdf,0.3,unclassified,unclassified,False,Villasenor-Park_J_CCJoM_2012,,,0,,,64a26ca3a28118de2d26e556fed67e124d1b83411dc636d6f818ac5fb51d9678,11
Vladimir A Yakubovich V M Starzhinskii Linear Differential Equations With Periodic Coefficients volume 1.pdf.pdf,42.6,mathematics,medium,False,Vladimir A Yakubovich V M Starzhinskii Linear Differential Equations With Periodic Coefficients volume 1.pdf,,,20,,,49c167454c006473f7d5fafcfeb31b3fcec256a6e9236b9d72c5def5a08c8159,396
Vladimir Zatsiorsky William Kraemer-Science and Practice of Strength Training Second Edition 2006.pdf.pdf,37.9,fitness,low,False,"Science and Practice of Strength Training, Second Edition",Vladimir M. Zatsiorsky; William J. Kraemer,2006,40,,,d4b54728a6b3a280704659257dd88efba454573b19e4c95898c218ab9f9cbf8f,254
Vorobiev_2012_J_Phys3A_Conf_Ser_343_012127 1.pdf,0.7,unclassified,unclassified,False,Vorobiev_2012_J_Phys3A_Conf_Ser_343_012127 1,,,0,,,557d3810ca30c4c60de64bc857b8ab009a29226ea76a8e289ddb5cd42be50ba0,12
Vorobiev_2012_J_Phys3A_Conf_Ser_343_012127.pdf,0.7,unclassified,unclassified,False,Vorobiev_2012_J_Phys3A_Conf_Ser_343_012127,,,0,,,337546446658e915598e4a9c2e59af618b88a9a1f0a7690fd41730180cd3fc80,12
WPS-220059714_arclet.pdf,0.1,unclassified,unclassified,False,WPS-220059714_arclet,,,0,,,aa59ea7b1d0f99d97ac866cfaa1cfc6f7a53110c8379c7d74d6a108e7f9b90cb,24
Week at a Glance.pdf,0.1,unclassified,unclassified,False,Week at a Glance,,,0,,,bf0aaad2ed5aba41fa4373054c5f5db976e58488a24a18f36af1b3fcc431c76f,1
Weekly_Progress_Report_W36.pdf,0.1,unclassified,unclassified,False,Weekly_Progress_Report_W36,Simon Carrillo Segura,,10,,,4354554a0226c736a54473b437ba373ea5cb80050f666292ae5a1727183c99e2,5
Weekly_report_latex.pdf,0.5,unclassified,unclassified,False,Weekly_report_latex,Kevin Jose,,10,,,e6863084cf1a98eab1b0f63fdfb2ac5c6cd70b76ea424c4f679dcd5c3058fcb7,8
Welcome To MacTeX.pdf,0.4,unclassified,unclassified,False,Welcome To MacTeX,Bob Kerstetter,,10,,,f2b861369b4220146070d8fc25b548bd799d6246472c96c1721c956cee4d0ed7,15
What Happens When COVID-19 Collides With Flu Season  Geriatrics  JAMA  JAMA Network.pdf,0.8,unclassified,unclassified,False,What Happens When COVID-19 Collides With Flu Season Geriatrics JAMA JAMA Network,,,0,,,5740a95f48458c89c4f12b66beb81dfc89ff12d45005e4daf381adef79963e9d,10
"Your Account Is Ready to Fund - Fidelity,Your Accounts Are Ready to Fund - Fidelity.pdf",0.1,unclassified,unclassified,False,"Your Account Is Ready to Fund - Fidelity,Your Accounts Are Ready to Fund - Fidelity",Brandon Behring,,10,,,e81c2d128375519da9eee2e03f078f9a096b44a6fd66470118e24e5c6b0b3513,1
Your first database.pdf,0.7,unclassified,unclassified,False,Your first database,,,0,,,426a56048335bb9ebb643dbaa0f53edb84d693dcf572654b2b8b57b867edbb79,28
Yuri Verkhoshansky-Special Strength Training_ A Coaches Manual 2006.pdf.pdf,10.2,fitness,low,False,Yuri Verkhoshansky-Special Strength Training: A Coaches Manual 2006.pdf,,2006,15,,,2087344511019340a2d17e61f6ae2b0bf07922776f1f84aa8b13cdf5a1667158,135
Zeitschrift für Angewandte Mathematik und Physik (ZAMP) Volume 40 issue 4 1989 [doi 10.1007%2Fbf00944802] Hassan Aref -- Three-vortex motion with zero total circulation- Addendum.pdf.pdf,0.3,dynamical_systems,low,False,Three-vortex motion with zero total circulation: Addendum,,1989,5,,,02c6ce2eb7453a0eed7035454139a46300fbe3ea73fee86415cae124f94820df,6
Zeitschrift für Angewandte Mathematik und Physik ZAMP Volume 30 issue 6 1979 doi 1010072Fbf01590500 H Tasso J Teichmann -- On the generalization of the Cole-Hopf transformation.pdf,0.1,unclassified,unclassified,False,On the generalization of the Cole-Hopf transformation,,1979,5,,,bb3a3ffb39889e8d5d5849b6d481f295f91096ff13807122be0f168f9ff86890,3
Zino_EJC.pdf,0.3,unclassified,unclassified,False,Analysis and control of epidemics in temporal networks with self-excitement and behavioral changes,Lorenzo Zino; Alessandro Rizzo; Maurizio Porfiri,,0,fuzzy_dup_451,possible_duplicate,4664a4477c59205d03cf1d0f460eeabfa0b56801685a99e02ad757635764cdc7,28
Zino_IEEE_CSL.pdf,0.1,unclassified,unclassified,False,Zino_IEEE_CSL,,,0,,,3b27e1b7f18c073b407e3dc29241710cbe6626d9f20010eda297b5e9f9738eef,6
Zino_IEEE_TCNS.pdf,0.3,unclassified,unclassified,False,Zino_IEEE_TCNS,,,0,,,25cf2dc2efd262ab5924a4ee0cfac2089bfd49b2ea56f60abee1cf62707cc128,10
"[18657109 - Zeitschrift für Naturforschung A] The Artificial Hamiltonian, First Integrals, and Closed-Form Solutions of Dynamical Systems for Epidemics.pdf",0.4,dynamical_systems,medium,False,"The Artificial Hamiltonian, First Integrals, and Closed-Form Solutions of Dynamical Systems for Epidemics",,,15,,,2f6c131dfc1ebaddceae9255c10a92dad740b33620317f028909ef8530423e2e,8
[D._Acheson]_Elementary_Fluid_Dynamics_(corr.)(BookZZ.org)_2.pdf,0.8,unclassified,unclassified,False,Elementary_Fluid_Dynamics_(corr.)(BookZZ.org)_2,,,0,,,ccbbad77c0cdd1a4d16c516f958db818c0696bf5f633e980d43b641a75a1baf0,6
"[doi 10.1007%2FBFb0021752] Casati, Giulio; Ford, Joseph -- [Lecture Notes in Physics] Stochastic Behavior in Classical and Quantum Hamiltonian Systems Volume 93 __ The role of periodic or.pdf",0.2,dynamical_systems,medium,False,The role of periodic orbits in semiclassical quantization,,,15,,,f1930bdd39cdbef59d200bf1ab8bdfcc34ee0fc72493301b29e1732fc71c17d7,6
"[doi 10.1007%2FBFb0106626] Bruneau, Charles-Henri -- [Lecture Notes in Physics] Sixteenth International Conference on Numerical Methods in Fluid Dynamics Volume 515 __ Mixing and ch.pdf",0.3,dynamical_systems,low,False,Mixing and chaotic fluid particle trajectories in the flow around two leap-frogging vortex rings,,,0,,,f3243ce6f0d46397419fe5b873ea3ed22aa59675bb14743761e200e94ddd648a,6
"[doi 10.1109%2FCDC.1978.267911] Barnes, Earl -- [IEEE 1978 IEEE Conference on Decision and Control including the 17th Symposium on Adaptive Processes - San Diego, CA, USA (197.pdf",0.1,unclassified,unclassified,False,"Barnes, Earl -- [IEEE 1978 IEEE Conference on Decision and Control including the 17th Symposium on Adaptive Processes - San Diego, CA, USA (197",,1978,5,,,ef61b300bd93d742cdfedd861b645149d96cd6cf3cdf5afa088c11cfd1eb24e4,2
"[doi 10.23919%2FACC.2018.8431769] Kohler, Johannes; Enyioha, Chinwendu; Allgower, Frank -- [IEEE 2018 Annual American Control Conference (ACC) - Milwaukee, WI, USA (2018.6.27-2018.6.29)] 2018 Annual A.pdf",0.4,mathematics,low,False,Dynamic Resource Allocation to Control Epidemic Outbreaks a Model Predictive Control Approach,Johannes Koehler; Chinwendu Enyioha; Frank AllgÃ¶wer,2018,15,,,bcfb91ce7318f8f864c6c6604cb4aa5d1dc3d018c69996e9bb89667097b82e13,6
_02731efa14ead027153514642019f519_Partial-Autocorrelation-and-the-PACF-Concept-Development.pdf,0.6,unclassified,unclassified,False,02731efa14ead027153514642019f519_Partial-Autocorrelation-and-the-PACF-Concept-Development,Thistleton,,10,,,bff5e26536d9a0def92362c1df1fd163f44e3220f11135e84d3e4a3afcc90940,9
_040fe0e4afc1ae0836e5b6dddf92fbc5_L5_supp.pdf,0.1,unclassified,unclassified,False,040fe0e4afc1ae0836e5b6dddf92fbc5_L5_supp,,,0,,,a5482027678cc04e785233ad94e4a4595745a9a08c006ccc0a3e45511ab32248,1
_29f7eaaba3ac0d35ee74f8bd61aafc39_L3_supp 2.pdf,0.1,unclassified,unclassified,False,29f7eaaba3ac0d35ee74f8bd61aafc39_L3_supp 2,,,0,,,96e69defc95f6ecee90d97c625e13488b4b57cc8a2902ad17aa1c4de853ba164,10
_2ffa04a4be97e282ca9e65d96897a77c_L1_background.pdf,0.1,unclassified,unclassified,False,2ffa04a4be97e282ca9e65d96897a77c_L1_background,,,0,,,30108c6ef6fd3e43035ffcd3342fc6b0e89081d0b07fd6bad3f52bd5d422298a,2
_374ac75bfb1940158d7e4052f7c03d09_Stationarity---Examples--White-Noise_-Random-Walks_-and-Moving-Averages.pdf,0.5,unclassified,unclassified,False,Thistleton and Sadigov	Stationarity: Properties and Examples	Week 2,Thistleton,,10,fuzzy_dup_453,possible_duplicate,b40444599474aa8f2dbc5304a22915e800123a01e43b18de8d1f46e4174344f9,5
_3dd83ce2db3af01c533e5d0ffff5f7a0_Partial-Autocorrelation-and-the-PACF-First-Examples.pdf,0.6,unclassified,unclassified,False,3dd83ce2db3af01c533e5d0ffff5f7a0_Partial-Autocorrelation-and-the-PACF-First-Examples,Thistleton,,10,,,5f455e9f220f958ab8c5c11f1b1519e65f94d85a57fe4cb91bd8849e455f06f5,5
_62835c1b5b81af286ba54a920f2a4d5f_L5_background.pdf,0.1,unclassified,unclassified,False,62835c1b5b81af286ba54a920f2a4d5f_L5_background,,,0,,,ea9b1b2aff408b73bc978d5c9a04745f13ca80d3f0d02cd36a8fbbcc5571f9ba,5
_683d9f191bc1aa063d0b121be1add7e8_Autoregressive-Processes----Definition-and-First-Examples.pdf,0.7,unclassified,unclassified,False,683d9f191bc1aa063d0b121be1add7e8_Autoregressive-Processes----Definition-and-First-Examples,Thistleton,,10,,,c82fc0a74b34a4309fb5a7c70871ccc6c879274a6c895b295fbf06011d31e774,5
_6d61ac58f5add7fa68ed404a51b2618d_Datascience_Orientation_Defining_Data_Science_Reading.pdf,0.4,unclassified,unclassified,False,6d61ac58f5add7fa68ed404a51b2618d_Datascience_Orientation_Defining_Data_Science_Reading,Tjido,,10,,,6a6869cca5ae62a813eaad4ee97da94be0a08177fe7daea502a84877239c9534,1
_6db95799d385f60a655c818d699a697c_Week-2---slides---White-Background 2.pdf,0.8,unclassified,unclassified,False,Installing Packages in R  and  Downloading Data,thistleton,,0,fuzzy_dup_454,possible_duplicate,70b48be4bbc717dc0d8a5f4cd6365f15f9d731d81dee45ac7a9bc5267216240f,93
_715a828570906ee4c5d7b9394792985c_Akaike-Information-Criterion-and-Model-Quality.pdf,0.6,mathematics,low,False,715a828570906ee4c5d7b9394792985c_Akaike-Information-Criterion-and-Model-Quality,Thistleton,,10,,,0797618736cdc6540e53962f9bf99e36617fb2d14708d29527d02430e5181a85,6
_7925cda2857e2aa89638d42f4b6cb8e9_Introduction-to-Forecasting---SES.pdf,0.7,time_series,low,False,7925cda2857e2aa89638d42f4b6cb8e9_Introduction-to-Forecasting---SES,Thistleton,,10,,,26c14132c19d683c6a7e29f408300269f284e102aea046a349790ea3e800887d,8
_7a72e1fca5f6a0373860ae1c8eeddbd0_hw1.pdf,0.1,unclassified,unclassified,False,7a72e1fca5f6a0373860ae1c8eeddbd0_hw1,,,0,,,6546aca0c4ffb04975db4d36fef120f61d7fff0bbc18a67cc6864877582d4ca0,2
_87a8ebf74ebb10cc6bf59998e3dbf502_ARMA-Properties-and-a-Little-Theory.pdf,0.7,unclassified,unclassified,False,87a8ebf74ebb10cc6bf59998e3dbf502_ARMA-Properties-and-a-Little-Theory,Thistleton,,10,,,3d32d860e9ea035c7ec99d089ac7462c44126824a2736487347068313d176636,5
_9b250c9618ca8683ceba9343e0c0c83a_Introduction-to-R---Reviewing-Basic-Statistics.pdf,0.7,unclassified,unclassified,False,9b250c9618ca8683ceba9343e0c0c83a_Introduction-to-R---Reviewing-Basic-Statistics,Thistleton,,10,,,93bc9e6f28473785c2686e58d786548c7a2cb9b2501d5e403f6111b788dfa629,13
_9ea06758bd41cded9788592bdac148a3_Stationarity---Intuition-and-Definition.pdf,0.6,unclassified,unclassified,False,9ea06758bd41cded9788592bdac148a3_Stationarity---Intuition-and-Definition,Thistleton,,10,,,066471ac7b2196a1598ab9419b9a0336fac292789fbd58dbcd917f481ca66bf0,5
_9f519c0659a3087b81b4e07b7dc39dd2_Week-5---slides---White.pdf,1.2,unclassified,unclassified,False,9f519c0659a3087b81b4e07b7dc39dd2_Week-5---slides---White,thistleton,,10,,,ddd818288537b56ad8f08c0b9a23f87679cbb7e97afdd1bac36fdabf623b5d9a,99
_CorpFinance_Dev.pdf,0.1,unclassified,unclassified,False,CorpFinance_Dev,,,0,,,ba3c5330f00a73293f5b9abf46f5298b69c80228b5ab5eb2b016bb8415b49250,3
_ILA-201-U_QuickStart-2025-05-23.pdf,0.1,unclassified,unclassified,False,ILA-201-U_QuickStart-2025-05-23,Eddie Smith,2025,15,,,965c8e42f63151e027a8960dcfa6125679d3cf3c790c41ef0363d37f949ca541,3
_VEE_Accounting_DSM.pdf,0.4,unclassified,unclassified,False,VEE_Accounting_DSM,,,0,,,229a0590b9f8b774bdf38449022fabae36fa7fe2341b66954f251727f8dfe7a7,109
_abd6986bc2f9f05be40002e2ed403dec_Yule-Walker-Equations-2.pdf,0.3,unclassified,unclassified,False,abd6986bc2f9f05be40002e2ed403dec_Yule-Walker-Equations-2,thistleton,,10,,,69dfc4c7147b7da831c86e96bb21d7417c83b9b3b1de5df5933ba9539d1b7663,12
_b61afa153ec709baba0ccdc7e62fb806_L12_background.pdf,0.1,unclassified,unclassified,False,b61afa153ec709baba0ccdc7e62fb806_L12_background,,,0,,,20bd1865e8796e8014b4bb1ca181a664216b2ad040ae0bd95a542ac93dc7944e,2
_bb712e620e1c46bbc8ce7ebb7a7cac05_hw3.pdf,0.1,unclassified,unclassified,False,bb712e620e1c46bbc8ce7ebb7a7cac05_hw3,,,0,,,5f6a866b7f78180691f4bad64f3f5f920c9ec76e6c2cdf5e1b22cb0cdfc70620,4
_bc0c8f38a073e1eb41e4aebfec5bf67d_L10_supp.pdf,0.1,unclassified,unclassified,False,bc0c8f38a073e1eb41e4aebfec5bf67d_L10_supp,,,0,,,d6e516215a67fcd493d88f56510ea1719e882e5374f5babda7d836a0cc901efb,4
_cf96860ff7f850acc2e4469c49fcfd98_Week-4---slides---White.pdf,0.6,unclassified,unclassified,False,cf96860ff7f850acc2e4469c49fcfd98_Week-4---slides---White,thistleton,,10,,,fd1cd5c71e4855bbf82146adb30a09c001573d10f04d423cb8f50e36f92a63fd,25
_d7c17d00198049b1ccfdf72d2831d2be_Distributions 2.pdf,0.1,unclassified,unclassified,False,d7c17d00198049b1ccfdf72d2831d2be_Distributions 2,,,0,,,0b7f9d4cf2cd257a7c6ad8adc062098dbeffba473679cd1ce4171c9f86c3c2b8,9
_e35bb4c0fc8d9c5fae2b93f2c8186113_Week-3---slides---White.pdf,0.7,unclassified,unclassified,False,e35bb4c0fc8d9c5fae2b93f2c8186113_Week-3---slides---White,thistleton,,10,,,914a8bbe22065ff1a58b2f0a0df5c57c703b2cf29924e66f5a706175cd17265b,62
_f00d6803279ef6ae3435be93936c3fa0_L4_supp-v2.pdf,0.1,unclassified,unclassified,False,f00d6803279ef6ae3435be93936c3fa0_L4_supp-v2,,,0,,,9ab272280828baa16b22fbfb3a475d5b901ceb478ab905d433b0e63687b20684,1
aa89512eSolution of Sitnikov Restricted Four Body Problem.pdf,0.6,unclassified,unclassified,False,aa89512eSolution of Sitnikov Restricted Four Body Problem,,,0,,,4b3b11da833d6a917ddb8b206eda58dea2dd3f7486f088c6abb6736ac636920b,10
achievable.pdf,0.1,unclassified,unclassified,False,achievable,,,0,,,6c7954aa4699cafea69daa8407afffff9a637fd7cffb958d4b2f573fbb5e3140,1
acquaviva2014.pdf,0.2,unclassified,unclassified,False,acquaviva2014,Francesco,,10,,,2b4a24f40b62794d930033f8cf0128f0de499b00cc249af63882d789406551d2,6
act-2015-vol12-iss4-fenton-lombardo.pdf,0.6,unclassified,unclassified,False,Improving Techniques,John Fenton; Kendrick Lombardo,2015,15,,,58f647cb8906bbe8bea4a5282570191cc635cbc70922d795e722267a9b0eb0b9,10
activity_alone.pdf,0.1,unclassified,unclassified,False,activity_alone,,,0,,,51299b9d8280d1edc37d52f5c2f16f04231f1a249eaa9b892318e228c11eb62a,1
activity_v_mask.pdf,0.1,unclassified,unclassified,False,activity_v_mask,,,0,,,cda0020d283945be1423e748a40b9eeca1d9f623a6c9f17660856bd4ff990d63,1
actuarius_to_actuary.pdf,0.3,unclassified,unclassified,False,actuarius_to_actuary,MMobley,,10,,,1192ab34ed2fe02d2ba58be036e45756d03abca3ca439caade251e2e1fdb4c91,19
advanced_rag_notebook_guide.pdf,0.3,unclassified,unclassified,False,advanced_rag_notebook_guide,Brandon Behring,,10,,,e6bb28002ce5910faf9346f61143c80121258b8a1b6c5afe965b8b48849d7b73,59
agentic_kg_construction_notebook_guide.pdf,0.5,unclassified,unclassified,False,agentic_kg_construction_notebook_guide,Brandon Behring,,10,,,3e68d38bf5ec5d9b522bda6cc5f5149187c4bbd3932f1b0815885723375dddf5,123
ai_powered_search_notebook_guide.pdf,0.4,deep_learning,low,False,ai_powered_search_notebook_guide,Brandon Behring,,10,,,368835eaf80e17ad3790abcfb4e17f25440f216175e7f04ddb8d8f73453e8946,78
aipguide4-1 2.pdf,0.2,unclassified,unclassified,False,aipguide4-1 2,,,0,,,dce2df4b283270971cf45f19d52bef3a160ffd72daa89d445039c9d68f641da7,4
am63 1.pdf,0.2,unclassified,unclassified,False,am63 1,,,0,,,1b75a323547eaaaf6dfa339fc71a62648879869b715322473c00495b9039a71a,15
am63.pdf,0.3,unclassified,unclassified,False,am63,,,0,,,1370a3d18575354c7d9bdc0643b7f7f9775ad9be60628aa8a43bf7478cef88e6,15
amazon_books_ads_interview_guide_digital.pdf,0.8,interview_prep,low,False,amazon_books_ads_interview_guide_digital,,,0,,,d7a2b1daeb79e588fb7d3bd4c3f0bf98e4de765cd89003b4d1a2127dffdb4498,197
amazon_books_ads_interview_guide_digital_2.pdf,0.4,interview_prep,low,False,amazon_books_ads_interview_guide_digital_2,,,0,,,a8fe31a91ef6b46fb2142eed8e40ca6c8e1366e5808a8f22bf74f76f3f829eb2,97
amsldoc.pdf,0.4,unclassified,unclassified,False,amsldoc,,,20,,,23c4c3f28aab0e2212ea769d359eb7b6c30a9b474b8717802a1412862534f436,44
annotated-Abada_Sheimaa_HW14.pdf,0.5,unclassified,unclassified,False,annotated-Abada_Sheimaa_HW14,,,0,,,f6570af136c3c17346898dd20ffd2d0167e6cbc21f8836ebefb86724a3b23b8f,1
annurev.fl.24.010192.000245-2.pdf,0.7,dynamical_systems,low,False,annurev.fl.24.010192.000245-2,,,0,hash_dup_357,possible_duplicate,7c956a7c7573db5fc59258036a3feccbe96a28d47a3a062a0b315f13424ce983,21
annurev.fl.24.010192.000245-2.pdf.pdf,0.7,dynamical_systems,low,False,annurev.fl.24.010192.000245-2.pdf,,,0,hash_dup_357,possible_duplicate,7c956a7c7573db5fc59258036a3feccbe96a28d47a3a062a0b315f13424ce983,21
annurev.fl.24.010192.000245-3.pdf,0.7,dynamical_systems,low,False,annurev.fl.24.010192.000245-3,,,0,hash_dup_358,possible_duplicate,b68c715add2cae58b198b621340e3c46bd909daa622f07fddb5b2a26374cb99c,21
annurev.fl.24.010192.000245.pdf,0.7,dynamical_systems,low,False,annurev.fl.24.010192.000245,,,0,hash_dup_359,possible_duplicate,45b739d3049b6b1d79130387dfb5f1458865c9dd1daa5b4a681d3a6025466c03,21
annurev.fl.24.010192.000245.pdf.pdf,0.7,dynamical_systems,low,False,annurev.fl.24.010192.000245.pdf,,,0,hash_dup_359,possible_duplicate,45b739d3049b6b1d79130387dfb5f1458865c9dd1daa5b4a681d3a6025466c03,21
annurevfl24010192000245-3.pdf,0.7,dynamical_systems,low,False,annurevfl24010192000245-3,,,0,hash_dup_358,possible_duplicate,b68c715add2cae58b198b621340e3c46bd909daa622f07fddb5b2a26374cb99c,21
answerspert.pdf.pdf,0.5,unclassified,unclassified,False,answerspert.pdf,,,0,,,3bfad0e272325a125150c98bfade8e055207446517d42eac42f6c6a235dd1276,22
appendixTaylor.pdf,0.1,unclassified,unclassified,False,appendixTaylor,,,0,,,b70212a2e79fcd6941f014147ef20609134b4ba2826a0b8c65f675f5ca877cef,8
application-credibility-theory.pdf,0.9,unclassified,unclassified,False,application-credibility-theory,Leslie Jones,,10,,,181243c9113ef3fc00546da0e81e7aec5caabb10187bf6cfd784283aa3e58d86,39
arb_intro.pdf,0.1,finance,medium,False,Financial Engineering and Risk Management - Introduction to no-arbitrage,Martin Haugh  Garud Iyengar,,25,,,5ace60143154b93d10c0d329d31402ee831ac70205c9d87ad1b5b28e2b50d4e7,5
aref 3.pdf.pdf,0.4,unclassified,unclassified,False,aref 3.pdf,,,0,,,7f450a0c179afdf45dadb59afd4ddfd9db4852d6f58f6f79d794b0181b6bf65d,19
arxiv1905-03451.pdf,0.3,unclassified,unclassified,False,arxiv1905-03451,,,0,,,33cb9e49916bc4b1c1429a4e23869c81e9fb45ba1688145202dd53ed3318af83,21
asbestos.pdf,0.2,unclassified,unclassified,False,Asbestos Liability,Insurance Information Institute,,10,,,019ec4895915e435b52fc4c9af71ad9006ff334f419aa2b38e0491b778cfc6b5,5
ask_expert.pdf,0.1,unclassified,unclassified,False,ask_expert,Eric L Clapprood; SOA,,10,,,ee77097f535e41e3d4a323b47b4ab682c9fe5760a180e623cafd066d2743b66e,3
asl_webinar_semi_supervised_learning.pdf,1.0,unclassified,unclassified,False,asl_webinar_semi_supervised_learning,,,0,,,cd60775e23c63292cf0fe25dec95b8e912dfcfe393472740490b3172e8fd2abd,22
asop024_184.pdf,0.1,unclassified,unclassified,False,asop024_184,Kennedy,,10,,,ec2f45ea4f6a2a04fc726a135a555483f7c6bbefb19f50fbe806c5bb1bae653f,20
asop054_193.pdf,0.2,unclassified,unclassified,False,asop054_193,Kennedy,,10,,,d227c5d0f3d552468b31730f2d6c489554facd7db82919a5dfaf51e066a43435,27
astam-fall-2023-solutions.pdf,0.6,unclassified,unclassified,False,astam-fall-2023-solutions,,2023,5,,,0e43330341132ce0ac5392dd785e2897506886c307700d7bdd5c03f55b57502c,17
astam-formula-sheet.pdf,0.1,unclassified,unclassified,False,astam-formula-sheet,Society of Actuaries,,10,,,7f7507635ebc30e1f161a322269ba15606bb61264b7217430bed40d472f77ca9,9
astam_tables.pdf,0.2,unclassified,unclassified,False,astam_tables,,,0,,,4a5d12e316b4da149a115f9890fbaee91d2da36c318ac6118e7fb54363ef34c0,9
asy.pdf.pdf,0.4,unclassified,unclassified,False,asy.pdf,,,0,,,0da3a47d090f0847041d0b13b6cd63e17b4d3fc8335c648aa468ee6aec5a5050,91
asymptotics.pdf.pdf,0.8,unclassified,unclassified,False,asymptotics.pdf,,,0,,,a0359604c15c0b1ad63cef8885e173eea6af6ee868420fafbc9c0d302ab11600,23
au_dif41.pdf,0.4,unclassified,unclassified,False,au_dif41.dvi,,,0,,,0eb760ef7d1b556fab84a02cddc208722fe9c65cb24ee8e987ad9df4b8c0bdc1,36
automated_testing_llmops_guide.pdf,0.3,unclassified,unclassified,False,automated_testing_llmops_guide,Brandon Behring,,10,,,df820c533a2700d45512576d811524fc4e93156504f881d8ecf95e3481b11686,46
aws_ai_practitioner_guide_digital.pdf,0.5,data_science,low,False,aws_ai_practitioner_guide_digital,Brandon Behring,,0,hash_dup_360,possible_duplicate,1e3cbce09b80d06997a81c33588f0e4f6672f49c7a5c49c81a890197507a061a,132
aws_data_engineer_guide_digital.pdf,0.9,data_science,low,False,aws_data_engineer_guide_digital,Brandon Behring,,0,hash_dup_361,possible_duplicate,294084e65f31ea4308972a2a0376b0ca3c85db562bd14939663e0290e9c89b52,230
aws_genai_cert_guide_digital.pdf,0.9,data_science,low,False,aws_genai_cert_guide_digital,Brandon Behring,,0,hash_dup_362,possible_duplicate,c4a6d0ebf2d372ba15a3c9fec6c15a4702c24d16bcd1eaa4edb8d93658cd84ad,244
aws_ml_engineer_guide_digital.pdf,0.9,data_science,low,False,aws_ml_engineer_guide_digital,Brandon Behring,,0,hash_dup_363,possible_duplicate,1403828fc513c611a8983c3cc0f02c62c706e9d001e0674900e9f02580383ece,221
b994ec6c37827cf63355027f9ec1f4cdd814.pdf,0.4,unclassified,unclassified,False,b994ec6c37827cf63355027f9ec1f4cdd814,,,0,,,e68c6ef3e4f19d627f173528fc5fa9644258e010dbfddcd0d5ab6f16b1ed1376,41
bar.pdf,0.2,unclassified,unclassified,False,bar,,,0,,,9683b30faaeecfd906dc7559b59a6ea9c8a3f2d2a3d14e0ef92877f0cfb8c8b5,1
bcorrect.pdf,0.2,unclassified,unclassified,False,VR172 rev 01 15 Letter Size_VR172 r1 03Birth Appl,Hizzoner,,10,,,51ecf28820bb5bd4d89833d57147d13ab7812f966a41f4676b8db0708f38adf6,4
beamer-tutorial.pdf,0.3,unclassified,unclassified,False,beamer-tutorial,Tina Li; Thomas Graul; Niranjan Balachandar,,25,,,9d246e0c97531fd029079d0aac0bafe9f1a1d30a4bace227bed0f3330abec623,58
bmj.m3720.full.pdf,0.4,unclassified,unclassified,False,bmj.m3720.full,Unknown,,10,,,18047bb3a7f1a4d6db0e5238c56516eb32b92e1b4fcf5b7ccc5700086b30fc19,1
bofa_checking_1.pdf,0.1,unclassified,unclassified,False,bofa_checking_1,Brandon Behring,,10,,,94319b3ef4d6a49899b95287fab2b7a633cb9137a800d6189e525b22c926e4e6,7
bokeh_Cheat.pdf,0.7,unclassified,unclassified,False,bokeh_Cheat,,,0,,,893e60ebdf43ec759fbf9ffbe039fb18d8ed1ba768702618888f870b5d81f238,1
bongiorno2018.pdf,0.2,unclassified,unclassified,False,bongiorno2018,,,0,,,5acc4af5d3857332ca348441bc5a833d864cf6c9d13226323b1302f840c27526,5
book-understanding-act-practice.pdf,0.8,actuarial_insurance,low,False,book-understanding-act-practice,Jeffery A Beckley,,10,,,9d67b08a1aee18e1d46a6ecde641aa2b099fccb5918a96510df7770aa11c3bf1,14
braid.pdf,0.2,unclassified,unclassified,False,braid,,,0,,,818e0aec1e1f9b3a338c360603e87a80256c5455e10879762c4f0d6af187d1b6,1
braiding_comparasion-eps-converted-to 5.pdf,0.8,dynamical_systems,low,False,braiding_comparasion-eps-converted-to 5,,,0,,,a589233ab683a92439e6fb3022e5172b645790a3108f2bef611851f52243f653,1
brochure.pdf,3.3,unclassified,unclassified,False,brochure,,,0,,,1f9557047a48603e60b66b855a5f0c8edee5172e02914f273851f3120f7911ac,6
bronski-et-al-2014-studies-in-applied-mathematics.pdf,0.7,mathematics,low,False,bronski-et-al-2014-studies-in-applied-mathematics,,2014,5,,,c1beacaf4a3fb848288918e2bd22b8319a5e21a95782b7d883f87111224ccbc5,48
build_train_llm_jax_notebook_guide.pdf,0.5,unclassified,unclassified,False,build_train_llm_jax_notebook_guide,Brandon Behring,,10,,,ad22b143c29d306ae17954865eec58951582afe074b3406a979b6fbbc0e721d3,83
build_train_llm_jax_notebook_guide_digital.pdf,0.6,unclassified,unclassified,False,build_train_llm_jax_notebook_guide_digital,Brandon Behring,,10,,,921728935888b40c253fd5fc9e2a4b0b5f2cec9e37482a76e9815253b026d0a5,92
bv_cvxbook.pdf.pdf,5.7,unclassified,unclassified,False,bv_cvxbook.pdf,,,10,,,073b4dea2e80c1dd1c2b5aea209b7417839c2525b5c22685893af0c9e4fff06f,730
c54f1c95d5fa0ed8dd2338954f4ceeb9357c.pdf,0.7,unclassified,unclassified,False,c54f1c95d5fa0ed8dd2338954f4ceeb9357c,,,0,,,a4e089d041872717e018802a8aef7cc066a7bd7e938510c56bb963c474c8739d,20
calcvar-2.pdf,0.1,unclassified,unclassified,False,calcvar-2,,,0,,,7c3ebdf0a6ca61c3de3c464107196fa7d91309b0e0265cc70fc309423ed9b38b,12
camacho_guy_jacobsen_SIAP.pdf,0.5,unclassified,unclassified,False,camacho_guy_jacobsen_SIAP,,,0,,,766d93595ae306d6333f05eb398c07af7c6f987f3813fcdc20aef695a2c36ca9,17
cds140b-perorb.pdf,0.2,unclassified,unclassified,False,cds140b-perorb,,,0,,,0c715e57ee3305743a938ba1eec03044320328d6252f60cd808d2d54da421574,10
celestHw2Notes.pdf,0.3,unclassified,unclassified,False,celestHw2Notes,,,0,,,61d229c7a3fb128a97106145592d405c1400ffc3970b549c553b2c192eb0d467,52
central-configurations-in-planar-n-body-problem-with-equal-masses-for-n-5-6-7-n-5-6-7.pdf,0.6,dynamical_systems,medium,False,central-configurations-in-planar-n-body-problem-with-equal-masses-for-n-5-6-7-n-5-6-7,Małgorzata Moczurad,,30,,,799a4e16a01fd9a763d5d1066006c1a8a5a9408726d5c3e21ae29b37e855a777,28
ceri_logo.pdf,0.1,unclassified,unclassified,False,Logo CERI carré avec texte.pdf,,,0,,,09eacc823fb9cf7d6dcc274884cf0c8e5edfce4e72cc94005a9e9b74e86d0bff,1
cfa-program2025L2glossary.PDF,0.4,unclassified,unclassified,False,cfa-program2025L2glossary,,,0,,,7c2ff47649d31cbb65cc9b6cda514e24fe457437cbc06fec1ff6839550c4eb19,21
ch1.pdf,0.3,unclassified,unclassified,False,ch1,,,0,,,512419a6f5f0e393700783ec447a082bea2c360702a0a02fb8aa944b51acc45b,20
ch10.pdf,0.3,unclassified,unclassified,False,ch10,,,0,,,4d84327d9365ea854767e1643d2daabd298459975756a37fb404251dd35559c7,43
ch12.pdf,0.3,unclassified,unclassified,False,ch12,,,0,,,1fc03d7f4fa80a84f7c2b257775537d990c82a277aa76882fbd4adf4e5d67372,44
ch13.pdf,0.3,unclassified,unclassified,False,ch13,,,0,,,746269a66eed58342709865bdedd7f130b3d5c7823b7970d7234975e34244052,49
ch2.pdf,0.5,unclassified,unclassified,False,ch2,,,0,,,04a1a79eccf0a49f535476aec6db6dc824fdc4e80ec5e74e3d2439c5da05744b,35
ch3.pdf,0.2,unclassified,unclassified,False,ch3,,,0,,,b84183e9fe6e2cec7cccbb405d70682f1cb8d0c83a787e31ba993e716696feb7,19
ch3001.pdf,8.3,unclassified,unclassified,False,ch3001,,,5,,,89835fb83eb2f3beb4f5add3f8c6faa08f00d5141d4c239676d6f2e59956aa86,51
chapter1 2.pdf,14.6,unclassified,unclassified,False,chapter1 2,,,10,,,2333eb9a7bbc67b008085004704b33b7f175928c9925e29f7afe491fd0b5c251,47
chapter1.pdf,7.1,unclassified,unclassified,False,chapter1,,,5,,,2d2646fa8ddbe3ab42a7d9b745fe4feeb32fe20772735e64b91a287218edb330,56
chapter2 3.pdf,1.4,unclassified,unclassified,False,chapter2 3,,,0,,,79b6f60eefeec9edf4c04c3fa1ab295b3fab6b80fd9a8d8bd399cf415aadd73b,45
chapter2.pdf,5.5,unclassified,unclassified,False,chapter2,,,5,,,f10fada642c414ab499663f30a35b3ed4b5eca418b3bd94c636d830072f9a632,46
chapter4 (1).pdf,1.4,unclassified,unclassified,False,chapter4 (1),,,0,,,e74fb39547a365f21b0d0eed2cc044a6b6c1710a532e63e0abbb7612e06c782a,58
chd1-eps-converted-to.pdf,0.1,unclassified,unclassified,False,chd1-eps-converted-to,,,0,,,065e961e87242aa2bae0c04c22db0411c70593ff8781c05d6d9233ae7b1caeb1,1
christopherfrey2002.pdf,0.3,unclassified,unclassified,False,christopherfrey2002,,,0,,,ebc0e3b996e0f4e652ff0bb6b39b21d7a5a2deb37cad44a5220a53046cac7d3f,26
chu-wang-jde2016.pdf,0.3,mathematics,medium,False,chu-wang-jde2016,Jifeng Chu,,25,,,8840bfd257ea3b0ae66d75180fc6ff816708afac15eca79d39e28b3af60e38dd,21
ciaa834.pdf,0.3,unclassified,unclassified,False,ciaa834,,,0,,,80796f328950204b29f37afdcddd872bb4a63ffe0514a6ebf87b70e25b6ae475,3
cnx027.pdf,0.6,unclassified,unclassified,False,cnx027,,,0,,,b97e7b631704c081bc270ffee2a8210372c720a82716dc022ef1eeb2a9d0dad7,14
cnx056.pdf,0.7,unclassified,unclassified,False,cnx056,,,0,,,79da793b052ed7b62cde18053a839eb6d8551cfe93a2ef0d8d4edf21ce3e8d57,29
coding_ds_60_problems_digital.pdf,0.8,data_science,low,False,coding_ds_60_problems_digital,Brandon Behring,,10,,,22f422fa34f8227d6d1edb58b167c7e2d574922040ee8df164c327751b2fb053,154
commonalities.pdf,0.3,actuarial_insurance,low,False,commonalities,MMobley,,10,,,5835a131b0c45a0c652dc7fce46a34d0befdae620bdf6347e62a69ecafbd82cd,4
compact.pdf,0.1,unclassified,unclassified,False,compact,,,0,,,574ebfb03458d735d268fd9c9362742314637fc47b7b69e108cfc851feab0b89,10
compressed-ed383c81db14e0c8a5f76c48d4be5ea6.pdf.pdf,22.6,unclassified,unclassified,False,compressed-ed383c81db14e0c8a5f76c48d4be5ea6.pdf,,,15,,,0d3ef834d8e865ffb66b59618093b40fe288567e33efcd41378af073e9ced9e4,258
compressed_(.Net Developers) Sergios Theodoridis - Machine Learning_ A Bayesian and Optimization Perspective-Academic Press (2015).pdf,36.7,machine_learning,low,False,compressed_(.Net Developers) Sergios Theodoridis - Machine Learning: A Bayesian and Optimization Perspective-Academic Press,,2015,40,,,47738a5feb5195601e49c5dbe7896fcc26431fa78d4af2c9416770465d4763a6,1072
compressed_(1) Dmitri Bertsekas - Reinforcement learning and Optimal Control - Draft version-Athena Scientific (2019).pdf,3.5,deep_learning,low,False,compressed_(1) Dmitri Bertsekas - Reinforcement learning and Optimal Control - Draft version-Athena Scientific,,2019,15,,draft,b3240c5b93ad36d789ebb9f528930810b338292266417cf2e21aed123b464bc3,268
"compressed_(Adaptive Computation and Machine Learning series) Daphne Koller, Nir Friedman - Probabilistic Graphical Models_ Principles and Techniques-The MIT Press (2009).pdf",13.4,machine_learning,medium,False,Probabilistic Graphical Models: Principles and Techniques,Daphne Koller; Nir Friedman,2009,70,fuzzy_dup_391,possible_duplicate,dff785a77afa960c05fb8a77b54bc7bcc0054ce587bb87bc83de5a8445fb66e3,1270
compressed_(Adaptive Computation and Machine Learning series) Kevin P. Murphy - Machine Learning_ A Probabilistic Perspective-The MIT Press (2012).pdf,32.3,machine_learning,low,False,compressed_(Adaptive Computation and Machine Learning series) Kevin P. Murphy - Machine Learning: A Probabilistic Perspective-The MIT Press,,2012,65,,,e1679ea710d45188260d4c9e4e065a5fa7d95dcf9b538bf3bc794e6a0b2c45a7,1098
"compressed_(Advances in Industrial Control) Derong Liu, Qinglai Wei, Ding Wang, Xiong Yang, Hongliang Li (auth.) - Adaptive Dynamic Programming with Applications in Optimal Control-Springer International Publish.pdf",11.3,algorithms,low,False,"compressed_(Advances in Industrial Control) Derong Liu, Qinglai Wei, Ding Wang, Xiong Yang, Hongliang Li (auth.) - Adaptive Dynamic Programming with Applications in Optimal Control-Springer International Publish",,,35,,,a79a7427c4e8683e6cb306b9729c226e3a42e8af0f8073348cf6720c025321c5,609
"compressed_(Applied Mathematical Sciences 195) Àlex Haro, Marta Canadell, Jordi-Lluis Figueras, Alejandro Luque, Josep Maria Mondelo (auth.) - The Parameterization Method for Invariant Manifolds_ From Rigorous R.pdf",13.4,topology_geometry,low,False,"compressed_(Applied Mathematical Sciences 195) Àlex Haro, Marta Canadell, Jordi-Lluis Figueras, Alejandro Luque, Josep Maria Mondelo (auth.) - The Parameterization Method for Invariant Manifolds: From Rigorous R",,,15,,,6d1c69d8075b9b2bd3629fbbcc11be9a3e5d7683c2fa8ccd99c9cffb628c510f,280
"compressed_(Applied Mathematical Sciences 90) Kenneth R. Meyer, Daniel C. Offin (auth.) - Introduction to Hamiltonian Dynamical Systems and the N-Body Problem-Springer International Publishing (2017).pdf",3.5,dynamical_systems,high,False,"compressed_(Applied Mathematical Sciences 90) Kenneth R. Meyer, Daniel C. Offin (auth.) - Introduction to Hamiltonian Dynamical Systems and the N-Body Problem-Springer International Publishing",,2017,50,,,0dacedc9dbe4ea717225107c9725953f677e8aba1dca1071415fdc3e04c4a7e8,389
"compressed_(Astrophysics and Space Science Library) Henri Poincaré, Bruce D Popp - The Three-Body Problem and the Equations of Dynamics_ Poincaré’s Foundational Work on Dynamical Systems Theory-Springer (2017).pdf",1.7,dynamical_systems,medium,False,"compressed_(Astrophysics and Space Science Library) Henri Poincaré, Bruce D Popp - The Three-Body Problem and the Equations of Dynamics: Poincaré’s Foundational Work on Dynamical Systems Theory-Springer",,2017,25,,,4be50836d55f40af851bd0d0e0f092a2d8e24a86fb5db45311fce82ecd287f8c,265
"compressed_(Cambridge Monographs on Applied and Computational Mathematics 34) Yuri A. Kuznetsov, Hil G. E. Meijer - Numerical Bifurcation Analysis of Maps-Cambridge University Press (2019).pdf",9.8,dynamical_systems,low,False,"compressed_(Cambridge Monographs on Applied and Computational Mathematics 34) Yuri A. Kuznetsov, Hil G. E. Meijer - Numerical Bifurcation Analysis of Maps-Cambridge University Press",,2019,35,,,154eb5da50bb8bae000655d1b69d804dda306cefe53f29afbb2e27ab355db406,423
compressed_(Cambridge Monographs on Applied and Computational Mathematics) Bengt Fornberg - A Practical Guide to Pseudospectral Methods-Cambridge University Press (1996).pdf,8.3,numerical_methods,low,False,compressed_(Cambridge Monographs on Applied and Computational Mathematics) Bengt Fornberg - A Practical Guide to Pseudospectral Methods-Cambridge University Press,,1996,30,,,a0b3e9cf94efe10519a92ff784759475119ee95753d4990d5dcca6a85c890b7e,242
compressed_(Classroom Resource Materials) David A. B. Miller - Quantum Mechanics for Scientists and Engineers-Cambridge University Press (2008).pdf,4.7,physics,low,False,compressed_(Classroom Resource Materials) David A. B. Miller - Quantum Mechanics for Scientists and Engineers-Cambridge University Press,David Miller,2008,40,,,604dfcaed3a0487ae62d0d154ceafea5ca23906ed0b95d598d7f3b8cefd2469a,571
"compressed_(Encyclopaedia of Mathematical Sciences 3) Vladimir I. Arnold (auth.), Vladimir I. Arnold (eds.) - Dynamical Systems III-Springer Berlin Heidelberg (1988).pdf",19.0,dynamical_systems,low,False,978-3-662-02537-6_Book_PrintPDF.pdf,asaul,1988,65,,,b8a32e586ed622d05a017c71c9d35fe3044bd87eaf80d2b69dbf7c533deaa246,305
"compressed_(Fluid Mechanics and Its Applications 116) Thomas Duriez, Steven L. Brunton, Bernd R. Noack (auth.) - Machine Learning Control – Taming Nonlinear Dynamics and Turbulence-Springer International Publish.pdf",4.9,dynamical_systems,low,False,"compressed_(Fluid Mechanics and Its Applications 116) Thomas Duriez, Steven L. Brunton, Bernd R. Noack (auth.) - Machine Learning Control – Taming Nonlinear Dynamics and Turbulence-Springer International Publish",,,35,,,60317d9b156e01d1c26c4b9ab46796b4659578152923a37f9d14d2a0c371497c,229
compressed_(Graduate Texts in Mathematics 211) Serge Lang (auth.) - Algebra-Springer-Verlag New York (2002).pdf,14.5,algebra,low,False,compressed_(Graduate Texts in Mathematics 211) Serge Lang (auth.) - Algebra-Springer-Verlag New York,Daniel,2002,70,,,456fe0de00b41ce864511dbfd957f400733143ea60c2d44bc178648350416e07,934
"compressed_(Graduate Texts in Mathematics) V. I. Arnold, A. Weinstein, K. Vogtmann - Mathematical Methods Of Classical Mechanics-Springer (1989).pdf",21.1,mathematics,medium,False,"compressed_(Graduate Texts in Mathematics) V. I. Arnold, A. Weinstein, K. Vogtmann - Mathematical Methods Of Classical Mechanics-Springer",Administrator,1989,75,,,0efeb8fc6001fbd85a8a94e7b1457bba74262fcee3bc07b87dcc21a1a5ee0fbf,536
compressed_(Graduate Texts in Physics) Hal Tasaki - Physics and Mathematics of Quantum Many-Body Systems-Springer Nature (2020).pdf,5.9,mathematics,low,False,compressed_(Graduate Texts in Physics) Hal Tasaki - Physics and Mathematics of Quantum Many-Body Systems-Springer Nature,,2020,40,,,99363c998526541a9dee465d996f35c5f1c6a513bf54ec343bf5d581f180e927,534
compressed_(International Series on Actuarial Science) Paul Sweeting - Financial Enterprise Risk Management (International Series on Actuarial Science)-Cambridge University Press (2011).pdf,4.0,finance,low,False,Financial Enterprise Risk Management,Sweeting; Paul,2011,45,fuzzy_dup_394,possible_duplicate,36fce5f559a820eddddcf5df65e3f4d13bae06e3e8a2c9dad8e5b2d367613f13,565
"compressed_(Lecture Notes in Physics 683) Rudolf Dvorak, Florian Freistetter (auth.), Rudolf Dvorak, Florian Freistetter, Jürgen Kurths (eds.) - Chaos and Stability in Planetary Systems-Springer-Verlag Berlin He.pdf",22.1,dynamical_systems,low,False,"compressed_(Lecture Notes in Physics 683) Rudolf Dvorak, Florian Freistetter (auth.), Rudolf Dvorak, Florian Freistetter, Jürgen Kurths (eds.) - Chaos and Stability in Planetary Systems-Springer-Verlag Berlin He",Springer-Verlag GmbH & Co. KG,,50,,,e0426ed20e0f119ca01241a03e78bd58f3ab7101d9e1a931d563d34cc9e0c22a,288
compressed_(Mathematics of Planet Earth 2) Michael Y. Li (auth.) -  An Introduction to Mathematical Modeling of Infectious Diseases-Springer International Publishing (2018).pdf,2.3,mathematics,high,False,compressed_(Mathematics of Planet Earth 2) Michael Y. Li (auth.) - An Introduction to Mathematical Modeling of Infectious Diseases-Springer International Publishing,,2018,25,,,79717859076eddd2448c03d4434c4cd336628e564af2c58d2d83037514467cd9,163
"compressed_(Modeling and Simulation in Science, Engineering and Technology) Przemyslaw A. Grabowicz, José J. Ramasco, Víctor M. Eguíluz (auth.), Animesh Mukherjee, Monojit Choudhury, Fernando Peruani, Niloy Gang.pdf",5.7,mathematics,low,False,"compressed_(Modeling and Simulation in Science, Engineering and Technology) Przemyslaw A. Grabowicz, José J. Ramasco, Víctor M. Eguíluz (auth.), Animesh Mukherjee, Monojit Choudhury, Fernando Peruani, Niloy Gang",,,10,,,c04ecc502dd9a02ecbdd1ee6a167d11d18c4b6a9917462e38b242bdbf7f3ff21,350
compressed_(Monographs on Mathematical Modeling and Computation) James D. Meiss - Differential Dynamical Systems-Society for Industrial and Applied Mathematics (2007).pdf,22.1,dynamical_systems,high,False,compressed_(Monographs on Mathematical Modeling and Computation) James D. Meiss - Differential Dynamical Systems-Society for Industrial and Applied Mathematics,,2007,25,,,c1b7ee8c49067f39802219c55927cd147d738360f0beadb39031e547c77afd28,435
compressed_(Progress in Mathematics 207) Yiming Long (auth.) - Index Theory for Symplectic Paths with Applications-Birkhäuser Basel (2002).pdf,14.2,topology_geometry,low,False,compressed_(Progress in Mathematics 207) Yiming Long (auth.) - Index Theory for Symplectic Paths with Applications-Birkhäuser Basel,4<8=8AB@0B>@,2002,45,,,226de80f9da401848e52da436f35004185aa3684937ff964c1662afaf93b098f,392
"compressed_(Quantitative Methodology) Joop J. Hox, Mirjam Moerbeek, Rens Van De Schoot - Multilevel Analysis_ Techniques and Applications-Routledge (2017).pdf",21.1,unclassified,unclassified,False,Multilevel Analysis: Techniques and Applications,Hox; Joop J,2017,35,,,45da60b61853933b9dc885cf22ae0673146ececada05562f24f4a84db6be9523,364
"compressed_(Schaum's Outline Series) Hwei Hsu - Schaum's Outline of Probability, Random Variables, and Random Processes, Second Edition-McGraw-Hill (2010).pdf",27.3,probability_theory,low,False,"Schaum's Outline of Probability, Random Variables, and Random Processes",Hwei P. Hsu,2010,45,fuzzy_dup_396,possible_duplicate,9772a02af55eddcb01878d5eb4555d28b8dce9789d1b8519c01623b1eb024428,432
compressed_(Schaum's outline series) J  R Hubbard - Schaum's outline of theory and problems of programming with C++-McGraw Hill  (2000).pdf,4.7,unclassified,unclassified,False,compressed_(Schaum's outline series) J R Hubbard - Schaum's outline of theory and problems of programming with C++-McGraw Hill,,2000,30,,,f79a5731dd7c83e55c764042b0d8299d760f9bb307d565f22dc55e831564143c,430
compressed_(Schaums Outlines) Seymour Lipschutz - Data Structures with C.pdf,34.4,algorithms,low,False,J2P and P2J Ver 1,,,20,,,489718b3ddd4f6ea7155281a31acb586305313688156f3ff0fc9f09aa176d3ee,554
"compressed_(Schaum’s Outlines) Seymour Lipschutz, Marc Lipson - Linear Algebra-McGraw-Hill (2017).pdf",3.8,algebra,low,False,Schaum's Outline of Linear Algebra,Seymour Lipschutz,2017,15,fuzzy_dup_397,possible_duplicate,2b781ead31f4a7b8c4fa6ae1933509b5207c49c0de9156470465157e166d4874,432
compressed_(Springer Texts in Statistics) Anirban DasGupta (auth.) - Asymptotic Theory of Statistics and Probability-Springer-Verlag New York (2008).pdf,4.5,unclassified,unclassified,False,compressed_(Springer Texts in Statistics) Anirban DasGupta (auth.) - Asymptotic Theory of Statistics and Probability-Springer-Verlag New York,,2008,35,,,9bec24d83ecc72d65e38f6afcdc2a602f76ee957beffa9dd6f5c21568d5034e6,725
"compressed_(Springer Texts in Statistics) Robert H. Shumway, David S. Stoffer (auth.) - Time Series Analysis and Its Applications_ With R Examples-Springer International Publishing (2017).pdf",6.7,deep_learning,low,False,"compressed_(Springer Texts in Statistics) Robert H. Shumway, David S. Stoffer (auth.) - Time Series Analysis and Its Applications: With R Examples-Springer International Publishing",,2017,40,,,6ec9aec55ccab1e37b16dfcf9baa9a3298c42b02c6f813f49af6f0c003961650,567
compressed_(Springer Theses) Vincent Traag (auth.) - Algorithms and Dynamical Models for Communities and Reputation in Social Networks-Springer International Publishing (2014).pdf,12.2,mathematics,low,False,compressed_(Springer Theses) Vincent Traag (auth.) - Algorithms and Dynamical Models for Communities and Reputation in Social Networks-Springer International Publishing,,2014,35,,,3704a83b466c4e3bd71b4345b2bda76ef9f10426951a2b54cf8e302310cb121a,237
"compressed_(Studies in Systems Decision and Control 103) Li, Benkai_ Lin, Xiaofeng_ Song, Ruizhuo_ Wei, Qinglai - Self-Learning Optimal Control of Nonlinear Systems _ Adaptive Dynamic Programming Approach.pdf",7.2,algorithms,low,False,"compressed_(Studies in Systems Decision and Control 103) Li, Benkai: Lin, Xiaofeng: Song, Ruizhuo: Wei, Qinglai - Self-Learning Optimal Control of Nonlinear Systems : Adaptive Dynamic Programming Approach",,,10,,,1c18944c8a54180191e6b2f3366f011e3cabcce88decd29e1ceb821d6a03035e,240
"compressed_(Texts in Applied Mathematics 69) Fred Brauer, Carlos Castillo-Chavez, Zhilan Feng - Mathematical Models in Epidemiology-Springer (2019).pdf",10.1,mathematics,high,False,"compressed_(Texts in Applied Mathematics 69) Fred Brauer, Carlos Castillo-Chavez, Zhilan Feng - Mathematical Models in Epidemiology-Springer",,2019,45,,,d1b7b9e3f24b4d71255d14a4662c8fbbd085973381164aecd0d01ff43fe58caa,625
compressed_(Texts in Applied Mathematics) Carmen Chicone - Ordinary Differential Equations with Applications-Springer (2006).pdf,5.0,mathematics,high,False,compressed_(Texts in Applied Mathematics) Carmen Chicone - Ordinary Differential Equations with Applications-Springer,,2006,40,,,f05f5e70da19f012c8b74082da1dbcb0db9ab26b9b181087110b3ea8756c7805,651
compressed_(Texts in Applied Mathematics) Stephen Wiggins - Introduction to Applied Nonlinear Dynamical Systems and Chaos-Springer (2003).pdf,25.5,dynamical_systems,medium,False,compressed_(Texts in Applied Mathematics) Stephen Wiggins - Introduction to Applied Nonlinear Dynamical Systems and Chaos-Springer,,2003,50,,,95a81e7a6f1474bbbfcfad166298138c14b632852e16231df61a2928dfec758a,864
compressed__29f7eaaba3ac0d35ee74f8bd61aafc39_L3_supp 2.pdf,0.1,unclassified,unclassified,False,compressed__29f7eaaba3ac0d35ee74f8bd61aafc39_L3_supp 2,,,0,,,b6343f069a3415bfbecf8728080b9f6c98c86fd55813322b27583f894827ceaa,10
compressed__374ac75bfb1940158d7e4052f7c03d09_Stationarity---Examples--White-Noise_-Random-Walks_-and-Moving-Averages.pdf,0.1,unclassified,unclassified,False,Thistleton and Sadigov	Stationarity: Properties and Examples	Week 2,Thistleton,,0,fuzzy_dup_453,possible_duplicate,6872f7ef2e532bf351c9f036969c709b2ce3371c5f8eb39081a81911e31f1455,5
compressed__3dd83ce2db3af01c533e5d0ffff5f7a0_Partial-Autocorrelation-and-the-PACF-First-Examples.pdf,0.3,unclassified,unclassified,False,Thistleton and Sadigov	Partial Autocorrelation and the PACF	Week 3,Thistleton,,10,,,7a5176850efae32d65f73655d180672e9466da388fafd3b034fbee37db1f9eab,5
compressed__62835c1b5b81af286ba54a920f2a4d5f_L5_background.pdf,0.1,unclassified,unclassified,False,compressed__62835c1b5b81af286ba54a920f2a4d5f_L5_background,,,0,,,640285c5847fdf45c22abcf653d1b0fc19b1bb5923c4307478734cf8243c73be,5
compressed__683d9f191bc1aa063d0b121be1add7e8_Autoregressive-Processes----Definition-and-First-Examples.pdf,0.3,unclassified,unclassified,False,compressed__683d9f191bc1aa063d0b121be1add7e8_Autoregressive-Processes----Definition-and-First-Examples,Thistleton,,10,,,ace9298d138349ed6e580caa90e92c1c0742c401c3463994a6d417edff0c5090,5
compressed__6d61ac58f5add7fa68ed404a51b2618d_Datascience_Orientation_Defining_Data_Science_Reading.pdf,0.3,unclassified,unclassified,False,compressed__6d61ac58f5add7fa68ed404a51b2618d_Datascience_Orientation_Defining_Data_Science_Reading,Tjido,,10,,,12edca8e7954c7bab1670f444a9665ac7372a918c58b524d258b235f2acb559a,1
compressed__6db95799d385f60a655c818d699a697c_Week-2---slides---White-Background 2.pdf,0.3,unclassified,unclassified,False,Installing Packages in R  and  Downloading Data,thistleton,,0,fuzzy_dup_454,possible_duplicate,8a4c41f51afdad8609d33b8c1da59fe0b489fd0a0b96b4cca1e5b5493fec3997,93
compressed__703a8f4e573b64928d51f224d476362f_Week-4---slides---together.pdf,1.5,unclassified,unclassified,False,Installing Packages in R  and  Downloading Data,thistleton,,0,fuzzy_dup_454,possible_duplicate,1079aefb89b15b10dbff0ef7520cfa632fc7e8b6fed53b7f027a82a20a4d763a,25
compressed__715a828570906ee4c5d7b9394792985c_Akaike-Information-Criterion-and-Model-Quality.pdf,0.2,mathematics,low,False,compressed__715a828570906ee4c5d7b9394792985c_Akaike-Information-Criterion-and-Model-Quality,Thistleton,,10,,,db649ce919351c4ebda1ac66bc068dc8a3e7bd3bea3acce79b518b5e0cf3ac1c,6
compressed__7925cda2857e2aa89638d42f4b6cb8e9_Introduction-to-Forecasting---SES.pdf,0.3,time_series,low,False,compressed__7925cda2857e2aa89638d42f4b6cb8e9_Introduction-to-Forecasting---SES,Thistleton,,10,,,1ab5edb482b90f7b54599f93b5ac9f14f98f7320173cedd95d3feba6031e95fe,8
compressed__87a8ebf74ebb10cc6bf59998e3dbf502_ARMA-Properties-and-a-Little-Theory.pdf,0.2,unclassified,unclassified,False,compressed__87a8ebf74ebb10cc6bf59998e3dbf502_ARMA-Properties-and-a-Little-Theory,Thistleton,,10,,,4dcac2ac286f0d56e33d4de8b09f27e13ae50ca541cb25b37d215e27c3f68e9c,5
compressed__9af9566e96afdd7f6f48ece140c245f4_Jackson-NetworksOnline-Week1-Slides.pdf,1.2,unclassified,unclassified,False,compressed__9af9566e96afdd7f6f48ece140c245f4_Jackson-NetworksOnline-Week1-Slides,Matt,,25,,,0f05cd68024d6bf878a70c17df62c6a9ce47672d3941ca434988a82480bcb370,112
compressed__9b250c9618ca8683ceba9343e0c0c83a_Introduction-to-R---Reviewing-Basic-Statistics.pdf,0.3,unclassified,unclassified,False,Thistleton and Sadigov	Reviewing Basic Statistics	Week 1,Thistleton,,10,,,c796013f03250facd2e738e62ac9de8143a4b60345843cc09f71d6cd460b3fc6,13
compressed__9ea06758bd41cded9788592bdac148a3_Stationarity---Intuition-and-Definition.pdf,0.3,unclassified,unclassified,False,compressed__9ea06758bd41cded9788592bdac148a3_Stationarity---Intuition-and-Definition,Thistleton,,10,,,0c55c53635410f99bdb03a68edcfaead49bb8f88a6b33284903f1452d3554140,5
compressed__9f519c0659a3087b81b4e07b7dc39dd2_Week-5---slides---White.pdf,0.7,unclassified,unclassified,False,Installing Packages in R  and  Downloading Data,thistleton,,0,fuzzy_dup_454,possible_duplicate,a9c1643ef425ae0959e07abdb7b03cf7d224f9adba2012d80a855ad5579ea525,99
compressed__ILA-201-U_QuickStart-2025-05-23.pdf,0.1,unclassified,unclassified,False,_ILA-201-U_QuickStart.pages,Eddie Smith,2025,15,,,14e14171b0aa53d71d6ae003bd5e43649a829075f84d255bd02ffca24b19b2db,3
compressed__a570fb6fd69d113c2fe75b7f2649e856_Week-2---slides---together (1).pdf,5.1,unclassified,unclassified,False,Installing Packages in R  and  Downloading Data,thistleton,,15,fuzzy_dup_454,possible_duplicate,a49d331c9e694b05c17c36c8a0690e2e1be9a7bec499e2ea42f9fb27c97e0091,93
compressed__bc0c8f38a073e1eb41e4aebfec5bf67d_L10_supp.pdf,0.1,unclassified,unclassified,False,compressed__bc0c8f38a073e1eb41e4aebfec5bf67d_L10_supp,,,0,,,7f15b4bd35ba835570098a5bf9899e0c4b3bbb675709cb4d9f8afed26db034dc,4
compressed__cf96860ff7f850acc2e4469c49fcfd98_Week-4---slides---White.pdf,0.2,unclassified,unclassified,False,Installing Packages in R  and  Downloading Data,thistleton,,0,fuzzy_dup_454,possible_duplicate,32a77710b49b81dbb9e64edac7ef28de3bd47e0811dee06ffc62452187872b8f,25
compressed__d7c17d00198049b1ccfdf72d2831d2be_Distributions 2.pdf,0.1,unclassified,unclassified,False,compressed__d7c17d00198049b1ccfdf72d2831d2be_Distributions 2,,,0,,,65081dc85f5794a02d2a3547925e45a94bc277d7300879b1324779efef4a302f,9
compressed__e35bb4c0fc8d9c5fae2b93f2c8186113_Week-3---slides---White.pdf,0.3,unclassified,unclassified,False,Installing Packages in R  and  Downloading Data,thistleton,,0,fuzzy_dup_454,possible_duplicate,edf0bf08626616b7b1ae5b768919fcde313340f1e0b30aa77bb8db3df8f6fd0f,62
conda-cheatsheet 2.pdf,0.2,unclassified,unclassified,False,conda-cheatsheet 2,,,0,,,bea85c108389d57b47687c0e9004271227d84a35116ae593385c0252130f2cc5,2
confirmation.pdf,0.3,unclassified,unclassified,False,confirmation,Registered to: RRDONNEL,,10,,,0995e01647ffce91c2a54df79671a704c9fdb7fb5e1f51ee41a5048aa38226d3,4
conservation.pdf.pdf,0.2,unclassified,unclassified,False,conservation.pdf,,,0,,,720ca1fe1f01142f5be6cc9a914c9a0396fe2dc58a18a298e9df9f2c44345f5f,27
control_1.pdf,0.6,unclassified,unclassified,False,control_1,,,0,,,ff2167238f4c14547e2113667f8a1e7ff5988f99acf3759f0d0e170ebbdda521,5
controlcourse.pdf,0.7,unclassified,unclassified,False,controlcourse,,,0,,,dadca2d814aa1e959cdbb05b491d798b4532bf052903c3510cb5ba3a4c6e5a95,126
copyright.pdf,0.1,unclassified,unclassified,False,Copyright RIAI,Marina Vallés,,10,,,9b490bebac179d5968ec62b71b0007062479f1b86a28e0946c02a2615b814513,2
cortina-2.pdf,0.4,unclassified,unclassified,False,hadjidem.dvi,,,0,,,73880f8615890303199ee2fea63b244f91b0c3ad01a5d710afdf79f51301401d,30
coursera.org-Practice Exam for Part A  Coursera-fpscreenshot.pdf,1.1,unclassified,unclassified,False,coursera.org-Practice Exam for Part A Coursera-fpscreenshot,,,0,,,8b885017d7a26aa4a8aba1763713a6bcb604a6ef50d36c5c459d9110ea25f47e,3
creating_your_own_sdlc_v3.10.pdf,0.8,unclassified,unclassified,False,creating_your_own_sdlc_v3.10,,,0,,,bef9e0991ee5cafe7cf68780b91af200c0beeb70cbac6ef608ca688eae0b08ed,32
credibility-methods-life-health-pensions.pdf,0.6,unclassified,unclassified,False,credibility-methods-life-health-pensions,Society of Actuaries,,10,,,bc0d54ab748f03dcba1d4355e8dcd0524f47f673a3983cee8f059e6ed8d95e59,40
criss-cross_orbit_linearstability.pdf,0.5,dynamical_systems,low,False,criss-cross_orbit_linearstability,,,0,,,0296c19490dbeb6ef719ace07a62037868ccf0f9bb83d6ebae20d06d0dc0370b,22
cv-wp.pdf,0.2,unclassified,unclassified,False,cv-wp,,,0,,,fc083acb269cb22e7a533572b46b64f5b88831ead50f3232b20c4d5016960dd7,18
cv.pdf,0.1,unclassified,unclassified,False,cv,,,0,,,84c932ea819339315b3328f7b91fd9b1fe9a6fbac9f10c277e020efae3d8bd98,8
cz.pdf,0.4,unclassified,unclassified,False,cz,,,0,,,920cc8f46051cdf85acc316e0e3a89f60ee51330f5f4371cb8e838dc94e12dd9,27
d.pdf,0.4,unclassified,unclassified,False,d,,,0,,,c22c56d55662fd1fb39e0d0a660c55deae8ca6a8e044c02bc8732851741a3ed9,19
d2.pdf,0.5,unclassified,unclassified,False,d2,,,0,,,6aac39f6b56c944aafe9a0fe4778b67fc207e03661f6a41179dea4ecb275082b,28
d3.pdf,0.8,unclassified,unclassified,False,d3,,,0,,,e7e29dda0acc696ebb5134f14f89d526e5756dc0ef3efffc3605e82197fa7a55,31
d41_non_parametric_easy_handouts.pdf,0.2,unclassified,unclassified,False,d41_non_parametric_easy_handouts,by David Revelle; Ph.D.[1ex] ©2018 The Infinite Actuary; LLC,,10,,,002ab096d86a34d0b05fab9cfe9b57b5fff842ea1fd88e2a8a2775b1dc687de6,8
d42_non_parametric_hard_handouts.pdf,0.2,unclassified,unclassified,False,d42_non_parametric_hard_handouts,by David Revelle; Ph.D.[1ex] ©2018 The Infinite Actuary; LLC,,10,,,c562afb0606840b2ec0bcb215405a1b5f326acad2000e2e54c00a01157a6d785,6
d43_semi_parametric_Poisson_handouts.pdf,0.1,unclassified,unclassified,False,Exam STAM Online Seminar,by David Revelle; Ph.D.[1ex] ©2018 The Infinite Actuary; LLC,,10,fuzzy_dup_455,possible_duplicate,62be2bf477c476448bb5ee97aab760188604a091e778ccb4dc4d6dfffdd5d0cb,6
d44_semi_parametric_general_handouts.pdf,0.1,unclassified,unclassified,False,Exam STAM Online Seminar,by David Revelle; Ph.D.[1ex] ©2018 The Infinite Actuary; LLC,,0,fuzzy_dup_455,possible_duplicate,0e6dc01fabcfe257b97c9a71ddbb7de29fa8a43ee799402e96b8aa8d4b7b10c5,5
dcdc14.pdf,0.5,unclassified,unclassified,False,dcdc14,,,0,,,600fb06473dcb6782513370e28cc1141f2670324ab8fbf506c08dcf150468de9,17
deaths 2.pdf,0.2,unclassified,unclassified,False,deaths 2,,,0,,,cace67ceb92f04fa7851a81bf070acbdd298acaab6c5eecc460fc2a441f4f162,1
deeplearning_ai_pytorch_professional_certificate.pdf,1.0,deep_learning,low,False,deeplearning_ai_pytorch_professional_certificate,Brandon Behring,,10,,,68ee61ef9d5c5aab57bfd80f1ad6436a543a215140876323d760d4d1f71a73cb,171
demo.pdf,0.1,unclassified,unclassified,False,demo,,,0,,,e4a24bdb7c1ce2489a7f0c68c19fd96a566db5d7a69a810790c002ee683c6248,
dga_sdlc_methodology_2024.pdf,0.9,unclassified,unclassified,False,dga_sdlc_methodology_2024,digital government authority,,10,,,47a238466a14827bb14df5ab97f770790611dd140c3512825ba36cee61513de8,25
dim_reduct.pdf,0.7,unclassified,unclassified,False,dim_reduct,,,0,,,8fa737e3815f6820affbd4fcf7c60ba2a26af57ea9a9c953db5841fe6e96146b,22
dis 14.pdf,0.4,unclassified,unclassified,False,dis 14,,,0,,,5bb089d0f2928bdeef64a507f34eab14608307063d64b43c63e3600d9dcb9df0,1
diss_app-signed.pdf,0.2,unclassified,unclassified,False,diss_app-signed,,,0,,,dad51c6334d5a7540f03f70fc4117b90ed63a107bd322f69e243625e916b1bd1,1
distributions 2.pdf,0.1,unclassified,unclassified,False,distributions 2,,,0,,,28c8caeb9b94ee4de96c8f692a8aed9574670d41229eb27b7f72615f10f5ff8a,1
docsiamart.pdf,0.5,unclassified,unclassified,False,docsiamart,,,20,,,1ae7922ce600d2da7173c255ee89c689cdaed403a459ef22528a5bea81103b09,20
document_ai_notebook_guide.pdf,0.3,unclassified,unclassified,False,document_ai_notebook_guide,Brandon Behring,,10,,,e52372460d2bbae935729c77764e9bc30189cf1e30ec65d58aa8d669369c6a08,63
doi 1010162Fs0304-020828082971098-3 Duistermaat Hans -- North-Holland Mathematics Studies Analytical and Numerical Approaches to Asymptotic Problems in Analysis Proceedings ofthe Co.pdf,0.5,mathematics,low,False,doi:10.1016/S0304-0208(08)71098-3,,,15,,,c501768598d8c7565a02fb2121b3ccb804df0037e44517602f8788c71b5d570f,7
doi 1010632F12348053 Perdios E A -- AIP RECENT ADVANCES IN ASTRONOMY AND ASTROPHYSICS- 7th International Conference of the Hellenic Astronomical Society - Lixouri.pdf,0.3,unclassified,unclassified,False,Sitnikov.dvi,,,0,,,417fb1346e10c69a91f4224daaf83200abe9ee1f46bd5f99df024e6bc4478e08,6
doi 1010882F0305-44702F252F142F013 B P Koch B Bruhn -- Chaotic scattering in a near-integrable system.pdf,0.4,unclassified,unclassified,False,doi 1010882F0305-44702F252F142F013 B P Koch B Bruhn -- Chaotic scattering in a near-integrable system,,,0,,,630d3ab57a7ba0032e3dfda710957cd5bf30a7bc43dfd7dacec039aed28ab7b9,11
doi 1010882F0305-44702F282F72F023 Y Uwano -- Degeneracy of energy levels in a Maslov-quantized perturbed 1-1 resonant oscillator A quantum counterpart of a Hamiltonian pitc.pdf,0.6,dynamical_systems,low,False,doi 1010882F0305-44702F282F72F023 Y Uwano -- Degeneracy of energy levels in a Maslov-quantized perturbed 1-1 resonant oscillator A quantum counterpart of a Hamiltonian pitc,,,15,,,79e8498451851f017b1a31391dbf132485f474d2a7b4a62384b0437d2a780018,16
doi 1010882F0951-77152F182F42F018 H W Broer H Hanßmann J You -- Bifurcations of normally parabolic tori in Hamiltonian systems.pdf,0.4,dynamical_systems,medium,False,doi 1010882F0951-77152F182F42F018 H W Broer H Hanßmann J You -- Bifurcations of normally parabolic tori in Hamiltonian systems,,,15,,,898b68d7afb9009b5cb3cada7389faf8ca40e2794c8f1d5679b346b1503fde00,36
doi 1011092Fnlo2000883667 Ablowitz MJ Horne RL Spiller E Biondini G Chakrava -- Opt Soc America Nonlinear Optics- Materials Fundamentals and Applications Technical Digest TO.pdf,0.2,physics,low,False,doi 1011092Fnlo2000883667 Ablowitz MJ Horne RL Spiller E Biondini G Chakrava -- Opt Soc America Nonlinear Optics- Materials Fundamentals and Applications Technical Digest TO,IEEE,,10,,,cec44497c95672dc83eccb9a9768e5452a56b729307ae50d6a2e43f8d361164c,3
dopePRELIM.pdf,0.2,unclassified,unclassified,False,dopePRELIM,,,0,,,4c974c7f856515d82101a768b511580a276ed8c25b356692260e17148ad0c26b,18
dpv-revised-preprint.pdf,0.7,unclassified,unclassified,False,dpv-revised-preprint,,,0,,,56149049ba07bf0160d6eedb8a02914c37ecb0164bca54e6e6499dc6486230cc,73
ds_system_design_guide_digital.pdf,0.5,interview_prep,medium,False,ds_system_design_guide_digital,Brandon Behring,,0,hash_dup_366,possible_duplicate,dc3ef4c18ba11437390dea1eb5875cb01f5b4dbdfa1fe0ee230e0819dc11c517,99
dual.pdf,0.3,unclassified,unclassified,False,dual,,,0,,,63b92eec885502c4e4088da972b76197e1c7fd41b682ee716683cffea070f0cc,20
e2723809b378bdcb221ad981b0b89284c7a8.pdf,0.3,unclassified,unclassified,False,P:\TEX\SIAP\64-1\39996\39996,SIAM (#1) 1035 2001 Apr 10 12:32:38,,10,,,86120f6a0b6cb740008a95f81dd07b4936530474aa68da3369cb48ced90204ad,15
e2b_coding_agents_guide.pdf,0.4,unclassified,unclassified,False,e2b_coding_agents_guide,Brandon Behring,,10,,,7d3e318860ea266bcf931e46b5a6285e8c498f9c677a682d2aff81c47441ebe0,66
eStmt_2023-12-26.pdf,0.3,unclassified,unclassified,False,eStmt_2023-12-26,Bank of America,,10,,,6fbb4b83e31f00fd92b68070779d3b3369074e2d64b46b8132a497ff06ca08c8,4
eStmt_2024-01-26.pdf,0.4,unclassified,unclassified,False,eStmt_2024-01-26,Bank of America,,10,,,86354eb647af1a388647a6abe2e2a1e416d3126d633013fca10d96a3a0bdcb52,6
eStmt_2024-06-25.pdf,0.4,unclassified,unclassified,False,eStmt_2024-06-25,Bank of America,,10,,,69738628ea83d13daa934e41f9fa6c0204539adcd00893a4d68281d4c660be7c,6
eStmt_2024-08-27.pdf,0.4,unclassified,unclassified,False,eStmt_2024-08-27,Bank of America,,10,,,c658de77c84c08f388bb8bb23a8f8ddc386b8c477548f45a8772e00c5d5233e1,8
e_real_1.pdf,0.2,unclassified,unclassified,False,e_real_1,,,0,,,5dae64779106002c5650c7e3784880a91a3bc1b7544889fe5d905bcea99a2805,15
eabd3083.full.pdf,0.7,unclassified,unclassified,False,eabd3083.full,,,0,,,ed15ae225d13d9b43a2d786a7beb854786b2b69ce0ace3874dd374c42a7e1bdf,6
economics_of_risk.pdf,0.2,unclassified,unclassified,False,economics_of_risk,MMobley,,10,,,06f0c851be2b665b964c1c8a4c84f6a5fa79f36b769a29b5e1ba8b308b3bf6ef,2
economics_of_risk_revisited.pdf,0.1,unclassified,unclassified,False,economics_of_risk_revisited,MMobley,,10,,,e57253a24607d453de6c76177c8e7ebe5b404457f7516aad87f320f1d727b9d5,2
edu-code-cond-candidates.pdf,0.1,mathematics,low,False,edu-code-cond-candidates,Society of Actuaries,,10,,,065581c6f066e7f0df2b32e67995008ca2266bb10663801287339d4e92a7f306,1
ejemplo_latex_RIAI.pdf,0.3,unclassified,unclassified,False,ejemplo_latex_RIAI,,,0,,,9fd556b32e0a69032230ccf9be680ed34a1ef5510290575304555445b6da0488,5
elementary theory and methods for elliptic partial differential equations.pdf,1.0,mathematics,medium,False,elementary theory and methods for elliptic partial differential equations,,,0,,,cf694b7ab6456ed041c129a3a35382743541d7493c2ad2afc66b06f802ab502b,220
elstest-1p.pdf,0.1,unclassified,unclassified,False,elstest-1p,Jos Migchielsen; CV Radhakrishnan; CV Rajagopal,,10,,,30365ffa871fb4ff7d2e84bc2e5f41ab104ed469b57b9676ecb4ee073130a91f,8
elstest-1pdoubleblind.pdf,0.2,unclassified,unclassified,False,elstest-1pdoubleblind,Jos Migchielsen; CV Radhakrishnan; CV Rajagopal,,10,,,02359c8daeeb0b1f5d18d26074dffd6b658a776a10df37d5b9b4c5c71ccfb1e9,11
elstest-3pd.pdf,0.1,unclassified,unclassified,False,elstest-3pd,Jos Migchielsen; CV Radhakrishnan; CV Rajagopal,,10,,,6ebd18300706ba4c9c6aa8195dad1a7d9d2e37a8e51cbb5ca861b87e69566b3e,5
elstest-5p.pdf,0.1,unclassified,unclassified,False,elstest-5p,Jos Migchielsen; CV Radhakrishnan; CV Rajagopal,,10,,,47641df5dd96df7b8f036f379df2a5ae3138c64be88335e8de802ea2bd1fe572,4
elveback1976.pdf,0.9,unclassified,unclassified,False,elveback1976,,,0,,,2bf8431e953d35b8c86074f04d3ec4fe63fd9bd4c377751d829d61cadb43075d,14
enderq-eps-converted-to.pdf,0.1,unclassified,unclassified,False,enderq-eps-converted-to,,,0,,,b83474a8f8214ed0035d9bfd8c33a413dcabd756f462d0dd4c4730f623ebd6b3,1
energy_harvesting_v6.pdf,1.0,unclassified,unclassified,False,energy_harvesting_v6,,,0,,,9fdb2b58c71cfe28df9ad2105c8dbe50936c2c12983c8a0a5e76757c23c07bb4,25
erm-excel-functions.pdf,0.2,unclassified,unclassified,False,erm-excel-functions,Society of Actuaries,,10,,,31b39190d635fcfe43b006459e3ff221e20cfd0527604ea6b9aa69851cbbe1b5,6
erm-syllabus-final.pdf,0.2,finance,low,False,erm-syllabus-final,Society of Actuaries,,10,,,526cdae4ca6846fead681220b85a1e539318530e5833d017a35f57136df4da65,12
erp3b1.pdf,0.2,unclassified,unclassified,False,erp3b1,,,0,,,ff113702a758ea5ed04b76898180f94bfc1dfffae24bc162eebe692554aa3560,5
errata_Grinfeld.pdf,0.2,mathematics,low,False,errata_Grinfeld,Alex J. Yuffa,,10,,,8c07b0c73178dcdbb99edd3a20a74c37991b67edfe021f75136bacaaefcf3bd0,8
escape_of_vortex_quartet.pdf,0.3,dynamical_systems,low,False,escape_of_vortex_quartet,,,0,,,ee5f2ca09d1453529a9fff2e0359a8fdc36077d6379907a7727fb9f43cc5e02e,20
escape_time_log_plot-eps-converted-to 4.pdf,0.3,dynamical_systems,low,False,escape_time_log_plot-eps-converted-to 4,,,0,,,9b0534cc1801de70098516924bff732f27c3fe56e25e4c2c1d3b8fc5e35cd929,1
escapes 5.pdf,0.6,unclassified,unclassified,False,escapes 5,,,0,,,c0bb5161e653de6e026e7a7201e113ac35b584af667e3147b9feb649a6e00589,1
essential_graphrag_notebook_guide.pdf,0.3,unclassified,unclassified,False,essential_graphrag_notebook_guide,Brandon Behring,,10,,,9d7ea729200b21573382742f19cc15cce00babe52430a5d7401e8b490dcdce66,66
essential_graphrag_notebook_guide_digital.pdf,0.3,unclassified,unclassified,False,essential_graphrag_notebook_guide_digital,Brandon Behring,,10,,,c10ac9c2eff222253a0c2233544e0ce3b046705a24bc59011baf128f3009a92c,66
estimate_1216844_visit_1511393.pdf,0.1,unclassified,unclassified,False,estimate_1216844_visit_1511393,,,0,,,a1587796ed3d2b7b9aee59f6a21f70af867592faef80e50eafef4f81730ffa1f,2
euclidem1047477059.pdf,0.8,unclassified,unclassified,False,euclidem1047477059,,,0,,,fc0b89c58edfbbf943f7af6f53d903605910250a39ccc8cf1c0384772f5d97c4,41
euclidrmjm1181072709.pdf,0.3,unclassified,unclassified,False,euclidrmjm1181072709,,,0,,,07a3b98c4a9e5ad6e1805cdf716da035ddebba0d611102fd630ecd1f963fb65e,28
evaluating_ai_agents_guide.pdf,0.6,unclassified,unclassified,False,evaluating_ai_agents_guide,Brandon Behring,,10,,,fba9a948f6d7774e0d509de65f9c7c4a13dc7ed65a733f18a1effecb25cd0f0b,112
evanspcam.pdf,0.3,unclassified,unclassified,False,evanspcam,,,15,,,028e85a06acdd749705cd9b16b09837c49d2ce8c6bf1df66db6bc5b5d5d38f7b,11
evolutioniq_guide_digital.pdf,0.5,biology_neuroscience,low,False,evolutioniq_guide_digital,Brandon Behring,,10,,,2bba2f235354e4419fc070c4eed1a211a931640a3522e8e587f1e156dfc4f139,76
ex_article.pdf,0.3,unclassified,unclassified,False,ex_article,D. Doe; P. T. Frank; J. E. Smith,,10,,,68da8cf0bd483af0b8863d8a826c1d8fa51034cae2eb2298388e1845fb5ced97,4
ex_supplement.pdf,0.1,unclassified,unclassified,False,ex_supplement,D. Doe; P. T. Frank; J. E. Smith,,10,,,f8cf3f95de376a020e2abccb3efd7dba8f15917acfe8e7677ea572fd5ec09724,3
example_2.pdf,0.5,unclassified,unclassified,False,ch2_slides,,,0,,,91d06ba4c7a2cea9b3a8100a8d5b74d1fb4f40ab9e0f81a2f94e7902df5c0c5a,25
exercise8.pdf,0.4,fitness,low,False,exercise8,,,0,,,e5415977d4f5336cf6211a69b0d4663c9f0431c989750f0b565a9a8814ba6d2d,3
fa1f8969fef98c3bc5f5e7f321991f7d8e8c.pdf,0.2,unclassified,unclassified,False,fa1f8969fef98c3bc5f5e7f321991f7d8e8c,,,0,,,ccefad0e378d4b6c791a3c7699ac0bd55c8fd753dc4799930628b7bbc1c8e736,11
falebiegnace.pdf,0.1,mathematics,low,False,falebiegnace,,,0,,,ba7a60ce0f20c54295d1f52dc0b4a3b26f14df388142598930b776925da6af1b,9
fall-2023-astam-exam.pdf,0.1,actuarial_insurance,low,False,fall-2023-astam-exam,Society of Actuaries,2023,15,,,94277623c3540e1ab20e885d53ae2c5a1e1290e3e1061dc162aa832e8e3efd92,11
fall-2023-erm-exam.pdf,0.1,unclassified,unclassified,False,fall-2023-erm-exam,,2023,5,,,2d9a105371254f35ed0834228c953d399e73f58171e574f7d3d514788ae18f0e,4
fall-2023-qfiirm-exam.pdf,0.2,finance,medium,False,fall-2023-qfiirm-exam,Society of Actuaries,2023,15,,,24423cd003bd1a2308d6efeb2cca494eef33de114f7746ea2fa5496c155ac982,27
fall-2024-astam-solutions.pdf,0.8,actuarial_insurance,low,False,fall-2024-astam-solutions,Society of Actuaries,2024,15,,,f1aa2ecb9f29f00351447712a247f5ac19c2cff2bd2d69a892e6eeb5854c9f8e,19
fall-2024-erm-solutions.pdf,0.3,finance,low,False,fall-2024-erm-solutions,Society of Actuaries,2024,15,,,b4c17c72ae41d1c35a0872e797228662f158c530dd10c7b277a38a538a55d837,24
fam_tables_new.pdf,0.8,unclassified,unclassified,False,fam_tables_new,Society of Actuaries,,10,,,7bceb3f7f45154113d893370348c06184b2d8b878a0dc08d45fe9410fec7e977,23
fap-intro-objectives.pdf,0.2,unclassified,unclassified,False,fap-intro-objectives,SOA,,10,,,306c2b0bc1883a2c225fc26ab84a3e3db40c18a92e4b763c15e0b5087dcd1224,13
february-2024-astam-questions.pdf,0.5,unclassified,unclassified,False,february-2024-astam-questions,,2024,5,,,0589394551ef23fbb2f6910e4fc823f40b9dc72039564ace278399b80e072373,26
fel1de1.pdf,0.9,unclassified,unclassified,False,fel1de1,,,0,,,f3cf689af8fc22d8cf2e64d92588a234cacf8018f641119802c0259e3921f758,186
fig 2.pdf,0.3,unclassified,unclassified,False,fig 2,,,0,,,dd1b7a0ed72c942e220df7dc7ca1e747b638cb760b8d980aec7cff6603106dee,1
fig 3.pdf,0.5,unclassified,unclassified,False,fig 3,,,0,,,cf24fcf2f6af3431eb79198594e1b8dc57f703088a7122b670e1d4d83a6c83fa,1
fig 4.pdf,0.6,unclassified,unclassified,False,fig 4,,,0,,,712066da333a5757bd6f8ee31d158cc128a824b5a54f8d23ec8ee8b250f95bf1,1
fig1 2.pdf,0.3,unclassified,unclassified,False,fig1 2,,,0,,,69a971e8c3d17d7edb3c842c982b200872990dbc4e7e8ba3233ff1f4f8764c6d,1
fig1 3.pdf,0.1,unclassified,unclassified,False,Quartz %d,,,0,,,6d0a939a3d3d9d18d12e0f64b15a7264ca7dbad48ae9e3769547438d8f75bd46,1
fig2 3.pdf,0.1,unclassified,unclassified,False,Quartz %d,,,0,,,e456dec8f64789fb688794ccd6cf9f92feed884b2d6d81fb3dde8e169e2c6c5e,1
fig3 2.pdf,0.1,unclassified,unclassified,False,Quartz %d,,,0,,,06545cf2c863ec8195da9f2611e82ca9461e832f07bc0070b8ca1c52bb2e459d,1
fig4 2.pdf,0.1,unclassified,unclassified,False,Quartz %d,,,0,,,c9038dd485e324d7503d7f93ef5e8512a9bc572a436a110c982fa318c58683e9,1
fig5 2.pdf,0.1,unclassified,unclassified,False,Quartz %d,,,0,,,53bf23441e727692e3500c5b87db8d5984dc033a0d9ef9b54e33c25cb87e9e66,1
fig6 2.pdf,0.1,unclassified,unclassified,False,Quartz %d,,,0,,,1d60fdc78d57f769f5de29a8fada35beee1508db69c7e46c80e3ead3815dbe09,1
fig6 3.pdf,0.1,unclassified,unclassified,False,fig6 3,,,0,,,cb71c9b6fc1fa5f34bb3ab8d3e878f28b03ec32cb9513ea39320cae64d6b48f7,1
fig7.pdf,0.1,unclassified,unclassified,False,Quartz %d,,,0,,,32ce9dfcaf68d2c7d5f0a84c9b3755712f2686a68dbca0126f661ef4732f0140,1
fig_2_in_dimer-eps-converted-to 2.pdf,0.4,dynamical_systems,low,False,fig_2_in_dimer-eps-converted-to 2,,,0,,,4d725c9f73f7f74f55ef7e0c77186589f5cc7a335571f4864b02cf43a10c5f9e,1
figurapdf.pdf,0.1,unclassified,unclassified,False,figurapdf,,,0,,,be3f3b0cf730bf9042a3ecefc0fe4688b952484b30617e5850d77f00a8f8c62d,1
final.pdf,0.1,unclassified,unclassified,False,final,,,0,,,26c416273987916d158a32bcd62b0aa84b8306d2697a1dd5238d5aab052ece4d,3
finalfall11make-up.pdf,0.1,unclassified,unclassified,False,finalfall11make-up,,,0,,,d3c1ce3712803fbae111141e186daf847d2ae2f68f53f187ca47367f02518c4e,14
finetuning_llms_guide_digital.pdf,0.3,unclassified,unclassified,False,finetuning_llms_guide_digital,,,0,,,8149af46b604520066154536b59dd649bbc58fa747b715d0f11172d95303b2e2,46
fisher2.pdf,0.2,unclassified,unclassified,False,fisher.dvi,,,0,,,6bb952675976bc324e957ce79597c569fee52849d186e44a666d106dad2f17f7,1
fourier.pdf,0.1,analysis,low,False,fourier,,,0,,,999c59821b62ba8398a1dc669e6965e6c4ed1170c52ac97f664615f4d9546b47,5
frechet.pdf,0.1,unclassified,unclassified,False,frechet.dvi,,,0,,,6d41f441f88542fb12b1a92e8cd43269a1153548f5026e0b3824fca8d871d1d5,4
full.pdf,0.2,unclassified,unclassified,False,full,,,0,,,466e50fba14ce864534b8b22e1f85a6290073ea551bd6ac6724f1de7d8548313,1
functions_tools_agents_langchain_guide.pdf,0.3,unclassified,unclassified,False,functions_tools_agents_langchain_guide,Brandon Behring,,25,,,2aa7d3191c3df30516073a6a73684c1ed99b7201b2f6e68748d495771e19ea4c,65
fundamental_actuarial_formulas.pdf,0.2,actuarial_insurance,low,False,fundamental_actuarial_formulas,SOA,,10,,,88350909a9eeb310e6ce8b0908827d494a27d18aa62c8a4355b403ca5f8cbc91,4
funding_issues.pdf,0.2,unclassified,unclassified,False,funding_issues,SOA,,10,,,abea9547646eb8ff8acb1b8e37de71aac047327a7c0f6abe63ed2d349d537304,1
funding_model.pdf,0.2,mathematics,low,False,funding_model,SOA,,10,,,98cde140297c48b43f283a9b3001ce427e3281ed8a91d3e6764216aef0f153ff,3
gabern-koon-marsden-ross-2005.pdf,0.7,unclassified,unclassified,False,gabern-koon-marsden-ross-2005,,2005,35,,,92073b358c6aaac21441f53fe1f2c35d9a30614ac96ab195a6649213d2e18115,17
gamma2dokzero.pdf,0.5,unclassified,unclassified,False,gamma2dokzero,,,0,,,3b88c6886a6fd7df380026055179724d540da36130b49b5dfef3fb95fc51e315,33
getfile.pdf,0.3,unclassified,unclassified,False,getfile,Unknown,,10,,,80c5fda987b2f98ddfca2b9bdfe944931be005e1f4c0c231b6af5b3ca207b5b8,5
git-cheat-sheet-education.pdf,0.1,unclassified,unclassified,False,git-cheat-sheet-education,,,0,,,469157b16528a7282a0bd38e039b71b8c9696d46740d9c0165aa50706fbc460a,2
gmw_2015.pdf.pdf,0.7,unclassified,unclassified,False,gmw_2015.pdf,,,0,,,05de652dfbb9154b5f9625ffd33caec7a929577be3b7c56ce1380498b16ef1fa,22
gold10.pdf,0.1,unclassified,unclassified,False,gold10,,,0,,,d2ea8e17930a1b8d6c1154a98ce20db5dde71cc3d1e1367a57044fb75b30664c,14
graphSISFinal (1).pdf,0.6,unclassified,unclassified,False,graphSISFinal (1),,,0,,,4d6f7672e6d1b4a142b486ea2132b7b90960ceb6fe94b582a75b0e8e71586adc,7
graph_powered_ml_notebook_guide.pdf,0.5,machine_learning,low,False,graph_powered_ml_notebook_guide,Brandon Behring,,10,,,66eed8416c1feb80406c69917a0646c19d4e205f7bbeaa244bb5046b0f909853,77
graph_powered_ml_notebook_guide_digital.pdf,0.5,machine_learning,low,False,graph_powered_ml_notebook_guide_digital,Brandon Behring,,10,,,5461e08c7389c07fea2ccdaa8d92ff1eeaf77948965c19350e45d69977a5798a,83
hadjidem-N.pdf,0.9,unclassified,unclassified,False,hadjidem-N,,,0,,,4696e8ab5dab5023532a20aa1b3db01f4eae5d2ef7b0c1cc5e44cb49d5da1a9d,51
hasanyan2020.pdf,0.5,signal_processing,low,False,hasanyan2020,,,0,,,9221b4bc464b2842cacf86e57de13484f867efc496c42157a117ef42ce026744,6
header-eps-converted-to.pdf,0.1,unclassified,unclassified,False,Sav529F.tmp,,,0,,,78baab4f7c9df8605619dfb65f62e608d0fb1b596798985ee148ab610d3ab9ee,1
healthcare_risk_guide_digital.pdf,0.9,data_science,low,False,healthcare_risk_guide_digital,Brandon Behring,,0,hash_dup_371,possible_duplicate,301ed6b0972f6ba9aadf4c2872c53aca28bd6de396a76e78f04a68bb1920eedc,259
hi_s3-Illustration2.pdf,0.2,unclassified,unclassified,False,hi_s3-Illustration2,See Vang,,10,,,506e813d731920cd5e431253f418196525bf91bd7fdb0bf3f3ca22c5f406323f,1
history_of_actuarial_profession.pdf,0.1,actuarial_insurance,low,False,tah012-.dvi,,,0,,,9fab6ff9244962c097db5952389669ae002240eae6c346dc63fe9e4bcea62cc5,7
hlthaff.2020.00818.pdf,0.2,unclassified,unclassified,False,hlthaff.2020.00818,Wei Lyu; George L. Wehby,2020,15,,,6c2549ce595e8f13106bbf452e91623360f7b473b9caf10363b74100912286d0,7
hmwk2.pdf,0.2,unclassified,unclassified,False,hmwk2,,,0,,,3180754fa81a2a06fc6e01d6b5296184b7e2eb38622bc35f165936998734f540,5
hmwk3.pdf,0.2,unclassified,unclassified,False,hmwk3,,,0,,,48d89fa9f051ca1221e7ef3d55709799dff8a7ab26f20be337e1ca735b83a318,5
holmes.pdf,0.6,unclassified,unclassified,False,holmes,,,0,,,260c261e06773a3b5ea7e62849a468874de9ef31b87b1b11503ef57918dcd0d9,13
homework.pdf,0.1,unclassified,unclassified,False,homework,,,0,,,907d55de347bfef3c02d26b5bf5c17203e29952eacd76af1eac71fe9826f481b,5
hospitalized.pdf,0.2,unclassified,unclassified,False,hospitalized,,,0,,,e6a57f00563b5be249dfadb211bceece82098f2daecf3c5a962234b98117aa93,1
hw2n.pdf,0.1,unclassified,unclassified,False,hw2n,,,0,,,17a76d344292c058bb460f495280be8402ac7dc6fb8ac521999c2751a53fe9a0,1
hwset9.pdf,0.2,unclassified,unclassified,False,hwset9,,,0,,,f09596e5c73a568914561380822f698d89821e891d32772da6f70757346a82db,7
i-9.pdf,0.5,unclassified,unclassified,False,I-9 Employment Eligibility Verification,,,0,,,85385195609f81f3644848c447f81cf69931b74b4b4cee5d00c5c8030248aac1,4
icu.pdf,0.2,unclassified,unclassified,False,icu,,,0,,,e15416a31141232e159891ee9a62e6c6467829e879c143c92728a47e5cdb9b2f,1
id-card.pdf,0.1,unclassified,unclassified,False,IVR_EDGE_IDCARD_APP,Registered to: DR,,10,,,d50519586e43c5d21d26d1a3692405447df64c1cc6e4203659308c2de76ea671,4
identification_and_selection_of_key_assumptions.pdf,0.2,unclassified,unclassified,False,identification_and_selection_of_key_assumptions,SOA,,10,,,5b95e7270da49b099a015183fda3f5d96e5c4a583deb58028a4dcace7d11dc33,2
identify_emotional_triggers_worksheet.pdf,0.1,unclassified,unclassified,False,identify_emotional_triggers_worksheet,Donna Roberts-Luttrell,,10,,,38e48dd1035cf3a34a5c86721769380b770247ca299f9d99707c5d5f876c85bb,1
ihv009.pdf,0.7,unclassified,unclassified,False,ihv009,,,0,,,72c4706e8a5dcdad6ac5318e5d78b7f2f20f4e1e0dc262b3afc88e32e320b52f,7
impactBOOTrev.pdf,0.2,unclassified,unclassified,False,impactBOOTrev,,,0,,,af966158da0d9ecae3d2937a3e13745f586bd2f8e1163d4ba401ba0fa38cdd57,25
importing_data_in_r_2_ch5.pdf,0.6,unclassified,unclassified,False,ch_5_pdf.key,,,0,,,b0b37a5e5b7f303670b88c4f9a84c5428d35541d7a36de552377a6ed33cf7b3e,26
individual_and_collective_models.pdf,0.1,mathematics,low,False,individual_and_collective_models,SOA,,10,,,9f2d63a53cce1d969c4c695108d822fac87a0af35f3428b65d54465897e438b4,3
infectionProbabilities 2.pdf,0.1,unclassified,unclassified,False,infectionProbabilities 2,,,0,,,fb839afb56c4cd4460018ced5237b01b05c9b3f62386dcc3275e980903fdc153,1
information-10-00213.pdf,0.9,mathematics,medium,False,information-10-00213,Paolo Di Giamberardino; Daniela Iacoviello,,10,,,d0c10a5f1f06a8e5f7739541839470498a03c11a3355dc2dd827ce5ad93bc532,17
initial 3.pdf,0.2,unclassified,unclassified,False,initial 3,,,0,,,584ea47601acfb21c616e2962261c965b794e6fd70c97c69cb6dc7729aa6c26a,1
initial_configuration-eps-converted-to 2.pdf,0.2,dynamical_systems,low,False,initial_configuration-eps-converted-to 2,,,0,,,7ed137389710b6c4cdc82ad08dad04c3f3e52d8f8f82b6cbc36443670cd23d5d,1
interest_rate_and_fixed_income.pdf,0.2,finance,high,False,interest_rate_and_fixed_income,Martin Haugh  Garud Iyengar,,25,,,69387293849de3ee2efbafea7c793a8c4afddc881618cd876e83cbddd06d544e,8
intermediate_r_ch5_slides.pdf,0.7,unclassified,unclassified,False,intermediate_r_ch5_slides,,,0,,,7a48de6bde84a205bbc840cff187e232d44404c1d185df993b52aa33a09e0496,31
intro_NLP_1.pdf,0.7,unclassified,unclassified,False,intro_NLP_1,,,0,,,c2bdbda3899cb56f7a4205a948b464bdcaf605d426041604d5b5a37d0edd9b83,31
intro_to_life_contingencies.pdf,0.4,actuarial_insurance,low,False,intro_to_life_contingencies,Christopher Groendyke,,10,,,8633ae6efee48ffbb2f8e2d84a42e63ad7b8719bd80cef986c14569b694623d9,53
intro_to_summary_statistics.pdf,0.8,unclassified,unclassified,False,ch2_slides.key,,,0,,,377a01fefe4c5e48716e7897f6f0f72c60ac16945ed1df6b18dfb800452393b1,35
introkam.pdf.pdf,0.5,unclassified,unclassified,False,introkam.pdf,Gene Wayne,,10,,,3615cdabf8f8d263383f40d711b4938d61d02e19428f7bcc06305a81115af767,29
isoperimetric_promys.pdf,0.3,unclassified,unclassified,False,isoperimetric_promys,,,0,,,07ae5df6955ad5c56fdeda7d3f30680b65cb97029b779e3b1f394b96043f1105,8
ivoct-eps-converted-to.pdf,0.1,unclassified,unclassified,False,ivoct-eps-converted-to,,,0,,,0b3146d4ad7b2f3422b932361ddbf581e16f39ed9ba9da0c041d7a5927af1058,1
jfigs.pdf,0.1,unclassified,unclassified,False,jfigs,,,0,,,4199d92653ec412cc554bf6ed33913b3e71ab8628b059e486f3ec0bb5744d3fe,7
job_application_decision_guide_2025_bw.pdf,0.3,data_science,low,False,job_application_decision_guide_2025_bw,Brandon Behring,,10,,,8ab3c8830933de2c7f08f14a6f9cb40e26ecaca6d5d4cabece595a71f997582c,84
jogh-10-021102.pdf,0.4,unclassified,unclassified,False,jogh-10-021102,,,0,,,5682588cc215582130ca7182b06702607952f6461c48b40e1a38574e5edb6a6a,11
journal.pone.0009018.PDF,0.6,unclassified,unclassified,False,journal.pone.0009018,,,0,,,b3ba102cb45119b1ebec43ca369b3a5175fc7a5da7fdc9510bc62af6f18726a3,12
journal.pone.0016591.PDF,0.8,unclassified,unclassified,False,journal.pone.0016591,,,0,,,ac385fd842f92bfaff21fece600a1c8f1e5fda981a7d9758372267c196a70c48,8
jp06.pdf,0.6,unclassified,unclassified,False,jp06,,,0,,,6c573e720133774795abf1cd4b797c2141d36f652b1f0151a0d38780fa612b02,19
jpsj522642.pdf,0.6,unclassified,unclassified,False,jpsj522642,Miki Wadati1Institute of Physics; College of General Education; University of Tokyo,,10,,,c5538f00fa72def759f0ca81e3a061b3ec93922fceaa5679f1594180ef45d203,7
jpsj533342.pdf,0.7,unclassified,unclassified,False,jpsj533342,Miki Wadati Yasuhiro Akutsu1Institute of Physics; College of Arts; Sciences; University of Tokyo,,10,,,d48b682f9b774f1c57ee1ad54f76e31cc5f980ff6b57cebbf1ac0ad7458093bb,9
kam.pdf,0.3,unclassified,unclassified,False,kam,,,0,,,eec921dc45889c6a7148d12653d84f6994d395811ccf40f2bdfd6057d119a9ee,41
keyboard-shortcuts-linux.pdf,0.1,unclassified,unclassified,False,keyboard-shortcuts-linux,Brad Gashler,,10,,,cd96ca7a79de44a0d1437c503cd4a10dfbc97e035d6eab2cfebc93c6e67932e9,1
keys and super keys.pdf,0.3,unclassified,unclassified,False,keys and super keys,,,0,,,cea87f347fe17a4749ba6cce6667f636a9c63736dfd7bacee01421ba8b1ca1a8,21
kg_llms_in_action_notebook_guide.pdf,0.3,unclassified,unclassified,False,kg_llms_in_action_notebook_guide,Brandon Behring,,10,,,8795ebdade9c3dddba12577db6b516b198556f1020f992149c1fafdea59ff427,67
khoshgoftaar2011.pdf,0.6,unclassified,unclassified,False,khoshgoftaar2011,,,0,,,3a531048b5d45b470597541b398df60b54fb62c61e3b779c6e4da416c1bcd31d,17
knowledge_graphs_rag_notebook_guide.pdf,0.4,unclassified,unclassified,False,knowledge_graphs_rag_notebook_guide,Brandon Behring,,10,,,c9bb21b42e6454ca245b6f4f11837d262a304232a49dadfc1062678abcbaed8f,83
lam_4to1.pdf,0.2,unclassified,unclassified,False,lam_4to1,,,0,,,35c2c1df9dec7080864913d60b1de4559359ff3587852d5b9e6f075505c7b951,8
landfill_activity_1_questions.pdf,0.2,unclassified,unclassified,False,landfill_activity_1_questions,SOA,,10,,,80fd58d5b296f673fdc757fd1f1289ce5c0af8e727416d71e977cc88d93a1e1b,1
landfill_activity_1_questions_and_notes.pdf,0.4,unclassified,unclassified,False,landfill_activity_1_questions_and_notes,SOA,,10,,,4c34715d97e97db268084a61f3aa27e848f0fb2fdd89da71c3464b11747791a4,3
landfill_case_study_part1.pdf,0.3,unclassified,unclassified,False,landfill_case_study_part1,SOA,,10,,,0224e3b9af2be652f9498c5a81a044571f05de8fb54dffb80fccb5100451b17a,22
lapacke 2.pdf,0.2,unclassified,unclassified,False,lapacke 2,,,0,,,0fb38eaf5c4ca1faf345ac0031300dba78092a9d705588398737bfd044c28c5f,10
laskarChaos090103.pdf,0.7,dynamical_systems,low,False,laskarChaos090103,,,0,,,512fd371691571d2c1a3cde59e8390fdea1208a3778f9f07d8776a0c6da66b61,18
last page from brizard.pdf.pdf,0.1,unclassified,unclassified,False,last page from brizard.pdf,,,0,,,b2608cf922b1e0c96d0cfb6eadf75eca7e133d50e8d957e0264eef92fdef9cb1,1
leap_frog_aref 2.pdf,0.2,dynamical_systems,low,False,leap_frog_aref 2,,,0,,,2fbdc971fc93e32d0da5f04acdd54385e5162f4e49a61a7b962e599bba342161,1
leap_frog_coordinates_comparasion-eps-converted-to 2.pdf,0.8,dynamical_systems,low,False,leap_frog_coordinates_comparasion-eps-converted-to 2,,,0,,,7defbc91ea0d1b028c8c58d8f50939643fb826b510973dba24fa37038d26228c,1
leap_frog_dimer.pdf,0.3,dynamical_systems,low,False,leap_frog_dimer,,,0,,,18cc5d3782a928893cd880c5c605218621609c5842c42d79a04bc9a7d8f26df5,1
leap_frog_initial_configuration.pdf,0.7,unclassified,unclassified,False,leap_frog_initial_configuration,,,0,,,2080e470bab26d04c571cf5706f576eff3632005890f93a9f3b918731f154a48,1
leap_frog_lab.pdf,0.3,dynamical_systems,low,False,leap_frog_lab,,,0,,,8975aaed01ef7919f361fb4c27b55baef64ad9f62b204f9c9c1e22dc7cad8043,1
leap_frog_lab_simulator_leave_times.pdf,0.1,dynamical_systems,low,False,leap_frog_lab_simulator_leave_times,,,0,,,19c002e9a0c4bc70655940da6c1053e9d47bbd5454bdf4165d30948ace9434b1,8
leapfrogBreakup2 2.pdf,0.2,unclassified,unclassified,False,leapfrogBreakup2 2,,,0,,,f17a76b511a1ce50df17a500534cc360a7b17c9cde07e420531a4ee985b4edee,1
lec11.pdf,0.1,unclassified,unclassified,False,lec11,,,0,,,1fdb858f0346f93d97e954a26983fed976a701fba3be19c10101c6e32de30c19,8
len.pdf,0.5,unclassified,unclassified,False,len,,,0,,,450498126bc5ab2fb5deb95d65ddce0d178b6022c35ed018c2012a01ad324453,17
less_closure.pdf,0.1,unclassified,unclassified,False,less_closure,,,0,,,80ea81afe5f7331f3f55090aef4462170035202b6547ca8e56c97eacbb0ee03f,1
license_agreement 2.pdf,0.7,unclassified,unclassified,False,license_agreement 2,Pia Owens,,10,,,d99957d492b0ecfe114bb1bc4ff57393467dd6e853650dfaa97c3f4b5f778a45,39
lienard.pdf,0.1,unclassified,unclassified,False,lienard,,,0,,,3db457918614692069a4a565e7cd845d218366f21b65176a02cfa72f5696b8d2,1
linalg.pdf,0.4,finance,medium,False,Financial Engineering and Risk Management - Review of vectors,Martin Haugh  Garud Iyengar,,25,,,723f3c5b3571ed422403b83813df5f09f351a6a681199aadb3237edac22f68d8,23
llm_from_scratch_notebook_guide.pdf,0.6,rag_llm,medium,False,llm_from_scratch_notebook_guide,Brandon Behring,,10,,,68c84c5a4caafdc9c2f71412db52b8e73cec0e6ec947b77f04caeaab50490356,80
llm_from_scratch_notebook_guide_digital.pdf,0.6,rag_llm,medium,False,llm_from_scratch_notebook_guide_digital,Brandon Behring,,10,,,2148243bf94672de97528553ffaa89fafd8c5d195c03262541760a345135a118,86
llms_in_production_notebook_guide.pdf,0.5,rag_llm,low,False,llms_in_production_notebook_guide,Brandon Behring,,10,,,7053a43d64a97078dd2c39fdb6e12cf2969abdfdfc3ba8f0441febaf6b846766,77
llms_in_production_notebook_guide_digital.pdf,0.5,rag_llm,low,False,llms_in_production_notebook_guide_digital,Brandon Behring,,10,,,640e69c23c0412f1d4a85f21cc6339dd8438b6b92f60b3fbbe3febf08730f9aa,82
llms_semantic_search_notebook_guide.pdf,0.3,rag_llm,medium,False,llms_semantic_search_notebook_guide,Brandon Behring,,10,,,b667108e4ab12fc46e7ecfeb5c263c8ee1a147cecca407287f8ba37a219c7471,52
ltc-pricing-project.pdf,0.9,unclassified,unclassified,False,ltc-pricing-project,Society of Actuaries,,10,,,df21d4af921bec8fd4d5aaf4100636e1328b7ccebef53fbd75e94ce6e652c35d,23
m4104sec4.pdf,0.1,unclassified,unclassified,False,m4104sec4,,,0,,,8045263ff3853e84db596f3e51e8ed84b0a78024de60e949f274c7e7b82ed366,5
macmillan_tangle_2.pdf,0.1,unclassified,unclassified,False,macmillan_tangle_2,,,0,,,59e9665a5a998c4bb8c5177d75ffc1e55f014a400d86eca45ef6bc918ae4be85,1
main 15.pdf,0.7,mathematics,low,False,Bidirectional impact of imperfect mask use on reproduction number of COVID-19: A next generation matrix approach,David N. Fisman,,25,,,739ed78a623d2cd991a9820f824c52aa0ea6cd1ce8e42a1f2815807d7c86fbe6,4
main 19.pdf,0.1,unclassified,unclassified,False,main 19,,,0,,,e1de68be94b0923f7e5a0d450994251f797a7c6f457bfa77ac78b3307c9c22bf,1
main 20.pdf,0.1,unclassified,unclassified,False,main 20,,,0,,,92882b625bfcb059a7ff68db63038c8439642faf05eb7d842ebe20a018673f37,1
main 22.pdf,0.6,unclassified,unclassified,False,main 22,,,0,,,a7e7235d49474ee5a64e79c0eb20dc2006a30a8d02db3a6b5971b269dfcb8305,12
main 23.pdf,0.6,unclassified,unclassified,False,main 23,,,0,,,40897e39c0fdaba277cca2f7157211c19037b8436d42b9e29be39d4995741b9e,11
main_changes.pdf,0.6,unclassified,unclassified,False,main_changes,,,0,,,58f8ff6fa4b98e10b8d47cccb38e79d875de6b484c8d9698e376a2ab8d474cb5,11
manage_self-talk_worksheet.pdf,0.1,unclassified,unclassified,False,manage_self-talk_worksheet,Donna Roberts-Luttrell,,10,,,45c524ea15f6a015230c9bd1c464522744efb47aa43ebbddd4ae98ef7877a86c,1
managing_actuarial_risks.pdf,0.7,actuarial_insurance,low,False,managing_actuarial_risks,SOA,,10,,,6cc15fe37ad9641fb0b172b066b8a18c4007f51e78f14e204ab946054183c69e,4
market-trends-and-product-designs-in-a-rising-interest-rate-environment.pdf,0.3,unclassified,unclassified,False,market-trends-and-product-designs-in-a-rising-interest-rate-environment,,,0,,,74560f32647c0ebbcfc7692cddecbfd84f40660e94834669bd865c9276141a6f,9
martinez03.pdf,0.3,unclassified,unclassified,False,martinez03,,,15,,,1d0234701763750caf886c52330d1a6817f1e969d0959f2c8fb74dc034835492,14
mask_alone.pdf,0.1,unclassified,unclassified,False,mask_alone,,,0,,,d1c3db39d82a627d6f4bb0ef72fb0ded564ca2389bf5d3b82a62a25f569c9661,1
mathematical_surproised_QM.pdf,0.5,mathematics,low,False,mathematical_surproised_QM,,,0,,,345eb573a8a57c04f8d679e95d79740ddc1ccdf7eb79c6273b9405f2c7636fcc,56
mathworks_installation_help_zh_CN 3.pdf,0.8,unclassified,unclassified,False,MathWorks 安装帮助,The MathWorks; Inc,,10,,,683d101b64c79a9802f70bd5b815b383df58cfedb274cf28497cccfd0618fa9d,38
matthews1999.pdf,0.8,unclassified,unclassified,False,matthews1999,,,0,,,53bcc7743a0169022e25b19d842e09124ce257b3029a55346594a5e5f99a614f,4
measure_notes.pdf,0.7,unclassified,unclassified,False,measure_notes,,,0,,,b4ed9e44af7445384806d2972dd84573fdadb9bac3fda6c44a2eff67f54a5a22,93
mechanics-dividends.pdf,0.6,unclassified,unclassified,False,mechanics-dividends,Dale Hagstrom,,10,,,09bedebb06253858d6bdc703c82e2b995229c328c467a535b486edb53a0550c0,28
melnikov 1.pdf,0.1,unclassified,unclassified,False,melnikov 1,,,0,,,2a6a2c0658793278c98d4bb129495a9d71485d956b480806be5f2a7658720dc4,4
melnikov2.pdf,0.5,unclassified,unclassified,False,melnikov2,,,0,,,24aabb5e23f297660b1d06dfcc2761963919de93dfe1bf16b86ce9d42bb2d8b1,10
meta_google_leveling_analysis.pdf,0.2,unclassified,unclassified,False,meta_google_leveling_analysis,,,0,,,2cab68c6697bbf42c41a5fbc857dd89e1c91ada0a743961c2c6a1e7f22ce8916,16
meta_study_guide_combined.pdf,0.1,unclassified,unclassified,False,meta_study_guide_combined,,,0,,,a3f21aab2db612d2249e95a502b3b1826e5af665c994073502a2ffae446cd17b,22
meta_tech_screen_guide 1.pdf,0.7,interview_prep,low,False,meta_tech_screen_guide 1,Brandon Behring,,10,,,578ae9069d024aa50a5b2f252808f4daa8d56718996ef02b64116ca3df43cc2a,250
meta_tech_screen_guide 2.pdf,0.8,data_science,low,False,meta_tech_screen_guide 2,Brandon Behring,,10,hash_dup_372,possible_duplicate,8a4850f190e186b430e6cc1e14616522131fd98416197e810b218c2e05e3f2fb,240
meta_tech_screen_guide.pdf,0.8,data_science,low,False,meta_tech_screen_guide,Brandon Behring,,0,hash_dup_372,possible_duplicate,8a4850f190e186b430e6cc1e14616522131fd98416197e810b218c2e05e3f2fb,240
meta_tech_screen_guide_2.pdf,0.4,interview_prep,low,False,meta_tech_screen_guide_2,Brandon Behring,,10,,,005ae9ccc4ffa8865fe0dc103b6ec6862e1fb358359e6c0aab35a2d4471ea998,82
meta_tech_screen_guide_digital.pdf,0.8,unclassified,unclassified,False,meta_tech_screen_guide_digital,,,0,,,1331387b1a12b1662d27dd70b65f84751eeb6aadbedf011628f12c26d951666c,255
midterm 1.pdf,0.1,unclassified,unclassified,False,midterm 1,,,0,,,8df31773626b2a61357d393bf9cd16c3f0151e7d5f6b3c78e26fdc7928b1646b,3
midtermI.pdf,0.1,unclassified,unclassified,False,midtermI,,,0,,,b536aa57659c480a8651712a098ad676f90ba3141dc49805c8c8cb188b3e91f3,3
midtermSol.pdf,0.3,unclassified,unclassified,False,midtermSol,,,0,,,8a5766bf1bd9ae0da439ab1d67b1f9144fae5de8e928b42fd634c82a356c8714,8
mm6937a6.pdf,0.2,unclassified,unclassified,False,"Decreased Influenza Activity During the COVID-19 Pandemic — United States, Australia, Chile, and South Africa, 2020",Centers for Disease Control; Prevention,,10,,,2ec9587271d943050e64161f47c2061246ea78be469213afcbe266b2a621a0b5,5
modelling_mortality_risk_with_extreme_value_theory_the_case_of_swiss_res_mortality_indexed_bonds.pdf,0.1,mathematics,low,False,modelling_mortality_risk_with_extreme_value_theory_the_case_of_swiss_res_mortality_indexed_bonds,David Colarossi; Owen Beelders,,10,,,c648f5b5b71fdec256ac6d5006c3541b13eb7b149a90aab2bbcabb4ae8384e00,4
models_v1.pdf,0.2,mathematics,low,False,Introduction to Models and Modeling to Manage Risk,SOA,,5,,,7eaea821ddd01c6c173760875a647cf67a891a9a144f0d08bbf232fbe139602a,7
modest.pdf,0.1,mathematics,low,False,modest,,,0,,,aa1e41dbd4d30d5b2502a1325ee0b9964bd3112ece7c02b378895e0e7a0e242a,1
montaldi_corrected.pdf,0.5,unclassified,unclassified,False,montaldi_corrected,,,0,,,3e3732b672cf0cc92e2ecc820f6141d033b5c3015e2d1843f46a62eea08d87a2,47
more_reserving_models.pdf,0.2,mathematics,low,False,more_reserving_models,SOA,,10,,,e8402b03640ac2df7a48d1b268987c28b741fa534b288cdfdabd28ed88d17a75,4
mortgage_bill_jan.pdf,0.2,unclassified,unclassified,False,mortgage_bill_jan,Brandon Behring,,10,,,769ea68e2057f7ad5e07d7cdf7fd646921bcf95df9de876f1b66c7f4ff286d0b,2
mq.pdf,0.9,unclassified,unclassified,False,mq,,,0,,,79cfd4f0bbe05e039aa3bd6c36e32d94bfc07f34b95ca22ed676c8431c3926ea,111
ms_internet_supp.pdf,0.6,unclassified,unclassified,False,ms_internet_supp,,,0,,,5761c8afe01a274ec103dd666bd9162d9924b71809be43676dbd1a6fe1abdd4e,95
multimodal_search_rag_notebook_guide.pdf,0.3,unclassified,unclassified,False,multimodal_search_rag_notebook_guide,Brandon Behring,,10,,,0b2f8356bfc54b2a0e095426748915ab5f618f873e97c8f30c4a6e0ffe5f32ce,38
mwaffo2015.pdf,0.6,mathematics,low,False,mwaffo2015,Violet Mwaffo,,25,,,58fbdc7c6345593d7430bf1ae726de51289c252a40cd6e77ed4bfd299f4e7b84,7
my_ei_action_plan.pdf,0.1,unclassified,unclassified,False,my_ei_action_plan,Donna Roberts-Luttrell,,10,,,295d0cc48cef916754237f2394a1712c051feec9af9ba57e525dead5ab0f199c,2
myfile.pdf,0.5,unclassified,unclassified,False,myfile,,,0,,,702c82ba8f998297c845010c1dc937ed8b8a4647401b76043e0605014685d285,1
nadini2018 2.pdf,0.4,unclassified,unclassified,False,nadini2018 2,,,0,,,678af3c037c360f0389406c54581fb15343d800e715ada0d3f0f6b6329a939d0,11
nature04795.pdf,0.7,unclassified,unclassified,False,nature04795,,,0,,,d427ea8c7dad92a2ff4e741d03aec41fdef0909dc9c48073c46f6b166fe732c8,5
ncc8138.pdf,0.1,unclassified,unclassified,False,JEM.LST,,,0,,,a6cd0c44cc0191d8307e7d388ea59b6cab121f807e5f1ad0bd08edf90d6053d6,10
new_feature.pdf,0.6,unclassified,unclassified,False,new_feature,,,0,,,4d5aad1ff659bedcac03b237a316970bee76e7a25e4b554f98fb49d5683b06c4,4
njit-etd2016-094.pdf,0.7,dynamical_systems,medium,False,njit-etd2016-094,Basarab; Casayndra H,,10,,,fd7e0955c7ed6738960f7b09fc47e2e3c77ac2026741d4136cc9112f09bb2a43,80
nlp_2.pdf,0.4,unclassified,unclassified,False,nlp_2,,,0,,,acf0056e827cabc2d30a87169f32f771ade46b6031147cdc5ef9f6e00db03009,25
nlp_in_action_notebook_guide.pdf,0.5,rag_llm,medium,False,nlp_in_action_notebook_guide,Brandon Behring,,10,,,1cae56bdc582ddec50f65f5acefecdccb13b3b652e01777e48d08a8e9a8b7aec,80
nlp_in_action_notebook_guide_digital.pdf,0.6,rag_llm,medium,False,nlp_in_action_notebook_guide_digital,Brandon Behring,,10,,,fd42635ada63115e51a3f2d4092c396e9b360f9b55a8f7a94dfc12c1f146c3a9,87
nlvibe54.pdf.pdf,1.8,unclassified,unclassified,False,nlvibe54.pdf,,,0,,,ceba954717fef724671ad1a1615671def631135e23fa01a8ffbd6ec23b5427bf,160
normas_de_estilo_RIAI.pdf,0.1,unclassified,unclassified,False,normas_de_estilo_RIAI,jsanchi,,10,,,ae3fda97130bd27dbe92f3c8504037be6b8d983c3fc590789f63cd46da21eef0,4
numericalFinal.pdf,0.1,unclassified,unclassified,False,numericalFinal,,,0,,,f85d2c00b95669462ea20f4badbf2a93889ff872df9382935e086319e18298f0,2
numericalMidterm.pdf,0.1,unclassified,unclassified,False,numericalMidterm,,,0,,,c8c84ae9a64e0cf5a81b58d84c2039e68d2bef3d531bf2fe0591a206906d5143,2
numericalstudyguide.pdf,0.4,unclassified,unclassified,False,numericalstudyguide,,,0,,,7707a0fc0970ecd34fd9efbc9ef7e84ff3759f6df50d2212797c86ea0c84019b,27
numpy.pdf,0.6,unclassified,unclassified,False,Cheat sheet Numpy Python copy.indd,,,0,hash_dup_314,possible_duplicate,5f3449b9f7580c03a6b6a3a71e3d0d78940420d22bf6634224de60e602462306,1
official_scrum_guide_2020.pdf,0.2,unclassified,unclassified,False,official_scrum_guide_2020,,,0,,,ed83eb2378459c9e5da5e695844a24c3770fba33687cafaf0a0683ad5070b3ec,14
one.pdf,0.1,unclassified,unclassified,False,one,,,0,,,d7fb4791d8196813422a55d7d670345bbad045dceb0b5e7f7921aacbf7bb7041,10
online_assessments_guide_digital 1.pdf,0.3,unclassified,unclassified,False,online_assessments_guide_digital 1,,,0,,,e27fde56a10b25cc12fc068ab2d1d703654f8bfd7939a21eb9c05aeac919bcea,49
online_assessments_guide_digital 2.pdf,0.4,unclassified,unclassified,False,online_assessments_guide_digital 2,,,0,,,aa139d72b8763c69125ebf85f22dbb48954eb67c2f2af7f67404ffe066c9aa81,65
online_assessments_guide_digital.pdf,0.2,unclassified,unclassified,False,online_assessments_guide_digital,,,0,,,8306c71ba9c3d7df619614cb54cff54675011d6eca42f87a8bf66febc0829544,31
online_assessments_guide_digital_2.pdf,0.4,unclassified,unclassified,False,online_assessments_guide_digital_2,,,0,,,ab7d693f6df3b0bdab81a74a74607b60da04fa5c2a401695dedda45fc4a35626,61
openai_function_calling_docs_guide.pdf,0.3,unclassified,unclassified,False,openai_function_calling_docs_guide,Brandon Behring,,10,,,93056155ca96ff115c704cff82e68513c57840bf21ed4dd2c353f4df2eba23ae,75
openai_function_calling_docs_guide_digital.pdf,0.3,unclassified,unclassified,False,openai_function_calling_docs_guide_digital,Brandon Behring,,10,,,1cffc7bdb04895fa25a779a65cd27925fc8cfe4969996aab16d9074399500cb4,73
overview-nges.pdf,0.4,unclassified,unclassified,False,overview-nges,David Cook; Kristen Koon; Zohair Motiwalla; Karen Rudolph,,10,,,dc0ffed493365b83444eca4c642f5db7ccf2a58b664f474f66b0a52b7311be75,22
overview_of_funding_models.pdf,0.2,mathematics,low,False,overview_of_funding_models,SOA,,10,,,dd53b21438f9dfa5a81b78ce30f47a6f3aa0d8aed8567fd315379e85ce6fd7dd,2
overview_reserving_models.pdf,0.3,mathematics,low,False,overview_reserving_models,jryan,,10,,,6c42b3a9a87eca263475042921b8b46420a1627490d6cb115732514c6423a0b6,5
p03d.pdf,0.2,unclassified,unclassified,False,p03d,,,0,,,039c33e335a74d810d480275960bb5e40c8a6aa5f71744324815e6ad2de95fc6,16
paper55.pdf,0.4,dynamical_systems,high,False,Periodic orbit analysis of molecular vibrational spectra: 1:1 resonant coupled modes,Daniel C. Rouben; Gregory S. Ezra,,10,,,04e398a6ad8a7530ee029b97776eebdec83c2eee9890113005096ffc7eff3cec,9
paper88.pdf,0.7,unclassified,unclassified,False,paper88,,,0,,,4a7fc4ba24f0b4c6652e11b2084276d1c00df26e4721af3370edd995b7c34ad6,20
parametric-resonance-in-the-dynamics-of-an-elliptic-vortex-in-a-periodically-strained-environment.pdf,0.4,dynamical_systems,low,False,parametric-resonance-in-the-dynamics-of-an-elliptic-vortex-in-a-periodically-strained-environment,,,0,,,9e9c39eb0d55d6a685b5f0f52d2c5d42b2c9f5be7a01cd20076e6599a5939264,8
pearlcasualinference.pdf,0.4,unclassified,unclassified,False,pearlcasualinference,,,15,,,1783bd23c7aeb4c4d87a1481ef5998319dcc284394ac714b54c7fc29b51f0755,67
pendulumperturb.pdf,0.1,unclassified,unclassified,False,pendulumperturb,,,0,,,d1cbd18df1090fedb7215c238648c8a284cfc3fd0b66e21899ffd95c17ba388d,7
pension-risk-transfer.pdf,0.2,unclassified,unclassified,False,pension-risk-transfer,Brett Simmons,,10,,,eb3287ac38d053d5ad487f75e2d0fef3f275a97a23a15c8f4c09a2fe96a29b97,7
periodic-solution-1.pdf,0.4,unclassified,unclassified,False,periodic-solution-1,,,0,,,d1cdfaef6bd6d1c5001cda94eb77fd4c473d0f0c55b2829ff6b0daf381b3072d,43
periodic_orbit 6.pdf,0.1,dynamical_systems,low,False,periodic_orbit 6,,,0,,,2a96e097e267a8e5efffdc27caab83aab5aa158594e01fbeaa28081c3d89fe87,1
pert.pdf,0.7,unclassified,unclassified,False,pert,,,0,,,ed9f7d6762e668886054cd8cba11564b553f32af575c43d26d282700359d8b9f,26
phil-pdflatex.pdf,0.9,dynamical_systems,medium,False,phil-pdflatex,Brandon Behring; Advisor: Roy Goodman,,10,,,9d1c692a6ae7d17eeea941e9eca20e5f3023b8fa68b0687911fb798dd79c3747,23
physd99.pdf,0.2,unclassified,unclassified,False,PII: S0167-2789(99)00021-4,,,0,,,33f27878e97824393e16ceebe21eef55b7b073244aa02284adb9d4e79fc45cd8,24
plots_for_paper 2.pdf,0.1,unclassified,unclassified,False,plots_for_paper 2,,,0,,,20bbdd6ee2dd960197d9532c162555095c4173f01ef0570bc6e7ae808cb700e5,1
pnas.1821458116.sapp.pdf,0.4,unclassified,unclassified,False,pnas.1821458116.sapp,,,0,,,827e27f61eef25f1146486a222d7979d935ba4319e516c55b6d445dbe0acf88c,5
porfiri2014.pdf,0.3,unclassified,unclassified,False,porfiri2014,,,0,,,ee8b1d878929579ff71d476994fbbbd7f84cd936e73b04230d4ed960c3fc1738,5
posttraining_notebook_guide.pdf,0.6,reinforcement_learning,low,False,posttraining_notebook_guide,Brandon Behring,,10,,,da08870787eb169c19c457c66b57dd7b5331cccbcbb3225d4dd8892d9beeddf9,119
pq2202013975-2.pdf,0.2,unclassified,unclassified,False,pq2202013975-2,,,0,,,9c384bfbf8dafda309dfd5ee27575852f09e057ce53f96e1d4d5f443a3f06430,5
practical_aspects_of_models.pdf,0.1,mathematics,low,False,practical_aspects_of_models,SOA,,10,,,b3040e197e2dac3c41026e9bf2c4f7df4dfbb9c9aeb0590275a8e69b3f810244,2
preprints201608.0215.v1.pdf,0.8,unclassified,unclassified,False,preprints201608.0215.v1,,,0,,,3a5810b4c9bd66c52d309b279f672f245b4946e65e9591c9fec8d26a1ce2eed3,15
preprints202004.0203.v2.pdf,0.4,unclassified,unclassified,False,preprints202004.0203.v2,,,0,,,c4c2457a4c8e7c8421d17eab8b57454007bc9b7e1d1b2d2e3a358c930645b521,10
preprints202004.0203.v4.pdf,0.3,unclassified,unclassified,False,preprints202004.0203.v4,,,0,,,e49c7430bbbbc1d8c3adf122dc97b18abc6e60cc29735674b98d415df1a51097,12
preprocessing_unstructured_data_notebook_guide.pdf,0.3,unclassified,unclassified,False,preprocessing_unstructured_data_notebook_guide,Brandon Behring,,10,,,9782013a770fffa9c7f5aa5b82214c8b80d84a943fc2ae9ff9c7f6471b09de7d,70
prewadah.pdf,1.0,unclassified,unclassified,False,prewadah,,,0,,,26fdbe5be0a65865426dd31eca3176c18d6a9d8a0395f29f3175a36c82a154e2,12
pricing_models.pdf,0.3,mathematics,low,False,pricing_models,MMobley,,10,,,80ed7db6d904e28a720fb8fe7ebc730f0ef884ccfb482feda1fb9c27c7104bed,3
pricing_models_2.pdf,0.3,mathematics,low,False,pricing_models_2,MMobley,,10,,,63bc18e5725c5251ff7b669a4f1bf32f6723474cfa2a9e605fbb98b6b9d856af,3
pro-2015-iss91-hrischenko.pdf,0.7,unclassified,unclassified,False,pro-2015-iss91-hrischenko,SOA USER,2015,15,,,675de28c399b25c2e87ed7ab7ae2ad4203603b2fba898725ea6bd922a0627530,7
pro-2017-iss108-nayak-abrokwah.pdf,0.8,unclassified,unclassified,False,pro-2017-iss108-nayak-abrokwah,By Nitin Nayak; Stephen Abrokwah,2017,15,,,53032ee86c5f8cb197b26f70a145ef8685ba1994b3abd8f167e04d101d1d973e,9
pro-2018-iss110-stehno-guszcza.pdf,0.8,biology_neuroscience,low,False,pro-2018-iss110-stehno-guszcza,By Chris Stehno; Jim Guszcza,2018,15,,,93531b19dd2b8cdddbb6ee24f659c86219d7681e98d4a29fb57ec54e91a20f96,8
problem_checklist.pdf,0.1,unclassified,unclassified,False,problem_checklist,Brandon Behring,,10,,,aad9db999594c585127e29c09973b1502d1100785674223ea54b4d4ada5dfab3,17
problem_checklist_python.pdf,0.1,unclassified,unclassified,False,problem_checklist_python,Brandon Behring,,10,,,22d95c614e8a3150ceb8ea98938025ad8c0cbe1cc9092069be076ac72b1feab3,13
project_muse_929116.pdf,0.6,mathematics,low,False,project_muse_929116,Lauri Valkonen :: Santtu Tikka :: Jouni Helske :: Juha Karvanen,,10,,,1372337c555408611970e2e6fa49f41868b58efa83b63b7512a705d9f1635f5d,18
prudential_withdraw.pdf,0.5,unclassified,unclassified,False,P_withdrawl_c,Brandon Behring,,10,,,d7ddd717cdc405d4af45fa4ec821e6e53afb07607b10503608bfeb2757ef9b53,9
ps1.pdf,0.1,unclassified,unclassified,False,ps1,,,0,,,ae21a6089679e31dfb6b0cce6dfc6b7d4dc11acc50020b88c036f8f5e736e007,2
ps2.pdf,0.1,unclassified,unclassified,False,ps2,,,0,,,4bcce7827c127dad504c0276afbe37c427666fadf41020dff69eabf307a0e24a,2
ps3.pdf,0.1,unclassified,unclassified,False,ps3,,,0,,,1b92ac96e4f03800a412d9d97f217b605a422527bd33cabf5bb0ff3a1c429711,1
ps4.pdf,0.1,unclassified,unclassified,False,ps4,,,0,,,b0c43925a19b41851783d2c68136c41194ced48e2470e5b99c9fb1b85ac5dfcb,3
ps5.pdf,0.1,unclassified,unclassified,False,ps5,,,0,,,a833a6bfdae9d6a39220f91d61f03ed544be712445e1c1f40dab97d0ec920b46,3
pytorch_cheatsheet_v1.pdf,0.4,unclassified,unclassified,False,pytorch_cheatsheet_v1,,,0,hash_dup_379,possible_duplicate,4d54e8a0fbc6bbe8bcbd12da3274ecafe9d614a07c9ac112dda558f6143b9b3b,40
pytorch_cheatsheet_v2.pdf,0.4,unclassified,unclassified,False,pytorch_cheatsheet_v2,,,0,hash_dup_379,possible_duplicate,4d54e8a0fbc6bbe8bcbd12da3274ecafe9d614a07c9ac112dda558f6143b9b3b,40
pytorch_notebook_guide.pdf,0.5,deep_learning,low,False,pytorch_notebook_guide,Brandon Behring,,10,,,1bb4c2325f3bbd12e968f061ac93c2f8bc31256b532582c66e94a5b0beeb77f8,92
qfiirm-fall-2023-solutions.pdf,0.4,unclassified,unclassified,False,qfiirm-fall-2023-solutions,Society of Actuaries,2023,15,,,042b020983c7274a6bc2844cb367fd757a7953ea77e7a45f876e945f5c6b983b,35
qrgtriggerpointtreatment.pdf,0.2,unclassified,unclassified,False,qrgtriggerpointtreatment,,,0,,,65daf03e33aeece6561988d00b4d9eec45c8b9d095c87c5f316f04046ec1e212,1
quality_safety_llm_apps_guide.pdf,0.4,unclassified,unclassified,False,quality_safety_llm_apps_guide,Brandon Behring,,10,,,1ece38a83478dde466b69549e635e13e38ca8bcddd06c54b9561c415f2222bdd,69
quantnet_online_c-_course-pdf.3736.pdf,0.1,unclassified,unclassified,False,The C++ Environment,Daniel J. Duffy,,10,,,8db7b731749fc8d6f53e430fe1a8f1c1cbb7c5e4aae0f8e874f001473f6ba7cc,9
quiz10.pdf,0.3,unclassified,unclassified,False,quiz10,,,0,,,eb6bdedbf57331d848fa284d962ad12c677bf6b1ecb484bc72b552d3f7281c56,1
quiz9.pdf,0.7,unclassified,unclassified,False,quiz9,,,0,,,017d6d6842d78a8e6334fdad8035ca112e94a4b0fc8b2742e968638191c9e47f,1
ragas_docs_guide.pdf,0.5,unclassified,unclassified,False,ragas_docs_guide,Brandon Behring,,10,,,5b773893fcf88a776f6ad6a9269bcd61c341c839c34192c26f36f9d6d5ebc07f,75
ranalysis.pdf,0.4,unclassified,unclassified,False,ranalysis,,,0,,,ab093a9de334ce55c1f71c86dccb6171bd8f724d6f73f7332193075559e87bb8,50
random_variables.pdf,0.2,probability_theory,low,False,random_variables,MMobley,,10,,,9128675e4b52407f8774bd1e7832708202ac1f4a45cddda6d95ae99ade4a5a44,5
readl.pdf,0.1,unclassified,unclassified,False,readl,,,0,,,0969d10457bb29909674b5f14fed8744c082a0d439f4026d2e4a57824efe6ad7,1
real-analysis-04nov2011.pdf,0.8,unclassified,unclassified,False,real-analysis-04nov2011,,,0,,,04f6ae6ad22e9827f1bb264f54753262689442346a3893f6d15ad4b7665dc89b,206
real1.pdf,0.2,unclassified,unclassified,False,real1,,,0,,,e367a31c269aeb927b9a0b43a67f4d4d916df9efdc9a42895ea56fe9ee1d6412,32
real_data.pdf,0.1,unclassified,unclassified,False,real_data,,,0,,,b269fc5bbbf9cddf65cdb69eb4ecc603b5b5d4dc875aabf812014c4ffc2a2947,1
recommenders_guide_digital.pdf,0.9,data_science,low,False,recommenders_guide_digital,Brandon Behring,,5,hash_dup_380,possible_duplicate,4e183335c32aef34cb2a25f67dd42e0313df9bdebb0856fa1a296ecd0e7885cb,215
red_teaming_llm_apps_guide.pdf,0.4,unclassified,unclassified,False,red_teaming_llm_apps_guide,Brandon Behring,,10,,,96566daaf19d20fe01fa16e2ce8a74de1b7bc45870a350deb6730c8d8ce9d3d8,69
regex.pdf,0.4,unclassified,unclassified,False,Four Column layout  Cheat Sheet,Kopacka Ian,,10,,,fbb02d48f08845dc59c742d5072962a7fa726398239c210a03855a69e0ff392b,1
registered-index-linked-annuities.pdf,0.7,unclassified,unclassified,False,registered-index-linked-annuities,Nicholas Carbo; David Elliot; Reilly McGarr,,10,,,3c1cc9088fd4048fa7adc7e2821af274ce123a324a37fd32300c67a09fea875b,19
res1.pdf,0.3,unclassified,unclassified,False,res1,,,0,,,0837a63761c4a831731bf713253f14ff6580ed46f5a2cc245c023673d1b3d7f5,49
research-premium-persist-assump-report.pdf,1.0,unclassified,unclassified,False,research-premium-persist-assump-report,Society of Actuaries,,10,,,0b2c20da526a24888474573d5199daed72fce35634cee0ec429121fe071bd9f3,88
response_to_reviewers.pdf,0.3,unclassified,unclassified,False,response_to_reviewers,,,0,,,4c8a59a6c2a2b326a89df43742891efefd2756e0d8f2775f708a8b8d46fcc15b,12
results-2.pdf,0.1,unclassified,unclassified,False,CFA Program Exam Results,CFA Institute,,10,fuzzy_dup_458,possible_duplicate,fbeb14e68656ad3a2ca1965c99cb342686cf874037014be1654691a1b2ffef5e,2
results.pdf,0.1,unclassified,unclassified,False,CFA Program Exam Results,CFA Institute,,0,fuzzy_dup_458,possible_duplicate,d34442694405a3de7df9d7c6a2df62abaf2b2a15861271db9c18bde37fcce626,2
risk_and_insurance.pdf,0.1,unclassified,unclassified,False,risk_and_insurance,Judy Anderson,,10,,,933f644f5c6116c53a90c076d9f26e40295b81343161af1fcd6e63bdc2cfc3ec,8
rmt.pdf,0.1,unclassified,unclassified,False,rmt,,,0,,,bbfbca253b48f665bba57c670031a07c7ff8432d64b40cadeb43f58001860d2b,3
rnoti-p1457.pdf,0.7,unclassified,unclassified,False,rnoti-p1457,,,0,,,cd6bbc62dc32c42b5a3b8443225e162e7ec147ff67c1d8c172fd322a760ef538,11
roc_hp.pdf,0.4,data_science,low,False,ROC Graphs:  Notes and Practical Considerations for Data Mining Researchers,Fawcett,,10,,,4e4dd6c65ab73684db7301f8f8f96bea2db1e9814a9d8de8c1fc7941447bb53d,28
rspa.2007.0209-2.pdf,0.3,mathematics,low,False,rspa.2007.0209-2,,2007,5,hash_dup_381,possible_duplicate,3de6b234b830d275f465e1d3e686fd5aa6e15959e25fa309554a1f51c0c67258,17
rspa.2007.0209.pdf,0.3,mathematics,low,False,rspa.2007.0209,,2007,0,hash_dup_381,possible_duplicate,3de6b234b830d275f465e1d3e686fd5aa6e15959e25fa309554a1f51c0c67258,17
rspa.2010.0453.pdf,0.6,dynamical_systems,low,False,rspa.2010.0453,,2010,5,hash_dup_382,possible_duplicate,4878d3edb17a4dd9f0e97ccce2076970e31f427e935ca7bdbab0e7730a214f15,22
rspa.2016.0271-2.pdf,0.9,dynamical_systems,low,False,rspa.2016.0271-2,,2016,5,hash_dup_383,possible_duplicate,3d49644f87b87d969c5d68cf95860233f58dd5713474801b93112e5116b8bf25,24
rspa.2016.0271.pdf,0.9,dynamical_systems,low,False,rspa.2016.0271,,2016,0,hash_dup_383,possible_duplicate,3d49644f87b87d969c5d68cf95860233f58dd5713474801b93112e5116b8bf25,24
rspa20070209.pdf,0.3,mathematics,low,False,rspa20070209,,,0,,,8ca81cb18e15690e3a7e4c92c88e0600e2dda8941d917f07a73428cdb41284e3,17
rspa20100453.pdf,0.6,dynamical_systems,low,False,rspa20100453,,,0,hash_dup_382,possible_duplicate,4878d3edb17a4dd9f0e97ccce2076970e31f427e935ca7bdbab0e7730a214f15,22
rspa20160271.pdf,0.9,dynamical_systems,low,False,rspa20160271,,,0,hash_dup_383,possible_duplicate,3d49644f87b87d969c5d68cf95860233f58dd5713474801b93112e5116b8bf25,24
rsta.2015.0202.pdf,0.7,unclassified,unclassified,False,rsta.2015.0202,,2015,5,fuzzy_dup_459,possible_duplicate,7779d7f6a610047035565c6f35491558180ee78a73ff11b603bf135c66a83adc,16
rsta20150202.pdf,0.7,unclassified,unclassified,False,rsta20150202,,,0,fuzzy_dup_459,possible_duplicate,62c9ee69d8acd467a9b07d03ed089a85c912e4bca96701eaa44d9076eb430c97,16
rstb.2007.2082.pdf,1.0,unclassified,unclassified,False,rstb.2007.2082,,2007,5,,,f4b5ae2f86690585ee00d74c780c6eff6b1553355e8e434737c4efa5d479550d,21
rudins solution manual table contents.pdf,0.1,unclassified,unclassified,False,rudins solution manual table contents,,,15,,,d0230145d6d720ed8a1ab491dd548f2bee76590893d75122cdc59c093fbdde7d,1
s44192-023-00035-4.pdf,0.8,unclassified,unclassified,False,s44192-023-00035-4,R. Bhagar,,30,,,19fb7bec48d2ddc5994141f113203411856221681c2e0262c904e6570a55386a,11
s9627.pdf,0.8,unclassified,unclassified,False,s9627,,,0,,,caa49b8ef97870a60f8a4142fd74c457c47c4f33e6d651720a272f8f031157e5,46
sample-book 2.pdf,0.3,unclassified,unclassified,False,sample-book 2,The Tufte-LaTeX Developers,,10,,,c2f3d86ee9e8532474f1cfb38804aa282a3351e889fff6047c737b0ffbc71b78,42
sample-handout 2.pdf,0.1,unclassified,unclassified,False,sample-handout 2,The Tufte-LaTeX Developers,,10,,,458e6a4b51802b7dd4aa6221c1b2cb1bb38f42458b9bd782ff52e93a7a37a385,5
sample.pdf,0.1,unclassified,unclassified,False,sample,Daniel J Barrett,,10,,,f421dc2e4ebc98f568af7a97e5ebcc0b8eb747f55dcb4b701b150ba7575c73e7,1
schematic-eps-converted-to 2.pdf,0.1,unclassified,unclassified,False,./schematic.eps,,,0,,,710ec91cc1ec3ec354a7e4c4a4ff2ca248553d5dd672d82e7c42a1e5c8dd32eb,1
schoolOpening 2.pdf,0.3,unclassified,unclassified,False,schoolOpening 2,,,0,,,fc738c43f84b61b582b30ff3f1cfd6311e51393ebe9717cebdb5e04a54dec86a,1
sci_reprint.pdf,0.6,unclassified,unclassified,False,sci_reprint,,,0,,,c0719f540456f5f897c7f939c35019314884310b88b06052dac0a031ce1fb950,5
scikitlearn.pdf,0.1,unclassified,unclassified,False,scikitlearn,,,0,,,52ceb82b7f6a1163d7e8c035207be829f486f83a600645b61745d46ec488c85a,1
scott_walker.pdf,0.2,unclassified,unclassified,False,scott_walker,,,0,,,87199de827472ab7b5ef4700d026be08151dd141f12a032dd5340e5f5e69db53,14
section1sum.pdf,0.2,unclassified,unclassified,False,section1sum,,,0,,,07522b09f0a9b5dd953aa416b4ff044340d85413232c8f702504a9cd99e72823,14
section2sum.pdf,0.2,unclassified,unclassified,False,section2sum,,,0,,,3e415fefcfcb84b956c3374218f03b7310f8adc361d44318e596cae0a5d6f945,20
section3sum.pdf,0.2,unclassified,unclassified,False,section3sum,,,0,,,9a1befd79807140a2399ddb399786d2a0d13acebd102c3d74358315e49156584,23
section4sum.pdf,0.2,unclassified,unclassified,False,section4sum,,,0,,,5f095c039833e3abf076d6fa3776dea6d610c2aea1022b0fc96622fe774fa997,21
sensitivity-analysis-of-the-effects-of-non-pharmaceutical-interventions-on-covid-19-in-europe.pdf,0.5,unclassified,unclassified,False,sensitivity-analysis-of-the-effects-of-non-pharmaceutical-interventions-on-covid-19-in-europe,,,0,,,8e7b70ab1aca4fec3454f8f91333d00e622d1da7b5e25d6b5502b8f70e7f7554,11
sensitivity_models.pdf,0.2,mathematics,low,False,sensitivity_models,SOA,,10,,,c8ae276893fabf6cb57128032324bba828e843e4d2a287ae4e0037e920b6d02a,2
shap_opt_1d.pdf,0.1,unclassified,unclassified,False,shap_opt_1d,,,0,,,aef18cfe4e4b79f2232d482fe3159d843c6fd7c45244fe72f79f50874b592e73,1
shewchuk.pdf,0.5,unclassified,unclassified,False,shewchuk,,,0,,,368110e5592d0d3e0b62884bcfffae00eb4a1ca9f850961ca1b594c3a32313e0,64
sinum_begona.pdf,0.4,dynamical_systems,medium,False,sinum_begona,Cano; Sanz-Serna,,10,,,48d55850906789a204dd71dc3aca8aaea1a636b22e12e5f7cf06e80b40b39010,27
sitnikov-sub 1.pdf,0.2,unclassified,unclassified,False,sitnikov-sub 1,,,0,,,5662c31e59b97788faaffa749072c7d7b5aad9f8b5098811ea5effccdac46e20,17
sitnikov-sub.pdf,0.2,unclassified,unclassified,False,sitnikov-sub,,,0,,,dddb98b50e8451d952ba8ffc2ed4fb51dfb78ec83c6a71180b5eee79d64f4fb1,17
size-guide_US.pdf,0.2,unclassified,unclassified,False,size-guide_US,,,0,,,327aa9738074f28baa0846d5b0313b70939c0977788121263e5f415c7b029c4c,1
slick_oil_company.pdf,0.1,unclassified,unclassified,False,slick_oil_company,MMobley,,10,,,3d9302d4a704cb1915f287276b1fc978f54359925a0c9c404a27f37cfc0dd0d7,3
soa.org-Actuarial Guideline XLIX AG49 Past Present and Future.pdf,0.3,actuarial_insurance,low,False,soa.org-Actuarial Guideline XLIX AG49 Past Present and Future,,,0,,,d2f81a5568553d732f875dad83fe7f366d6f1e6b3756de154de583c36e5a4dde,5
soa.org-What if Mortality Stops Improving Introducing a Product Idea that Shares the Risks and Benefits of Ch.pdf,0.3,unclassified,unclassified,False,soa.org-What if Mortality Stops Improving Introducing a Product Idea that Shares the Risks and Benefits of Ch,,,0,,,9dd03facb3fea23656ac7b6e49d4f4d56f3623fa20539eadbebbb82896f3931d,12
solitary-waves-in-mass-in-mass-lattices.pdf,0.9,unclassified,unclassified,False,solitary-waves-in-mass-in-mass-lattices,,,20,,,09a9f40b0798ca86f354fecb154bb92b5913bf1de4709f5ce7bb789ed96506d6,21
solns-public.pdf,0.5,unclassified,unclassified,False,solns-public,,,0,,,3ec3b6dde3c0ea5896a413062d49956c2ddb737a8ec97027f2a3434dadf87f7c,45
solution for torus surface area.pdf,0.8,unclassified,unclassified,False,solution for torus surface area,,,0,,,0cc72bec6996ca33027ca4e4c493488ae11c21c8b5e35a055a61b7bf15fddf75,2
solutions 1.pdf,0.4,unclassified,unclassified,False,solutions 1,,,0,,,7ff664700da4c7f1544a991b6eb572d15a06b108d2387cbc16c57d38d6b08827,83
solutions1.pdf,0.2,unclassified,unclassified,False,solutions1,,,0,,,d17db056b4ca1bee629db09d618a7d2970969d210a2f6ce800699fedd83f2ac5,5
solutions2.pdf,0.2,unclassified,unclassified,False,solutions2,,,0,,,ae2711b39bf0298c6128c01edc80203e3763adbc1e8d51cf7221b03130597a85,5
solutions3.pdf,0.2,unclassified,unclassified,False,solutions3,,,0,,,1b2c535b9a49daa307b2d02813f675f384ff68c770d9ecff1fde3e360517ccf6,8
solutions4.pdf,0.2,unclassified,unclassified,False,solutions4,,,0,,,d44b3fc43c7a82f2d0b4ed1e5c3f34bbfc581b80623fb7c359f9a97981c9a5ba,4
solutions_final.pdf,0.2,unclassified,unclassified,False,solutions_final,,,0,,,86fdd23c292fa813cdc12316c06e8cfd481622e0513d22fe23128966d87e8176,7
solved04.pdf,0.1,unclassified,unclassified,False,solved04,,,0,,,9afd855215d009b1611e3fb26e040b802a3e5bb2b73ac721c9e9dcc1d59d82e1,5
source.pdf,0.8,unclassified,unclassified,False,source,,,0,,,2c25dfebad84acf29e562ae92802809505ced9afb974ee77d9ebd7b05bfe535c,184
spectrum.pdf,0.8,unclassified,unclassified,False,spectrum,,,0,,,de7d6a101d6d245ef1fd486248493d07c6b898a5086e3a2d4ab2d57cc40bd199,7
speed_drills_guide_digital.pdf,0.5,interview_prep,low,False,Vol: Speed Drills,Brandon Behring,,10,,,5fcb0c04d99eff4dbe7a10bd452fbd7fcaa2a76a0a14dbf767d36f2cf6163f1a,75
speed_drills_guide_digital_2.pdf,0.8,data_science,low,False,Vol: Speed Drills,Brandon Behring,,0,hash_dup_384,possible_duplicate,09a0c2cc14bc588569a87ad59d24e23160eee7517084c68d94725ad685d2ecef,141
spring-2024-astam-exam.pdf,0.2,unclassified,unclassified,False,spring-2024-astam-exam,Society of Actuaries,2024,15,,,e41c30b8ef94a58adba9510cdeb6875db0e3a2abdb3491df90b0eab848421fdf,10
spring-2024-astam-solutions.pdf,0.3,actuarial_insurance,low,False,spring-2024-astam-solutions,Society of Actuaries,2024,15,,,4f33d5c7e1aa38fd23684a24eb5e1c6535973fa01492638db9ecc94b87ace259,18
spring-2024-erm-exam.pdf,0.2,unclassified,unclassified,False,spring-2024-erm-exam,Society of Actuaries,2024,15,,,bebcc6c07486721e13f437a28b258391bdeb7ca0061d993bbd4eafcfb66d9b0b,15
spring-2024-erm-solutions.pdf,0.2,finance,low,False,spring-2024-erm-solutions,Society of Actuaries,2024,15,,,f879e5df33b91dd44ba10e9ea20d13f9cc26601584a7c375f75366f6db2db1fd,23
spring-2024-qfiirm-exam.pdf,0.3,unclassified,unclassified,False,spring-2024-qfiirm-exam,Society of Actuaries,2024,15,,,d4be045db05eb84cf3aa374ecff48f7c6d2504cdc750cead8a1533e01cea12b4,22
spring-2024-qfiirm-solutions.pdf,0.3,finance,medium,False,spring-2024-qfiirm-solutions,Society of Actuaries,2024,15,,,f12f04f0e761437b7ce5137ce31e87d328fe875b8f2a34ce2fa2b1bb9a2bdd14,34
sql-cheat-sheet.pdf,0.2,sql,low,False,sql-cheat-sheet,,,0,,,eceaa1d18e3d82dfe031ec1eb78d4c12b852e65486f5eddd33f7f6fec97de86e,1
sql_leetcode_guide_2025_print.pdf,0.9,data_science,low,False,sql_leetcode_guide_2025_print,Brandon Behring,,25,,,90d1e58ffa95492b05e47f6bef75e503751932a9a18fd05f6b0bd21b6d7f0738,237
ss-3.pdf,0.5,unclassified,unclassified,False,ss-3,,,0,,,7503ed1718d1a3843e5fadb758700b5b81350c245ffd1accf38a857febbb8bd2,27
ssrn-4771121.pdf,0.7,unclassified,unclassified,False,ssrn-4771121,Your Name,,10,,,805853c40d8fa0998a6802ebe0095e38533bfc6132b4ff5e8395513b0d7ab349,69
standards.pdf,0.2,unclassified,unclassified,False,standards,,,0,,,6974a4d55bf1b758bd219c02ae3b0600f41a314dd0bda267b5ef348296a99a64,5
stat_think_1A.pdf,1.0,unclassified,unclassified,False,stat_think_1A,,,0,,,50eecd84ac9b5646019c75f155848329469dd3afd6c52a786ded978779494c7e,41
stochastic-calculus-solutions.pdf,0.3,mathematics,low,False,stochastic-calculus-solutions,,,0,,,71052f1d4c13d5624961cea27eb907f10fdf42d7e04389622967f7c99bcb42fa,47
story_from_the_field.pdf,0.1,unclassified,unclassified,False,story_from_the_field,See Vang,,10,,,24556e5c14f9c8bd008dac6e7dd4d1b8a1dbaf61ea1a3363c88fdec8bf3591be,2
structured-settlements.pdf,0.2,unclassified,unclassified,False,structured-settlements,Joel Sklar,,10,,,d2466175a76e982e7b7e38fede59cb2a353a0a46689aaff9fd81a8a4ed567d51,11
structured_llm_output_guide.pdf,0.3,unclassified,unclassified,False,structured_llm_output_guide,Brandon Behring,,10,,,c130429228ed2c89cb65aad3d603f59c4515df80dcbeb4cff3ce435a7a3d1f94,41
structured_llm_output_notebook_guide.pdf,0.4,unclassified,unclassified,False,structured_llm_output_notebook_guide,Brandon Behring,,10,,,d2cf51b10ada8df71e3b557cf29a5523ab74b05f79733601ef1a85718d539fee,61
structured_llm_output_notebook_guide_digital.pdf,0.4,unclassified,unclassified,False,structured_llm_output_notebook_guide_digital,Brandon Behring,,10,,,38dee083bca32bbf8d76d1249326998bdaeb4026b5be853cfd136d0d98b4630b,66
study-guide-frm24.pdf,0.8,unclassified,unclassified,False,study-guide-frm24,,,0,,,7585d5cb38c892376587d84072402341305ca735f55afe339360e2128a648ccd,30
study.cfainstitute.org-Full Length Mock Exams  CFA Institute-fpscreenshot.pdf,0.3,unclassified,unclassified,False,study.cfainstitute.org-Full Length Mock Exams CFA Institute-fpscreenshot,,,20,,,d5c91495f836bf7cba97bd5bc77cfdb769f009dcfc74124bfafea91dec2bec4b,1
study_plan_20250707_2332.pdf,0.1,unclassified,unclassified,False,study_plan_20250707_2332,CFA Program Dashboard,,10,,,8ddda75737477f073720077625cf294d8eef2110e42cf53cacb64bfa841a38af,7
styleguide-pr.pdf,0.4,unclassified,unclassified,False,styleguide-pr,,,0,,,c58b9a3183ddf30b9e19510171f5a049b470c60cf4801273f1801761184d94d3,28
subgrad.pdf.pdf,0.1,unclassified,unclassified,False,subgrad.pdf,,,0,,,d152f6231120c40dd53104445de3d204d12de31b06c39e26b47d3c2430d62809,28
subgradients_notes.pdf,0.1,unclassified,unclassified,False,subgradients_notes,,,0,,,19a326c5a72b9525d6adf89fb9a5389c4372c27431d487cadaa3679139801764,11
surano2019.pdf,1.0,unclassified,unclassified,False,surano2019,Francesco Vincenzo Surano,,10,,,2c2afecf67f7f80dc84e7139686a59d34ab38be7a8db17a62184d327e32d2b2b,11
table-development.pdf,1.0,unclassified,unclassified,False,table-development,SOA,,10,,,ec165b94b437b9433a2bf06935d8b5af58de1f21a5dd7391fbea022cc72a62e2,69
takeout.pdf,0.1,unclassified,unclassified,False,takeout,,,0,,,6aeea32fa5e543fe39dc7e34f6162fde07b1f9c9bdd7bd4620ff74244e830bef,2
tax_and_interest_statement.pdf,0.1,unclassified,unclassified,False,tax_and_interest_statement,Brandon Behring,,10,,,56b1af4c6856b30720a8fe1cb231ed875b33ae90fefefa3b08870c3a461cf4d4,3
tensoflorw_certf.pdf,0.3,unclassified,unclassified,False,tensoflorw_certf,,,0,,,9ee6a37359124ef899f81dd50348ced9bc23511b57355ed97c3852e6cbd6dccf,1
term_life_insurance_case_study_pt1.pdf,0.8,unclassified,unclassified,False,term_life_insurance_case_study_pt1,SOA,,10,,,6496d841638247a29da15d4de0ad70e31afcf84363242957e73a7d2c4b093618,3
test.pdf,0.1,unclassified,unclassified,False,test,,,0,,,1361e13802f6ef257a152eaffd329f0f53853c9ab624a6b4d0e09539afda61ac,1
the geometry of physics problems.pdf,0.4,unclassified,unclassified,False,the geometry of physics problems,,,0,,,5585b2af9a5c3ba18742f6e877e89f3f8abffa31719bf097b09d2504a45d4703,18
thesis format 1.pdf,0.1,unclassified,unclassified,False,thesis format 1,,,0,,,b7cd89fd21ebfc239b79e523217e7144b4e3e66878348459418fbd56eaedbd91,20
thesis.pdf,0.1,unclassified,unclassified,False,thesis,,,0,,,d426a02e672c18faf801628bab8dbe60d2d3a886744917b837caa9ba77ec8f30,17
three_to_one-eps-converted-to 7.pdf,0.6,dynamical_systems,low,False,three_to_one-eps-converted-to 7,,,0,,,e3e693a68df11efc287b5e3ed8b172eb724a274d09fa33576f60f4ac0b487c1c,1
three_vortex_huh 2.pdf,0.2,dynamical_systems,low,False,three_vortex_huh 2,,,0,,,fa704c615a6aa0a43c222a8e9d470b09a3ad6e15fb1e57c60de7ceaaf3bea76a,1
three_vortex_phase_plane.pdf,0.1,dynamical_systems,low,False,three_vortex_phase_plane,,,0,,,c3b3c7c6bd10e41e80ac76d4cfd921095236bdb1f2ca321450ee233717e41f9e,1
threekeys.pdf,0.8,unclassified,unclassified,False,threekeys,Lechner; Associates,,10,,,da2e2663999919a690febc28d1b03309dd01a29044614fdb3ed2b478373cbb90,4
tice last name origin - Google Search.pdf,0.1,unclassified,unclassified,False,tice last name origin - Google Search,,,0,,,4eb71be4c4960a356da04a0d6510004e1ec7c0a378f1b44f3aa73b79be60a6aa,1
tikz-network.pdf,0.6,unclassified,unclassified,False,tikz-network,Jürgen Hackl,,10,,,d3d41b0d3dc4708e3279110baaa189a3143f4c175b0ff74be63e5b49a24d2224,56
timeIntegrals 3.pdf,0.2,unclassified,unclassified,False,timeIntegrals 3,,,0,,,070bbfcec07d2eb7b59c4d8a44eddd5b15311d1b85734f2e1064590f1e8abd47,1
timeIntegrals60.pdf,0.2,unclassified,unclassified,False,timeIntegrals60,,,0,,,d4d032172c0694391ea6acec09b3d39608208c6cab981d17fa0e801b1dba4625,1
time_series_guide_digital.pdf,0.9,time_series,medium,False,time_series_guide_digital,Brandon Behring,,0,hash_dup_387,possible_duplicate,1b706f78dceb136551c16365341b256f4f6235905863f0fb110c3fea3c003d66,182
time_value.pdf,0.2,unclassified,unclassified,False,time_value,MMobley,,10,,,f5ba3255411ca6d57f211435002a76ba569f5864c04786ff8fe39ef61904e302,5
topic2.pdf,0.3,unclassified,unclassified,False,topic2_2.dvi,,,0,,,bfcd6ac8ae787bb2506d0e8d516b91989b68cc7f1b8c8e6c103a579664349e34,28
trace 3.pdf,0.1,unclassified,unclassified,False,trace 3,,,0,,,b8dff7338a69e75dd31dc9119ea7d86f58787296cb3050321b804dc6a2bd827a,1
transformers_in_action_notebook_guide.pdf,0.6,deep_learning,low,False,transformers_in_action_notebook_guide,Brandon Behring,,10,,,127cb488ef70421da03aa020fa89deae3ae568c61d5abe92041aa1498732e28d,88
transformers_in_action_notebook_guide_digital.pdf,0.6,deep_learning,low,False,transformers_in_action_notebook_guide_digital,Brandon Behring,,10,,,432edc88d3233882750065961831cdd263f5bb5f611536bd006cef82f1f1857f,94
treatment 2.pdf,0.5,unclassified,unclassified,False,treatment 2,,,0,,,45ba6a8e39d5a3191a763203dbe1d04fbfebf26af5d444f7975d9eea282a1021,1
two.pdf,0.1,unclassified,unclassified,False,two,,,0,,,86402b918485622a8a3bffb70e6f008edbb66c112e5d54724946cbc43016febd,10
two_to_one-eps-converted-to 2.pdf,0.5,dynamical_systems,low,False,two_to_one-eps-converted-to 2,,,0,,,7cbc18c0f979019a8f1265c25f7e3504460585602181577f4468a75346acc517,1
typical_walk_dis25874 2.pdf,0.2,unclassified,unclassified,False,typical_walk_dis25874 2,,,0,,,a9200a46aede655ab8b4e043f298b9632b21b651a5e4a5d6e9e0afec3ad99039,1
typicaldis 2.pdf,0.4,unclassified,unclassified,False,typicaldis 2,,,0,,,d5fe0cc042a2db62ebd2c8519821291fb16956d927d17d6d3d11a237e1046e4d,1
typicaldis.pdf,0.3,unclassified,unclassified,False,typicaldis,,,0,,,71a06c886098169aa68e751f959b6cd2eadbb12e1829354571067d12564c629d,1
typicalwalk 2.pdf,0.2,unclassified,unclassified,False,typicalwalk 2,,,0,,,697df6d947e579f054e90de0a2ac3d6f93663d187c779a8eef975bfbb10ecea8,1
typicalwalk19566.pdf,0.1,unclassified,unclassified,False,typicalwalk19566,,,0,,,4888d4d7bf7b1d34f5d59a0dc33c752320c79cb2c55b0f95a38c7d8d27933a45,1
typicalwalk21759 2.pdf,0.3,unclassified,unclassified,False,typicalwalk21759 2,,,0,,,e6a1cb1a971b9a418b35da45f30932f1b585c46e0e7d99a941a2f058e9a85172,1
ugYJHJHREei8YA7p9DFkZg_ba20bc2091d111e8ab7357cd2948b1d4_Practice-Quiz-3-Solution-Guide.pdf,0.3,unclassified,unclassified,False,ugYJHJHREei8YA7p9DFkZg_ba20bc2091d111e8ab7357cd2948b1d4_Practice-Quiz-3-Solution-Guide,,,0,,,b80d840e879ad830f21c9cb5a7257c855e215590dcd921b863a092f650668d78,4
universal-epidemic-curve-for-covid-19-and-its-usage-for-forecasting.pdf,0.5,time_series,low,False,universal-epidemic-curve-for-covid-19-and-its-usage-for-forecasting,,,0,,,0ce0f414f768c44fc7112994e7af515e22bb3e336d6417192de4df681f2e512a,7
userGuide.pdf,0.4,unclassified,unclassified,False,userGuide,,,0,,,6f55783f5b3a7abe9fe204d0278fdf54387e279d09835926630d81c0b4092e67,24
vacStudy 2.pdf,0.2,unclassified,unclassified,False,vacStudy 2,,,0,,,bf61b2a624458ad988c09855378bd1788cd89048d01fd7a5077f9bd0f5d2c645,1
validate_2.pdf,0.9,unclassified,unclassified,False,validate_2,,,0,,,f9c7cffb96928110fe9559183e839b1789f11720837757fec855e10da1401609,38
validation 2.pdf,0.6,unclassified,unclassified,False,validation 2,,,0,,,d6ff8544525494516a2a63ee6250f20b08cfd1bb123b2c6ca077794de9e6dc1c,1
van Wijk K. Answers to selected problems from Jackson's Classical electrodynamics.pdf,0.3,physics,low,False,van Wijk K. Answers to selected problems from Jackson's Classical electrodynamics,,,15,,,047f52c75922601362ed1aed811660706922af3055ec1f07812711f40d2afb39,61
vi_vim_cheat_sheet.pdf,0.1,unclassified,unclassified,False,vi_vim_cheat_sheet,Nicolas Brousse,,10,,,45bc9fa220e70a4f0251a5a58f02366d681ee6ff5abde7d28bcf18c7c8f5e7eb,1
victor.pdf,0.2,unclassified,unclassified,False,victor,,,0,,,3f22b834388903a96442a56f3a96da403b88221304ab9132fc8850066de27a34,48
vol00_vol0_quick_reference_guide_digital.pdf,0.9,interview_prep,low,False,vol00_vol0_quick_reference_guide_digital,Brandon Behring,,10,,,5066a1c74c6af6efe15d55ec76df987f4cf034f30890fcd098141c521c63a450,282
vol00_vol0_quick_reference_guide_digital_2.pdf,0.9,data_science,low,False,vol00_vol0_quick_reference_guide_digital_2,Brandon Behring,,10,hash_dup_389,possible_duplicate,a22cbbc4eae87025ab406514eadbd0e639ab52d07493adefe430b8450214e4ef,228
vol0_quick_reference_guide_digital.pdf,0.9,data_science,low,False,vol0_quick_reference_guide_digital,Brandon Behring,,0,hash_dup_389,possible_duplicate,a22cbbc4eae87025ab406514eadbd0e639ab52d07493adefe430b8450214e4ef,228
vol12_ds_system_design_guide_digital.pdf,0.4,data_science,low,False,Guide Title,Author,,10,,,08897c452dfd79e11bf5785eaff8f1c70883baebfaff87ebc750f94087bcafe0,101
vol12_ds_system_design_guide_digital_2.pdf,0.5,interview_prep,medium,False,Vol 12: DS System Design,Brandon Behring,,10,hash_dup_366,possible_duplicate,dc3ef4c18ba11437390dea1eb5875cb01f5b4dbdfa1fe0ee230e0819dc11c517,99
vol13_time_series_guide_digital.pdf,0.8,time_series,medium,False,vol13_time_series_guide_digital,Brandon Behring,,10,,,da85b4e79c528c0745db998750b09a6a5b394dec67a935686c1a0f033b69c21a,172
vol13_time_series_guide_digital_2.pdf,0.9,time_series,medium,False,vol13_time_series_guide_digital_2,Brandon Behring,,10,hash_dup_387,possible_duplicate,1b706f78dceb136551c16365341b256f4f6235905863f0fb110c3fea3c003d66,182
vol15_recommenders_guide_digital.pdf,0.8,data_science,low,False,vol15_recommenders_guide_digital,Brandon Behring,,25,,,0d3a63f1406ba99c27376d5a627fc6b9a515e6875355cf7d59ad78294d0ed4fd,206
vol15_recommenders_guide_digital_2.pdf,0.9,data_science,low,False,vol15_recommenders_guide_digital_2,Brandon Behring,,25,hash_dup_380,possible_duplicate,4e183335c32aef34cb2a25f67dd42e0313df9bdebb0856fa1a296ecd0e7885cb,215
vol16_healthcare_risk_guide_digital.pdf,0.9,data_science,low,False,vol16_healthcare_risk_guide_digital,Brandon Behring,,15,,,9333018c256d2b47c9d2029a7a68496fb70841ac66e1f678fb88de505a4c593e,313
vol16_healthcare_risk_guide_digital_2.pdf,0.9,data_science,low,False,vol16_healthcare_risk_guide_digital_2,Brandon Behring,,10,hash_dup_371,possible_duplicate,301ed6b0972f6ba9aadf4c2872c53aca28bd6de396a76e78f04a68bb1920eedc,259
vol17_speed_drills_guide_digital 1.pdf,0.8,data_science,low,False,Vol: Speed Drills,Brandon Behring,,0,fuzzy_dup_460,possible_duplicate,711f0e165fb21f9cfcc08cee3ea1ed93918d2f5fa570b6bb19e2e664c33ffc76,141
vol17_speed_drills_guide_digital_2.pdf,0.8,data_science,low,False,Vol: Speed Drills,Brandon Behring,,10,hash_dup_384,possible_duplicate,09a0c2cc14bc588569a87ad59d24e23160eee7517084c68d94725ad685d2ecef,141
vol18_aws_genai_cert_guide_digital 1.pdf,0.9,data_science,low,False,vol18_aws_genai_cert_guide_digital 1,Brandon Behring,,10,hash_dup_390,possible_duplicate,e7ce6d5efce9771b97a2897b95b5a2f328a02d12513b749ad74747c05f94b11e,236
vol18_aws_genai_cert_guide_digital.pdf,0.9,data_science,low,False,vol18_aws_genai_cert_guide_digital,Brandon Behring,,10,,,bdbacd03b4ce120d96bcf06fc5516160d6caa39c53eaea882d97c5e8d54a73fb,234
vol18_aws_genai_cert_guide_digital_2.pdf,0.9,data_science,low,False,vol18_aws_genai_cert_guide_digital_2,Brandon Behring,,0,hash_dup_390,possible_duplicate,e7ce6d5efce9771b97a2897b95b5a2f328a02d12513b749ad74747c05f94b11e,236
vol18_aws_genai_cert_guide_digital_3.pdf,0.7,data_science,low,False,vol18_aws_genai_cert_guide_digital_3,Brandon Behring,,10,,,6a978cb047fb492fc074ae0e9220dba1cdcca5afea1c1b72dc13a307a871ac07,191
vol18_aws_genai_cert_guide_digital_4.pdf,0.9,data_science,low,False,vol18_aws_genai_cert_guide_digital_4,Brandon Behring,,10,hash_dup_362,possible_duplicate,c4a6d0ebf2d372ba15a3c9fec6c15a4702c24d16bcd1eaa4edb8d93658cd84ad,244
vol19_aws_ai_practitioner_guide_digital.pdf,0.5,data_science,low,False,vol19_aws_ai_practitioner_guide_digital,Brandon Behring,,10,hash_dup_360,possible_duplicate,1e3cbce09b80d06997a81c33588f0e4f6672f49c7a5c49c81a890197507a061a,132
vol20_aws_data_engineer_guide_digital.pdf,0.9,data_science,low,False,vol20_aws_data_engineer_guide_digital,Brandon Behring,,10,hash_dup_361,possible_duplicate,294084e65f31ea4308972a2a0376b0ca3c85db562bd14939663e0290e9c89b52,230
vol21_aws_ml_engineer_guide_digital.pdf,0.9,data_science,low,False,vol21_aws_ml_engineer_guide_digital,Brandon Behring,,10,hash_dup_363,possible_duplicate,1403828fc513c611a8983c3cc0f02c62c706e9d001e0674900e9f02580383ece,221
vol_prh_ml_scientist_guide_digital.pdf,0.5,data_science,low,False,vol_prh_ml_scientist_guide_digital,Brandon Behring,,10,,,bfd0e0368b15af110e0b62b81fabd7af4cc09aa0a93c3b43d9b9c6f394e7e0aa,94
vol_upstart_sr_ds_guide_digital 1.pdf,1.0,data_science,low,False,Vol: Upstart Senior DS,Brandon Behring,,0,fuzzy_dup_461,possible_duplicate,5a79bb5f66372006184040d54e59382c40f0138757b4a68094e954fff43eb711,174
vol_upstart_sr_ds_guide_digital.pdf,1.0,data_science,low,False,vol_upstart_sr_ds_guide_digital,Brandon Behring,,10,,,3ccaef8e7836fa4db31479f20e7fa20adbdaf098c853aeab12de9f78eb8de2a2,172
vol_upstart_sr_ds_guide_digital_2.pdf,0.7,data_science,low,False,Vol: Upstart Senior DS,Brandon Behring,,0,fuzzy_dup_461,possible_duplicate,3d65437d0ad0c17733f254100ae912bae896a58d681f7533e1d9c36d5afe87e4,127
volume2_google_ds_interview_workbook_FINAL.pdf,0.9,interview_prep,low,False,volume2_google_ds_interview_workbook_FINAL,Brandon Behring,,15,,,ba03b6f723b22b6e005cbfe7fbd4af93a91ab08c90b23d43c221770d8651d5b2,326
vortex.pdf,0.4,dynamical_systems,low,False,vortex,,,0,,,1984ea46d872b337b2fc221f6ec333ee117abe25da423e846e49f28bd4c96728,45
vortex_rings 3 2.pdf,0.3,dynamical_systems,low,False,vortex_rings 3 2,,,0,,,c08331416ec4efa3923cc8b435ab368ed5403079ed7f829350b5fab001611813,1
vortexmethodsliterature.pdf,0.7,dynamical_systems,low,False,vortexmethodsliterature,,,0,,,13ebaa257cf909c3350b7822cad48bce27a0b1081c5e7daef7c9957c4b9814be,115
w4.pdf,0.1,unclassified,unclassified,False,w4,,,0,,,64e1f22c1c396f3f1283aedf310723d622756999d3dc64d99a76219fee8aeb9b,5
walk_about 15.pdf,0.4,unclassified,unclassified,False,walk_about 15,,,0,,,1528caaa3e9d21f81402016ca3dc7729966cd5190fd14a8dc267ecfbc0e3f1b7,1
walk_about_comparasion-eps-converted-to 3.pdf,0.8,dynamical_systems,low,False,walk_about_comparasion-eps-converted-to 3,,,0,,,3b3c39b5e02c3fa04f2247da52913a27c899c6855e27a355523835e184258994,1
walk_braid 10.pdf,0.4,unclassified,unclassified,False,walk_braid 10,,,0,,,dfb73f7c8351c831048bda278419ee7159c65bf57377648d8172a9af785aa0b5,1
walk_dis 18.pdf,0.3,unclassified,unclassified,False,walk_dis 18,,,0,,,cb5a046f2fe385ecd00a4bab22ea028f4ebe72c5307d25b1f33bde411e34f80a,1
walk_dis 19.pdf,0.2,unclassified,unclassified,False,walk_dis 19,,,0,,,43cc7c560604681d4885db9be581e34bf87e8d8bcd353e1606c601d09e0a5d6b,1
week1_basic_data_structures.pdf,0.2,unclassified,unclassified,False,week1_basic_data_structures,,,0,,,d839d8bf5f6afdc3ce7dd32b88bcf54abce4db3fa0ca007b20c8d163aeecb526,18
week1_programming_challenges.pdf,0.6,unclassified,unclassified,False,week1_programming_challenges,,,0,,,66a5b3674c211da2acd873f692a96e05612caf2522245189e02e38089e1925d8,30
week2.pdf,0.4,unclassified,unclassified,False,week2.dvi,,,0,,,f4f15ff5124fb685870e13b36e54cbc4edc96744199b518ec12e1c5cf006f0fb,18
week2_algorithmic_warmup.pdf,0.3,unclassified,unclassified,False,week2_algorithmic_warmup,,,0,,,ace40f6321b3b1178e0f7c5616571d589a2cf268ce36fe28bdf04427c9410a77,14
week2_priority_queues_and_disjoint_sets.pdf,0.2,unclassified,unclassified,False,week2_priority_queues_and_disjoint_sets,,,0,,,5c12a8393d4afb0b3d75c7dde75e74698248a9bde77c93029e82d8e919f91924,11
week3_hash_tables.pdf,0.3,unclassified,unclassified,False,week3_hash_tables,,,0,,,488c03c3390bcbe5d3bd1a6a1154aec8a50689e2989248874c77382bf773a66f,19
week4_binary_search_trees.pdf,0.2,unclassified,unclassified,False,week4_binary_search_trees,,,0,,,3860f6dfa0d13a61e8d61b494e9cb62b60cae09665f05b4a54c117da81b6a314,22
week4_divide_and_conquer.pdf,0.5,unclassified,unclassified,False,week4_divide_and_conquer,,,0,,,f0247b7da457f3d3b684970a1031b152dd40ed775aa177ff38afe0eca217943d,16
week5_dynamic_programming1.pdf,0.4,unclassified,unclassified,False,week5_dynamic_programming1,,,0,,,f801c2982fd12d1a3bdae17ab4f27bea3bb7cab9d5f6389aba93fe0c2d8a9c19,11
welcome.pdf,0.1,unclassified,unclassified,False,welcome,,,0,,,d97a526db94548479103a8989c47913663bf9463405f943bbc874e0053ca7945,1
z85T0LZHQ7-OU9C2RyO_kA_e27ca1e54f8f4308acbc952ca2edf287_Readings---A-Pinch-of-Science-Logistic-Regression-.pdf,0.1,unclassified,unclassified,False,z85T0LZHQ7-OU9C2RyO_kA_e27ca1e54f8f4308acbc952ca2edf287_Readings---A-Pinch-of-Science-Logistic-Regression,,,0,,,e973b5aaf3983e617345ef337303e5ae856ad2067964c774355e126311c80eb0,1
zerototalcirculation.pdf.pdf,0.9,dynamical_systems,low,False,zerototalcirculation.pdf,,,0,,,eb4278966edc5572cd10fd0c8047378dc33919b6c6fea9b8836405ec5b529697,22
zino2019.pdf,0.5,unclassified,unclassified,False,Consensus over Activity Driven Networks,,,0,,,b8ac471150c30fae2d7c17fc3e745cb87b242917704a72e9e21a2dbe7b8302e7,12
zino2020.pdf,0.9,unclassified,unclassified,False,Analysis and control of epidemics in temporal networks with self-excitement and behavioral changes,Lorenzo Zino,,25,fuzzy_dup_451,possible_duplicate,fd5a5dedd8f732af2d442a137771a261fe5fec128ff383e3ef877abc2f99a937,11
zrp_prl_SM.pdf,0.3,unclassified,unclassified,False,zrp_prl_SM,,,0,,,5d5b6ee4a169839eb26970729fce166a7102df75a3b6b6e1922290498fc26067,6
