{
  "total": 14,
  "passed": 13,
  "failed": 1,
  "hit_rate_at_k": 0.9285714285714286,
  "mrr": 0.8487179487179487,
  "ndcg_5": 0.8226987543432857,
  "ndcg_10": 0.8226987543432857,
  "concept_recall": 0.4166666666666667,
  "concept_recall_tests": 3
}
