{
  "test_count": 14,
  "configs": {
    "baseline": {
      "hit_rate": 0.9285714285714286,
      "mrr": 0.8487179487179487,
      "ndcg_5": 0.8226987543432857,
      "concept_recall": 0.4166666666666667,
      "avg_latency_ms": 2913.7967652859516,
      "p99_latency_ms": 2962.4872501216305,
      "passed": 13,
      "total": 14
    },
    "graph": {
      "hit_rate": 0.8571428571428571,
      "mrr": 0.8333333333333334,
      "ndcg_5": 0.7516942153061307,
      "concept_recall": 0.5833333333333334,
      "avg_latency_ms": 14674.951500218802,
      "p99_latency_ms": 28126.749333553453,
      "passed": 12,
      "total": 14
    },
    "full": {
      "hit_rate": 1.0,
      "mrr": 0.8571428571428571,
      "ndcg_5": 0.892305919265589,
      "concept_recall": 0.5,
      "avg_latency_ms": 14375.007213356314,
      "p99_latency_ms": 27976.725142165666,
      "passed": 14,
      "total": 14
    },
    "full-rrf": {
      "hit_rate": 0.9285714285714286,
      "mrr": 0.8012820512820512,
      "ndcg_5": 0.7901147365460608,
      "concept_recall": 0.6666666666666666,
      "avg_latency_ms": 14351.353874433178,
      "p99_latency_ms": 26361.772480042855,
      "passed": 13,
      "total": 14
    }
  }
}