{
  "timestamp": "2026-02-06T17:35:39",
  "search_function": "search_hybrid_v2",
  "mode": {
    "domain_filter": true,
    "rerank": false,
    "expand": false
  },
  "golden_entries": 47,
  "metrics": {
    "weighted": {
      "total_queries": 47,
      "valid_queries": 47,
      "errors": 0,
      "hit_rate_at_5": 0.425531914893617,
      "hit_rate_at_10": 0.5319148936170213,
      "mrr": 0.28129010469436,
      "ndcg_at_5": 0.3057633414409773,
      "ndcg_at_10": 0.3402633471787814,
      "avg_latency_ms": 12643.087840638125
    },
    "rrf": {
      "total_queries": 47,
      "valid_queries": 47,
      "errors": 0,
      "hit_rate_at_5": 0.40425531914893614,
      "hit_rate_at_10": 0.48936170212765956,
      "mrr": 0.2506501182033097,
      "ndcg_at_5": 0.28035234692995104,
      "ndcg_at_10": 0.30745302895594495,
      "avg_latency_ms": 12807.326052127037
    }
  },
  "domain_metrics": {
    "weighted": {
      "causal_inference": {
        "total_queries": 17,
        "valid_queries": 17,
        "errors": 0,
        "hit_rate_at_5": 0.4117647058823529,
        "hit_rate_at_10": 0.5294117647058824,
        "mrr": 0.2691176470588235,
        "ndcg_at_5": 0.2910858305223172,
        "ndcg_at_10": 0.3305959519278319,
        "avg_latency_ms": 24362.7642825869
      },
      "interview_prep": {
        "total_queries": 10,
        "valid_queries": 10,
        "errors": 0,
        "hit_rate_at_5": 0.2,
        "hit_rate_at_10": 0.3,
        "mrr": 0.13428571428571429,
        "ndcg_at_5": 0.13868528072345415,
        "ndcg_at_10": 0.17201861405678748,
        "avg_latency_ms": 2010.4436039997381
      },
      "rag_llm": {
        "total_queries": 10,
        "valid_queries": 10,
        "errors": 0,
        "hit_rate_at_5": 0.7,
        "hit_rate_at_10": 0.9,
        "mrr": 0.39694444444444443,
        "ndcg_at_5": 0.45355651216119985,
        "ndcg_at_10": 0.5152059994061708,
        "avg_latency_ms": 3485.5377163999947
      },
      "time_series": {
        "total_queries": 10,
        "valid_queries": 10,
        "errors": 0,
        "hit_rate_at_5": 0.4,
        "hit_rate_at_10": 0.4,
        "mrr": 0.33333333333333337,
        "ndcg_at_5": 0.35,
        "ndcg_at_10": 0.35,
        "avg_latency_ms": 12509.832250201725
      }
    },
    "rrf": {
      "causal_inference": {
        "total_queries": 17,
        "valid_queries": 17,
        "errors": 0,
        "hit_rate_at_5": 0.29411764705882354,
        "hit_rate_at_10": 0.47058823529411764,
        "mrr": 0.21405228758169934,
        "ndcg_at_5": 0.2172080038362534,
        "ndcg_at_10": 0.2735766613913113,
        "avg_latency_ms": 24470.60553429251
      },
      "interview_prep": {
        "total_queries": 10,
        "valid_queries": 10,
        "errors": 0,
        "hit_rate_at_5": 0.1,
        "hit_rate_at_10": 0.2,
        "mrr": 0.1125,
        "ndcg_at_5": 0.1,
        "ndcg_at_10": 0.13154648767857288,
        "avg_latency_ms": 2066.369872202631
      },
      "rag_llm": {
        "total_queries": 10,
        "valid_queries": 10,
        "errors": 0,
        "hit_rate_at_5": 0.9,
        "hit_rate_at_10": 0.9,
        "mrr": 0.43166666666666664,
        "ndcg_at_5": 0.5466241679685392,
        "ndcg_at_10": 0.5466241679685392,
        "avg_latency_ms": 3611.94809259905
      },
      "time_series": {
        "total_queries": 10,
        "valid_queries": 10,
        "errors": 0,
        "hit_rate_at_5": 0.4,
        "hit_rate_at_10": 0.4,
        "mrr": 0.27,
        "ndcg_at_5": 0.30177825608059994,
        "ndcg_at_10": 0.30177825608059994,
        "avg_latency_ms": 12916.085071898124
      }
    }
  },
  "verdict": "Weighted wins \u2014 keep current default",
  "rrf_wins": 0,
  "weighted_wins": 6
}