{
  "timestamp": "2026-02-06T18:09:51",
  "search_function": "search_with_expansion + rerank",
  "mode": {
    "domain_filter": true,
    "rerank": true,
    "expand": true
  },
  "golden_entries": 47,
  "metrics": {
    "weighted": {
      "total_queries": 47,
      "valid_queries": 47,
      "errors": 0,
      "hit_rate_at_5": 0.3191489361702128,
      "hit_rate_at_10": 0.48936170212765956,
      "mrr": 0.22210401891252954,
      "ndcg_at_5": 0.2285210381510547,
      "ndcg_at_10": 0.28364180692853075,
      "avg_latency_ms": 6840.180772808108
    },
    "rrf": {
      "total_queries": 47,
      "valid_queries": 47,
      "errors": 0,
      "hit_rate_at_5": 0.2978723404255319,
      "hit_rate_at_10": 0.5319148936170213,
      "mrr": 0.2187858831475853,
      "ndcg_at_5": 0.21470712722929827,
      "ndcg_at_10": 0.28960090542202355,
      "avg_latency_ms": 6779.785879533751
    }
  },
  "domain_metrics": {
    "weighted": {
      "causal_inference": {
        "total_queries": 17,
        "valid_queries": 17,
        "errors": 0,
        "hit_rate_at_5": 0.4117647058823529,
        "hit_rate_at_10": 0.5294117647058824,
        "mrr": 0.3006535947712418,
        "ndcg_at_5": 0.3153737127145168,
        "ndcg_at_10": 0.35403472346581116,
        "avg_latency_ms": 9516.971691705883
      },
      "interview_prep": {
        "total_queries": 10,
        "valid_queries": 10,
        "errors": 0,
        "hit_rate_at_5": 0.1,
        "hit_rate_at_10": 0.2,
        "mrr": 0.11000000000000001,
        "ndcg_at_5": 0.1,
        "ndcg_at_10": 0.12890648263178878,
        "avg_latency_ms": 5478.0278916994575
      },
      "rag_llm": {
        "total_queries": 10,
        "valid_queries": 10,
        "errors": 0,
        "hit_rate_at_5": 0.4,
        "hit_rate_at_10": 0.7,
        "mrr": 0.24361111111111108,
        "ndcg_at_5": 0.25177825608059995,
        "ndcg_at_10": 0.34904846203637313,
        "avg_latency_ms": 3921.6450695996173
      },
      "time_series": {
        "total_queries": 10,
        "valid_queries": 10,
        "errors": 0,
        "hit_rate_at_5": 0.3,
        "hit_rate_at_10": 0.5,
        "mrr": 0.17916666666666667,
        "ndcg_at_5": 0.1861353116146786,
        "ndcg_at_10": 0.2533025180040537,
        "avg_latency_ms": 6570.324794999033
      }
    },
    "rrf": {
      "causal_inference": {
        "total_queries": 17,
        "valid_queries": 17,
        "errors": 0,
        "hit_rate_at_5": 0.35294117647058826,
        "hit_rate_at_10": 0.5882352941176471,
        "mrr": 0.2546451914098973,
        "ndcg_at_5": 0.2539723156063491,
        "ndcg_at_10": 0.3307979269528824,
        "avg_latency_ms": 9185.896170294762
      },
      "interview_prep": {
        "total_queries": 10,
        "valid_queries": 10,
        "errors": 0,
        "hit_rate_at_5": 0.1,
        "hit_rate_at_10": 0.2,
        "mrr": 0.11000000000000001,
        "ndcg_at_5": 0.1,
        "ndcg_at_10": 0.12890648263178878,
        "avg_latency_ms": 5440.807375601435
      },
      "rag_llm": {
        "total_queries": 10,
        "valid_queries": 10,
        "errors": 0,
        "hit_rate_at_5": 0.4,
        "hit_rate_at_10": 0.7,
        "mrr": 0.30873015873015874,
        "ndcg_at_5": 0.3,
        "ndcg_at_10": 0.3990570516105337,
        "avg_latency_ms": 4488.240495102946
      },
      "time_series": {
        "total_queries": 10,
        "valid_queries": 10,
        "errors": 0,
        "hit_rate_at_5": 0.3,
        "hit_rate_at_10": 0.6,
        "mrr": 0.17666666666666667,
        "ndcg_at_5": 0.17737056144690833,
        "ndcg_at_10": 0.2708042454212881,
        "avg_latency_ms": 6319.922273603152
      }
    }
  },
  "verdict": "RRF wins \u2014 consider changing default",
  "rrf_wins": 3,
  "weighted_wins": 3
}